[17:42:51] [main/INFO] [GradleStart]: userProperties: {}
[17:42:51] [main/INFO] [GradleStart]: assetsDir: D:\Java in send\gradle\repository\caches\retro_futura_gradle\assets
[17:42:51] [main/INFO] [GradleStart]: assetIndex: 1.12.2
[17:42:51] [main/INFO] [GradleStart]: version: FML_DEV
[17:42:51] [main/INFO] [GradleStart]: username: Developer
[17:42:51] [main/INFO] [GradleStart]: Extra: [--gameDir, D:\github\mod\OpenFile\run, --uuid, 31c4910d-9b69-4725-8969-9ed53ac8a7dc]
[17:42:51] [main/INFO] [GradleStart]: Found and added coremod: com.cleanroommc.osxnarratorblocker.OSXNarratorBlocker
[17:42:51] [main/INFO] [GradleStart]: Found and added coremod: com.cleanroommc.stripforgereq.StripLatestForgeRequirements
[17:42:51] [main/INFO] [GradleStart]: Found and added coremod: zone.rong.mixinbooter.MixinBooterPlugin
[17:42:51] [main/INFO] [GradleStart]: Found and added cascading tweaker: org.spongepowered.asm.launch.MixinTweaker
[17:42:51] [main/INFO] [GradleStart]: Found and added coremod: appeng.core.AE2ELCore
[17:42:51] [main/INFO] [GradleStart]: Running with arguments: [--userProperties, {}, --assetsDir, D:\Java in send\gradle\repository\caches\retro_futura_gradle\assets, --assetIndex, 1.12.2, --accessToken{REDACTED}, --version, FML_DEV, --username, Developer, --tweakClass, net.minecraftforge.fml.common.launcher.FMLTweaker, --gameDir, D:\github\mod\OpenFile\run, --uuid, 31c4910d-9b69-4725-8969-9ed53ac8a7dc, --tweakClass, org.spongepowered.asm.launch.MixinTweaker, --tweakClass, net.minecraftforge.gradle.tweakers.CoremodTweaker]
[17:42:51] [main/INFO] [LaunchWrapper]: Loading tweak class name net.minecraftforge.fml.common.launcher.FMLTweaker
[17:42:51] [main/INFO] [LaunchWrapper]: Using primary tweak class name net.minecraftforge.fml.common.launcher.FMLTweaker
[17:42:51] [main/INFO] [LaunchWrapper]: Loading tweak class name org.spongepowered.asm.launch.MixinTweaker
[17:42:51] [main/DEBUG] [mixin]: MixinService [LaunchWrapper] was successfully booted in sun.misc.Launcher$AppClassLoader@33909752
[17:42:51] [main/DEBUG] [mixin]: FML platform agent will ignore coremod com.cleanroommc.stripforgereq.StripLatestForgeRequirements specified on the command line
[17:42:51] [main/DEBUG] [mixin]: FML platform agent will ignore coremod com.cleanroommc.osxnarratorblocker.OSXNarratorBlocker specified on the command line
[17:42:51] [main/DEBUG] [mixin]: FML platform agent will ignore coremod appeng.core.AE2ELCore specified on the command line
[17:42:51] [main/DEBUG] [mixin]: FML platform agent will ignore coremod zone.rong.mixinbooter.MixinBooterPlugin specified on the command line
[17:42:51] [main/INFO] [mixin]: SpongePowered MIXIN Subsystem Version=0.8.7 Source=file:/D:/Java%20in%20send/gradle/repository/caches/modules-2/files-2.1/zone.rong/mixinbooter/10.6/1e66c1799f30239386e5f2ed8b25ab2d9063cdb3/mixinbooter-10.6.jar Service=LaunchWrapper Env=CLIENT
[17:42:51] [main/INFO] [mixin]: Attempting to load Hot-Swap agent
[17:42:51] [main/INFO] [mixin]: Attempting to load Fernflower decompiler (Threaded mode)
[17:42:51] [main/INFO] [mixin]: Fernflower could not be loaded, exported classes will not be decompiled. NoClassDefFoundError: org/jetbrains/java/decompiler/main/extern/IResultSaver
[17:42:51] [main/DEBUG] [mixin]: Adding new mixin transformer proxy #1
[17:42:51] [main/DEBUG] [mixin]: Initialising Mixin Platform Manager
[17:42:51] [main/DEBUG] [mixin]: Adding mixin platform agents for container ContainerHandleURI(file:/D:/Java%20in%20send/gradle/repository/caches/modules-2/files-2.1/zone.rong/mixinbooter/10.6/1e66c1799f30239386e5f2ed8b25ab2d9063cdb3/mixinbooter-10.6.jar)
[17:42:51] [main/DEBUG] [mixin]: Instancing new MixinPlatformAgentFMLLegacy for ContainerHandleURI(file:/D:/Java%20in%20send/gradle/repository/caches/modules-2/files-2.1/zone.rong/mixinbooter/10.6/1e66c1799f30239386e5f2ed8b25ab2d9063cdb3/mixinbooter-10.6.jar)
[17:42:51] [main/DEBUG] [mixin]: mixinbooter-10.6.jar has core plugin zone.rong.mixinbooter.MixinBooterPlugin. Skipping because it was already injected.
[17:42:51] [main/DEBUG] [mixin]: MixinPlatformAgentFMLLegacy rejected container ContainerHandleURI(file:/D:/Java%20in%20send/gradle/repository/caches/modules-2/files-2.1/zone.rong/mixinbooter/10.6/1e66c1799f30239386e5f2ed8b25ab2d9063cdb3/mixinbooter-10.6.jar)
[17:42:51] [main/DEBUG] [mixin]: Instancing new MixinPlatformAgentLiteLoaderLegacy for ContainerHandleURI(file:/D:/Java%20in%20send/gradle/repository/caches/modules-2/files-2.1/zone.rong/mixinbooter/10.6/1e66c1799f30239386e5f2ed8b25ab2d9063cdb3/mixinbooter-10.6.jar)
[17:42:51] [main/DEBUG] [mixin]: MixinPlatformAgentLiteLoaderLegacy rejected container ContainerHandleURI(file:/D:/Java%20in%20send/gradle/repository/caches/modules-2/files-2.1/zone.rong/mixinbooter/10.6/1e66c1799f30239386e5f2ed8b25ab2d9063cdb3/mixinbooter-10.6.jar)
[17:42:51] [main/DEBUG] [mixin]: Instancing new MixinPlatformAgentDefault for ContainerHandleURI(file:/D:/Java%20in%20send/gradle/repository/caches/modules-2/files-2.1/zone.rong/mixinbooter/10.6/1e66c1799f30239386e5f2ed8b25ab2d9063cdb3/mixinbooter-10.6.jar)
[17:42:51] [main/DEBUG] [mixin]: MixinPlatformAgentDefault accepted container ContainerHandleURI(file:/D:/Java%20in%20send/gradle/repository/caches/modules-2/files-2.1/zone.rong/mixinbooter/10.6/1e66c1799f30239386e5f2ed8b25ab2d9063cdb3/mixinbooter-10.6.jar)
[17:42:51] [main/DEBUG] [org.spongepowered.asm.service.mojang.MixinServiceLaunchWrapper]: Scanning file:/D:/Java%20in%20send/gradle/repository/caches/modules-2/files-2.1/org.lwjgl.lwjgl/lwjgl/2.9.4-nightly-20150209/697517568c68e78ae0b4544145af031c81082dfe/lwjgl-2.9.4-nightly-20150209.jar for mixin tweaker
[17:42:51] [main/DEBUG] [org.spongepowered.asm.service.mojang.MixinServiceLaunchWrapper]: Scanning file:/D:/Java%20in%20send/gradle/repository/caches/modules-2/files-2.1/org.lwjgl.lwjgl/lwjgl_util/2.9.4-nightly-20150209/d51a7c040a721d13efdfbd34f8b257b2df882ad0/lwjgl_util-2.9.4-nightly-20150209.jar for mixin tweaker
[17:42:51] [main/DEBUG] [org.spongepowered.asm.service.mojang.MixinServiceLaunchWrapper]: Scanning file:/D:/Java%20in%20send/gradle/repository/caches/modules-2/files-2.1/org.lwjgl.lwjgl/lwjgl-platform/2.9.4-nightly-20150209/b84d5102b9dbfabfeb5e43c7e2828d98a7fc80e0/lwjgl-platform-2.9.4-nightly-20150209-natives-windows.jar for mixin tweaker
[17:42:51] [main/DEBUG] [org.spongepowered.asm.service.mojang.MixinServiceLaunchWrapper]: Scanning file:/D:/github/mod/OpenFile/build/rfg/mclauncher-1.12.2.jar for mixin tweaker
[17:42:51] [main/DEBUG] [org.spongepowered.asm.service.mojang.MixinServiceLaunchWrapper]: Scanning file:/D:/github/mod/OpenFile/build/rfg/recompiled_minecraft-1.12.2.jar for mixin tweaker
[17:42:51] [main/DEBUG] [org.spongepowered.asm.service.mojang.MixinServiceLaunchWrapper]: Scanning file:/D:/Java%20in%20send/gradle/repository/caches/modules-2/files-2.1/net.minecraft/launchwrapper/1.12/111e7bea9c968cdb3d06ef4632bf7ff0824d0f36/launchwrapper-1.12.jar for mixin tweaker
[17:42:51] [main/DEBUG] [org.spongepowered.asm.service.mojang.MixinServiceLaunchWrapper]: Scanning file:/D:/Java%20in%20send/gradle/repository/caches/modules-2/files-2.1/com.mojang/authlib/1.5.25/9834cdf236c22e84b946bba989e2f94ef5897c3c/authlib-1.5.25.jar for mixin tweaker
[17:42:51] [main/DEBUG] [org.spongepowered.asm.service.mojang.MixinServiceLaunchWrapper]: Scanning file:/D:/Java%20in%20send/gradle/repository/caches/modules-2/files-2.1/com.google.code.findbugs/jsr305/2.0.1/516c03b21d50a644d538de0f0369c620989cd8f0/jsr305-2.0.1.jar for mixin tweaker
[17:42:51] [main/DEBUG] [org.spongepowered.asm.service.mojang.MixinServiceLaunchWrapper]: Scanning file:/D:/Java%20in%20send/gradle/repository/caches/modules-2/files-2.1/com.typesafe.akka/akka-actor_2.11/2.3.3/ed62e9fc709ca0f2ff1a3220daa8b70a2870078e/akka-actor_2.11-2.3.3.jar for mixin tweaker
[17:42:51] [main/DEBUG] [org.spongepowered.asm.service.mojang.MixinServiceLaunchWrapper]: Scanning file:/D:/Java%20in%20send/gradle/repository/caches/modules-2/files-2.1/com.typesafe/config/1.2.1/f771f71fdae3df231bcd54d5ca2d57f0bf93f467/config-1.2.1.jar for mixin tweaker
[17:42:51] [main/DEBUG] [org.spongepowered.asm.service.mojang.MixinServiceLaunchWrapper]: Scanning file:/D:/Java%20in%20send/gradle/repository/caches/modules-2/files-2.1/org.scala-lang/scala-actors-migration_2.11/1.1.0/dfa8bc42b181d5b9f1a5dd147f8ae308b893eb6f/scala-actors-migration_2.11-1.1.0.jar for mixin tweaker
[17:42:51] [main/DEBUG] [org.spongepowered.asm.service.mojang.MixinServiceLaunchWrapper]: Scanning file:/D:/Java%20in%20send/gradle/repository/caches/modules-2/files-2.1/org.scala-lang/scala-compiler/2.11.5/eb2631e425d240f55ffc060c3262caa4d05d8d1a/scala-compiler-2.11.5.jar for mixin tweaker
[17:42:51] [main/DEBUG] [org.spongepowered.asm.service.mojang.MixinServiceLaunchWrapper]: Scanning file:/D:/Java%20in%20send/gradle/repository/caches/modules-2/files-2.1/org.scala-lang.plugins/scala-continuations-library_2.11/1.0.2/e517c53a7e9acd6b1668c5a35eccbaa3bab9aac/scala-continuations-library_2.11-1.0.2.jar for mixin tweaker
[17:42:51] [main/DEBUG] [org.spongepowered.asm.service.mojang.MixinServiceLaunchWrapper]: Scanning file:/D:/Java%20in%20send/gradle/repository/caches/modules-2/files-2.1/org.scala-lang.plugins/scala-continuations-plugin_2.11.1/1.0.2/f361a3283452c57fa30c1ee69448995de23c60f7/scala-continuations-plugin_2.11.1-1.0.2.jar for mixin tweaker
[17:42:51] [main/DEBUG] [org.spongepowered.asm.service.mojang.MixinServiceLaunchWrapper]: Scanning file:/D:/Java%20in%20send/gradle/repository/caches/modules-2/files-2.1/org.scala-lang/scala-library/2.11.5/a5544bb030c5e6c3d81ad116b7dc5024f047df26/scala-library-2.11.5.jar for mixin tweaker
[17:42:51] [main/DEBUG] [org.spongepowered.asm.service.mojang.MixinServiceLaunchWrapper]: Scanning file:/D:/Java%20in%20send/gradle/repository/caches/modules-2/files-2.1/org.scala-lang/scala-parser-combinators_2.11/1.0.1/f05d7345bf5a58924f2837c6c1f4d73a938e1ff0/scala-parser-combinators_2.11-1.0.1.jar for mixin tweaker
[17:42:51] [main/DEBUG] [org.spongepowered.asm.service.mojang.MixinServiceLaunchWrapper]: Scanning file:/D:/Java%20in%20send/gradle/repository/caches/modules-2/files-2.1/org.scala-lang/scala-reflect/2.11.5/69ce65b0f0767c4e5eafaf789fdde7aab78bd9d/scala-reflect-2.11.5.jar for mixin tweaker
[17:42:51] [main/DEBUG] [org.spongepowered.asm.service.mojang.MixinServiceLaunchWrapper]: Scanning file:/D:/Java%20in%20send/gradle/repository/caches/modules-2/files-2.1/org.scala-lang/scala-swing_2.11/1.0.1/b1cdd92bd47b1e1837139c1c53020e86bb9112ae/scala-swing_2.11-1.0.1.jar for mixin tweaker
[17:42:51] [main/DEBUG] [org.spongepowered.asm.service.mojang.MixinServiceLaunchWrapper]: Scanning file:/D:/Java%20in%20send/gradle/repository/caches/modules-2/files-2.1/org.scala-lang/scala-xml_2.11/1.0.2/7a80ec00aec122fba7cd4e0d4cdd87ff7e4cb6d0/scala-xml_2.11-1.0.2.jar for mixin tweaker
[17:42:51] [main/DEBUG] [org.spongepowered.asm.service.mojang.MixinServiceLaunchWrapper]: Scanning file:/D:/Java%20in%20send/gradle/repository/caches/modules-2/files-2.1/lzma/lzma/0.0.1/521616dc7487b42bef0e803bd2fa3faf668101d7/lzma-0.0.1.jar for mixin tweaker
[17:42:51] [main/DEBUG] [org.spongepowered.asm.service.mojang.MixinServiceLaunchWrapper]: Scanning file:/D:/Java%20in%20send/gradle/repository/caches/modules-2/files-2.1/org.ow2.asm/asm-debug-all/5.2/3354e11e2b34215f06dab629ab88e06aca477c19/asm-debug-all-5.2.jar for mixin tweaker
[17:42:51] [main/DEBUG] [org.spongepowered.asm.service.mojang.MixinServiceLaunchWrapper]: Scanning file:/D:/Java%20in%20send/gradle/repository/caches/modules-2/files-2.1/org.jline/jline/3.5.1/51800e9d7a13608894a5a28eed0f5c7fa2f300fb/jline-3.5.1.jar for mixin tweaker
[17:42:51] [main/DEBUG] [org.spongepowered.asm.service.mojang.MixinServiceLaunchWrapper]: Scanning file:/D:/Java%20in%20send/gradle/repository/caches/modules-2/files-2.1/java3d/vecmath/1.5.2/79846ba34cbd89e2422d74d53752f993dcc2ccaf/vecmath-1.5.2.jar for mixin tweaker
[17:42:51] [main/DEBUG] [org.spongepowered.asm.service.mojang.MixinServiceLaunchWrapper]: Scanning file:/D:/Java%20in%20send/gradle/repository/caches/modules-2/files-2.1/net.sf.trove4j/trove4j/3.0.3/42ccaf4761f0dfdfa805c9e340d99a755907e2dd/trove4j-3.0.3.jar for mixin tweaker
[17:42:51] [main/DEBUG] [org.spongepowered.asm.service.mojang.MixinServiceLaunchWrapper]: Scanning file:/D:/Java%20in%20send/gradle/repository/caches/modules-2/files-2.1/org.apache.maven/maven-artifact/3.5.3/7dc72b6d6d8a6dced3d294ed54c2cc3515ade9f4/maven-artifact-3.5.3.jar for mixin tweaker
[17:42:51] [main/DEBUG] [org.spongepowered.asm.service.mojang.MixinServiceLaunchWrapper]: Scanning file:/D:/Java%20in%20send/gradle/repository/caches/modules-2/files-2.1/com.paulscode/codecjorbis/20101023/c73b5636faf089d9f00e8732a829577de25237ee/codecjorbis-20101023.jar for mixin tweaker
[17:42:51] [main/DEBUG] [org.spongepowered.asm.service.mojang.MixinServiceLaunchWrapper]: Scanning file:/D:/Java%20in%20send/gradle/repository/caches/modules-2/files-2.1/com.paulscode/codecwav/20101023/12f031cfe88fef5c1dd36c563c0a3a69bd7261da/codecwav-20101023.jar for mixin tweaker
[17:42:51] [main/DEBUG] [org.spongepowered.asm.service.mojang.MixinServiceLaunchWrapper]: Scanning file:/D:/Java%20in%20send/gradle/repository/caches/modules-2/files-2.1/com.paulscode/libraryjavasound/20101123/5c5e304366f75f9eaa2e8cca546a1fb6109348b3/libraryjavasound-20101123.jar for mixin tweaker
[17:42:51] [main/DEBUG] [org.spongepowered.asm.service.mojang.MixinServiceLaunchWrapper]: Scanning file:/D:/Java%20in%20send/gradle/repository/caches/modules-2/files-2.1/com.paulscode/librarylwjglopenal/20100824/73e80d0794c39665aec3f62eee88ca91676674ef/librarylwjglopenal-20100824.jar for mixin tweaker
[17:42:51] [main/DEBUG] [org.spongepowered.asm.service.mojang.MixinServiceLaunchWrapper]: Scanning file:/D:/Java%20in%20send/gradle/repository/caches/modules-2/files-2.1/com.paulscode/soundsystem/20120107/419c05fe9be71f792b2d76cfc9b67f1ed0fec7f6/soundsystem-20120107.jar for mixin tweaker
[17:42:51] [main/DEBUG] [org.spongepowered.asm.service.mojang.MixinServiceLaunchWrapper]: Scanning file:/D:/Java%20in%20send/gradle/repository/caches/modules-2/files-2.1/com.mojang/patchy/1.3.9/eb8bb7b66fa0e2152b1b40b3856e82f7619439ee/patchy-1.3.9.jar for mixin tweaker
[17:42:51] [main/DEBUG] [org.spongepowered.asm.service.mojang.MixinServiceLaunchWrapper]: Scanning file:/D:/Java%20in%20send/gradle/repository/caches/modules-2/files-2.1/oshi-project/oshi-core/1.1/9ddf7b048a8d701be231c0f4f95fd986198fd2d8/oshi-core-1.1.jar for mixin tweaker
[17:42:51] [main/DEBUG] [org.spongepowered.asm.service.mojang.MixinServiceLaunchWrapper]: Scanning file:/D:/Java%20in%20send/gradle/repository/caches/modules-2/files-2.1/com.mojang/text2speech/1.10.3/48fd510879dff266c3815947de66e3d4809f8668/text2speech-1.10.3.jar for mixin tweaker
[17:42:51] [main/DEBUG] [org.spongepowered.asm.service.mojang.MixinServiceLaunchWrapper]: Scanning file:/D:/Java%20in%20send/gradle/repository/caches/modules-2/files-2.1/com.mojang/text2speech/1.10.3/84a4b856389cc4f485275b1f63497a95a857a443/text2speech-1.10.3-natives-windows.jar for mixin tweaker
[17:42:51] [main/DEBUG] [org.spongepowered.asm.service.mojang.MixinServiceLaunchWrapper]: Scanning file:/D:/Java%20in%20send/gradle/repository/caches/modules-2/files-2.1/ca.weblite/java-objc-bridge/1.0.0/6ef160c3133a78de015830860197602ca1c855d3/java-objc-bridge-1.0.0.jar for mixin tweaker
[17:42:51] [main/DEBUG] [org.spongepowered.asm.service.mojang.MixinServiceLaunchWrapper]: Scanning file:/D:/Java%20in%20send/gradle/repository/caches/modules-2/files-2.1/net.java.dev.jna/jna/4.4.0/cb208278274bf12ebdb56c61bd7407e6f774d65a/jna-4.4.0.jar for mixin tweaker
[17:42:51] [main/DEBUG] [org.spongepowered.asm.service.mojang.MixinServiceLaunchWrapper]: Scanning file:/D:/Java%20in%20send/gradle/repository/caches/modules-2/files-2.1/net.java.dev.jna/platform/3.4.0/e3f70017be8100d3d6923f50b3d2ee17714e9c13/platform-3.4.0.jar for mixin tweaker
[17:42:51] [main/DEBUG] [org.spongepowered.asm.service.mojang.MixinServiceLaunchWrapper]: Scanning file:/D:/Java%20in%20send/gradle/repository/caches/modules-2/files-2.1/com.ibm.icu/icu4j-core-mojang/51.2/63d216a9311cca6be337c1e458e587f99d382b84/icu4j-core-mojang-51.2.jar for mixin tweaker
[17:42:51] [main/DEBUG] [org.spongepowered.asm.service.mojang.MixinServiceLaunchWrapper]: Scanning file:/D:/Java%20in%20send/gradle/repository/caches/modules-2/files-2.1/net.sf.jopt-simple/jopt-simple/5.0.3/cdd846cfc4e0f7eefafc02c0f5dce32b9303aa2a/jopt-simple-5.0.3.jar for mixin tweaker
[17:42:51] [main/DEBUG] [org.spongepowered.asm.service.mojang.MixinServiceLaunchWrapper]: Scanning file:/D:/Java%20in%20send/gradle/repository/caches/modules-2/files-2.1/io.netty/netty-all/4.1.9.Final/97860965d6a0a6b98e7f569f3f966727b8db75/netty-all-4.1.9.Final.jar for mixin tweaker
[17:42:51] [main/DEBUG] [org.spongepowered.asm.service.mojang.MixinServiceLaunchWrapper]: Scanning file:/D:/Java%20in%20send/gradle/repository/caches/modules-2/files-2.1/com.google.guava/guava/21.0/3a3d111be1be1b745edfa7d91678a12d7ed38709/guava-21.0.jar for mixin tweaker
[17:42:51] [main/DEBUG] [org.spongepowered.asm.service.mojang.MixinServiceLaunchWrapper]: Scanning file:/D:/Java%20in%20send/gradle/repository/caches/modules-2/files-2.1/org.apache.commons/commons-lang3/3.5/6c6c702c89bfff3cd9e80b04d668c5e190d588c6/commons-lang3-3.5.jar for mixin tweaker
[17:42:51] [main/DEBUG] [org.spongepowered.asm.service.mojang.MixinServiceLaunchWrapper]: Scanning file:/D:/Java%20in%20send/gradle/repository/caches/modules-2/files-2.1/commons-io/commons-io/2.5/2852e6e05fbb95076fc091f6d1780f1f8fe35e0f/commons-io-2.5.jar for mixin tweaker
[17:42:51] [main/DEBUG] [org.spongepowered.asm.service.mojang.MixinServiceLaunchWrapper]: Scanning file:/D:/Java%20in%20send/gradle/repository/caches/modules-2/files-2.1/com.mojang/realms/1.10.22/bd0dccebdf3744c75f1ca20063f16e8f7d5e663f/realms-1.10.22.jar for mixin tweaker
[17:42:51] [main/DEBUG] [org.spongepowered.asm.service.mojang.MixinServiceLaunchWrapper]: Scanning file:/D:/Java%20in%20send/gradle/repository/caches/modules-2/files-2.1/org.apache.httpcomponents/httpclient/4.3.3/18f4247ff4572a074444572cee34647c43e7c9c7/httpclient-4.3.3.jar for mixin tweaker
[17:42:51] [main/DEBUG] [org.spongepowered.asm.service.mojang.MixinServiceLaunchWrapper]: Scanning file:/D:/Java%20in%20send/gradle/repository/caches/modules-2/files-2.1/commons-codec/commons-codec/1.10/4b95f4897fa13f2cd904aee711aeafc0c5295cd8/commons-codec-1.10.jar for mixin tweaker
[17:42:51] [main/DEBUG] [org.spongepowered.asm.service.mojang.MixinServiceLaunchWrapper]: Scanning file:/D:/Java%20in%20send/gradle/repository/caches/modules-2/files-2.1/com.google.code.gson/gson/2.8.0/c4ba5371a29ac9b2ad6129b1d39ea38750043eff/gson-2.8.0.jar for mixin tweaker
[17:42:51] [main/DEBUG] [org.spongepowered.asm.service.mojang.MixinServiceLaunchWrapper]: Scanning file:/D:/Java%20in%20send/gradle/repository/caches/modules-2/files-2.1/org.apache.commons/commons-compress/1.8.1/a698750c16740fd5b3871425f4cb3bbaa87f529d/commons-compress-1.8.1.jar for mixin tweaker
[17:42:51] [main/DEBUG] [org.spongepowered.asm.service.mojang.MixinServiceLaunchWrapper]: Scanning file:/D:/Java%20in%20send/gradle/repository/caches/modules-2/files-2.1/commons-logging/commons-logging/1.1.3/f6f66e966c70a83ffbdb6f17a0919eaf7c8aca7f/commons-logging-1.1.3.jar for mixin tweaker
[17:42:51] [main/DEBUG] [org.spongepowered.asm.service.mojang.MixinServiceLaunchWrapper]: Scanning file:/D:/Java%20in%20send/gradle/repository/caches/modules-2/files-2.1/org.apache.httpcomponents/httpcore/4.3.2/31fbbff1ddbf98f3aa7377c94d33b0447c646b6e/httpcore-4.3.2.jar for mixin tweaker
[17:42:51] [main/DEBUG] [org.spongepowered.asm.service.mojang.MixinServiceLaunchWrapper]: Scanning file:/D:/Java%20in%20send/gradle/repository/caches/modules-2/files-2.1/it.unimi.dsi/fastutil/7.1.0/9835253257524c1be7ab50c057aa2d418fb72082/fastutil-7.1.0.jar for mixin tweaker
[17:42:51] [main/DEBUG] [org.spongepowered.asm.service.mojang.MixinServiceLaunchWrapper]: Scanning file:/D:/Java%20in%20send/gradle/repository/caches/modules-2/files-2.1/org.apache.logging.log4j/log4j-core/2.17.1/779f60f3844dadc3ef597976fcb1e5127b1f343d/log4j-core-2.17.1.jar for mixin tweaker
[17:42:51] [main/DEBUG] [org.spongepowered.asm.service.mojang.MixinServiceLaunchWrapper]: Scanning file:/D:/Java%20in%20send/gradle/repository/caches/modules-2/files-2.1/org.apache.logging.log4j/log4j-api/2.17.1/d771af8e336e372fb5399c99edabe0919aeaf5b2/log4j-api-2.17.1.jar for mixin tweaker
[17:42:51] [main/DEBUG] [org.spongepowered.asm.service.mojang.MixinServiceLaunchWrapper]: Scanning file:/D:/Java%20in%20send/gradle/repository/caches/modules-2/files-2.1/net.java.jinput/jinput-platform/2.0.5/385ee093e01f587f30ee1c8a2ee7d408fd732e16/jinput-platform-2.0.5-natives-windows.jar for mixin tweaker
[17:42:51] [main/DEBUG] [org.spongepowered.asm.service.mojang.MixinServiceLaunchWrapper]: Scanning file:/D:/Java%20in%20send/gradle/repository/caches/modules-2/files-2.1/org.codehaus.plexus/plexus-utils/3.1.0/60eecb6f15abdb1c653ad80abaac6fe188b3feaa/plexus-utils-3.1.0.jar for mixin tweaker
[17:42:51] [main/DEBUG] [org.spongepowered.asm.service.mojang.MixinServiceLaunchWrapper]: Scanning file:/D:/github/mod/OpenFile/build/libs/open_file-1.0.0-dev.jar for mixin tweaker
[17:42:51] [main/DEBUG] [org.spongepowered.asm.service.mojang.MixinServiceLaunchWrapper]: Scanning file:/D:/Java%20in%20send/gradle/repository/caches/modules-2/files-2.1/com.cleanroommc/osxnarratorblocker/1.0/4dc648d76ec200b3665cc7f73bf71db2f6d79d76/osxnarratorblocker-1.0-dev.jar for mixin tweaker
[17:42:51] [main/DEBUG] [org.spongepowered.asm.service.mojang.MixinServiceLaunchWrapper]: Scanning file:/D:/Java%20in%20send/gradle/repository/caches/modules-2/files-2.1/com.cleanroommc/strip-latest-forge-requirements/1.0/4309fc570383612223406af993ccbaa339c99d81/strip-latest-forge-requirements-1.0-dev.jar for mixin tweaker
[17:42:51] [main/DEBUG] [org.spongepowered.asm.service.mojang.MixinServiceLaunchWrapper]: Scanning file:/D:/Java%20in%20send/gradle/repository/caches/modules-2/files-2.1/zone.rong/mixinbooter/10.6/1e66c1799f30239386e5f2ed8b25ab2d9063cdb3/mixinbooter-10.6.jar for mixin tweaker
[17:42:51] [main/DEBUG] [org.spongepowered.asm.service.mojang.MixinServiceLaunchWrapper]: Scanning file:/D:/Java%20in%20send/gradle/repository/caches/modules-2/files-2.1/mezz/jei/4.31.2/b81f8798d59d526c2a2c5c8d72620c7a5bef5e43/jei-4.31.2-dev.jar for mixin tweaker
[17:42:51] [main/DEBUG] [org.spongepowered.asm.service.mojang.MixinServiceLaunchWrapper]: Scanning file:/D:/Java%20in%20send/gradle/repository/caches/9.2.1/transforms/8de54ae8378eca8321ca23ad8f3e2294/workspace/transformed/ae2-extended-life-570458-6302098-deobf.jar for mixin tweaker
[17:42:51] [main/DEBUG] [mixin]: Adding agents for Mixin Container ContainerHandleURI(file:/D:/Java%20in%20send/gradle/repository/caches/modules-2/files-2.1/zone.rong/mixinbooter/10.6/1e66c1799f30239386e5f2ed8b25ab2d9063cdb3/mixinbooter-10.6.jar)
[17:42:51] [main/INFO] [LaunchWrapper]: Loading tweak class name net.minecraftforge.gradle.tweakers.CoremodTweaker
[17:42:51] [main/INFO] [LaunchWrapper]: Calling tweak class net.minecraftforge.fml.common.launcher.FMLTweaker
[17:42:51] [main/DEBUG] [FML]: Injecting tracing printstreams for STDOUT/STDERR.
[17:42:51] [main/INFO] [FML]: Forge Mod Loader version 14.23.5.2847 for Minecraft 1.12.2 loading
[17:42:51] [main/INFO] [FML]: Java is OpenJDK 64-Bit Server VM, version 1.8.0_492, running on Windows 11:amd64:10.0, installed at D:\Java in send\gradle\repository\jdks\azul_systems__inc_-8-amd64-windows.2\jre
[17:42:51] [main/DEBUG] [FML]: Java classpath at launch is:
[17:42:51] [main/DEBUG] [FML]:     D:\Java in send\gradle\repository\caches\modules-2\files-2.1\org.lwjgl.lwjgl\lwjgl\2.9.4-nightly-20150209\697517568c68e78ae0b4544145af031c81082dfe\lwjgl-2.9.4-nightly-20150209.jar
[17:42:51] [main/DEBUG] [FML]:     D:\Java in send\gradle\repository\caches\modules-2\files-2.1\org.lwjgl.lwjgl\lwjgl_util\2.9.4-nightly-20150209\d51a7c040a721d13efdfbd34f8b257b2df882ad0\lwjgl_util-2.9.4-nightly-20150209.jar
[17:42:51] [main/DEBUG] [FML]:     D:\Java in send\gradle\repository\caches\modules-2\files-2.1\org.lwjgl.lwjgl\lwjgl-platform\2.9.4-nightly-20150209\b84d5102b9dbfabfeb5e43c7e2828d98a7fc80e0\lwjgl-platform-2.9.4-nightly-20150209-natives-windows.jar
[17:42:51] [main/DEBUG] [FML]:     D:\github\mod\OpenFile\build\rfg\mclauncher-1.12.2.jar
[17:42:51] [main/DEBUG] [FML]:     D:\github\mod\OpenFile\build\rfg\recompiled_minecraft-1.12.2.jar
[17:42:51] [main/DEBUG] [FML]:     D:\Java in send\gradle\repository\caches\modules-2\files-2.1\net.minecraft\launchwrapper\1.12\111e7bea9c968cdb3d06ef4632bf7ff0824d0f36\launchwrapper-1.12.jar
[17:42:51] [main/DEBUG] [FML]:     D:\Java in send\gradle\repository\caches\modules-2\files-2.1\com.mojang\authlib\1.5.25\9834cdf236c22e84b946bba989e2f94ef5897c3c\authlib-1.5.25.jar
[17:42:51] [main/DEBUG] [FML]:     D:\Java in send\gradle\repository\caches\modules-2\files-2.1\com.google.code.findbugs\jsr305\2.0.1\516c03b21d50a644d538de0f0369c620989cd8f0\jsr305-2.0.1.jar
[17:42:51] [main/DEBUG] [FML]:     D:\Java in send\gradle\repository\caches\modules-2\files-2.1\com.typesafe.akka\akka-actor_2.11\2.3.3\ed62e9fc709ca0f2ff1a3220daa8b70a2870078e\akka-actor_2.11-2.3.3.jar
[17:42:51] [main/DEBUG] [FML]:     D:\Java in send\gradle\repository\caches\modules-2\files-2.1\com.typesafe\config\1.2.1\f771f71fdae3df231bcd54d5ca2d57f0bf93f467\config-1.2.1.jar
[17:42:51] [main/DEBUG] [FML]:     D:\Java in send\gradle\repository\caches\modules-2\files-2.1\org.scala-lang\scala-actors-migration_2.11\1.1.0\dfa8bc42b181d5b9f1a5dd147f8ae308b893eb6f\scala-actors-migration_2.11-1.1.0.jar
[17:42:51] [main/DEBUG] [FML]:     D:\Java in send\gradle\repository\caches\modules-2\files-2.1\org.scala-lang\scala-compiler\2.11.5\eb2631e425d240f55ffc060c3262caa4d05d8d1a\scala-compiler-2.11.5.jar
[17:42:51] [main/DEBUG] [FML]:     D:\Java in send\gradle\repository\caches\modules-2\files-2.1\org.scala-lang.plugins\scala-continuations-library_2.11\1.0.2\e517c53a7e9acd6b1668c5a35eccbaa3bab9aac\scala-continuations-library_2.11-1.0.2.jar
[17:42:51] [main/DEBUG] [FML]:     D:\Java in send\gradle\repository\caches\modules-2\files-2.1\org.scala-lang.plugins\scala-continuations-plugin_2.11.1\1.0.2\f361a3283452c57fa30c1ee69448995de23c60f7\scala-continuations-plugin_2.11.1-1.0.2.jar
[17:42:51] [main/DEBUG] [FML]:     D:\Java in send\gradle\repository\caches\modules-2\files-2.1\org.scala-lang\scala-library\2.11.5\a5544bb030c5e6c3d81ad116b7dc5024f047df26\scala-library-2.11.5.jar
[17:42:51] [main/DEBUG] [FML]:     D:\Java in send\gradle\repository\caches\modules-2\files-2.1\org.scala-lang\scala-parser-combinators_2.11\1.0.1\f05d7345bf5a58924f2837c6c1f4d73a938e1ff0\scala-parser-combinators_2.11-1.0.1.jar
[17:42:51] [main/DEBUG] [FML]:     D:\Java in send\gradle\repository\caches\modules-2\files-2.1\org.scala-lang\scala-reflect\2.11.5\69ce65b0f0767c4e5eafaf789fdde7aab78bd9d\scala-reflect-2.11.5.jar
[17:42:51] [main/DEBUG] [FML]:     D:\Java in send\gradle\repository\caches\modules-2\files-2.1\org.scala-lang\scala-swing_2.11\1.0.1\b1cdd92bd47b1e1837139c1c53020e86bb9112ae\scala-swing_2.11-1.0.1.jar
[17:42:51] [main/DEBUG] [FML]:     D:\Java in send\gradle\repository\caches\modules-2\files-2.1\org.scala-lang\scala-xml_2.11\1.0.2\7a80ec00aec122fba7cd4e0d4cdd87ff7e4cb6d0\scala-xml_2.11-1.0.2.jar
[17:42:51] [main/DEBUG] [FML]:     D:\Java in send\gradle\repository\caches\modules-2\files-2.1\lzma\lzma\0.0.1\521616dc7487b42bef0e803bd2fa3faf668101d7\lzma-0.0.1.jar
[17:42:51] [main/DEBUG] [FML]:     D:\Java in send\gradle\repository\caches\modules-2\files-2.1\org.ow2.asm\asm-debug-all\5.2\3354e11e2b34215f06dab629ab88e06aca477c19\asm-debug-all-5.2.jar
[17:42:51] [main/DEBUG] [FML]:     D:\Java in send\gradle\repository\caches\modules-2\files-2.1\org.jline\jline\3.5.1\51800e9d7a13608894a5a28eed0f5c7fa2f300fb\jline-3.5.1.jar
[17:42:51] [main/DEBUG] [FML]:     D:\Java in send\gradle\repository\caches\modules-2\files-2.1\java3d\vecmath\1.5.2\79846ba34cbd89e2422d74d53752f993dcc2ccaf\vecmath-1.5.2.jar
[17:42:51] [main/DEBUG] [FML]:     D:\Java in send\gradle\repository\caches\modules-2\files-2.1\net.sf.trove4j\trove4j\3.0.3\42ccaf4761f0dfdfa805c9e340d99a755907e2dd\trove4j-3.0.3.jar
[17:42:51] [main/DEBUG] [FML]:     D:\Java in send\gradle\repository\caches\modules-2\files-2.1\org.apache.maven\maven-artifact\3.5.3\7dc72b6d6d8a6dced3d294ed54c2cc3515ade9f4\maven-artifact-3.5.3.jar
[17:42:51] [main/DEBUG] [FML]:     D:\Java in send\gradle\repository\caches\modules-2\files-2.1\com.paulscode\codecjorbis\20101023\c73b5636faf089d9f00e8732a829577de25237ee\codecjorbis-20101023.jar
[17:42:51] [main/DEBUG] [FML]:     D:\Java in send\gradle\repository\caches\modules-2\files-2.1\com.paulscode\codecwav\20101023\12f031cfe88fef5c1dd36c563c0a3a69bd7261da\codecwav-20101023.jar
[17:42:51] [main/DEBUG] [FML]:     D:\Java in send\gradle\repository\caches\modules-2\files-2.1\com.paulscode\libraryjavasound\20101123\5c5e304366f75f9eaa2e8cca546a1fb6109348b3\libraryjavasound-20101123.jar
[17:42:51] [main/DEBUG] [FML]:     D:\Java in send\gradle\repository\caches\modules-2\files-2.1\com.paulscode\librarylwjglopenal\20100824\73e80d0794c39665aec3f62eee88ca91676674ef\librarylwjglopenal-20100824.jar
[17:42:51] [main/DEBUG] [FML]:     D:\Java in send\gradle\repository\caches\modules-2\files-2.1\com.paulscode\soundsystem\20120107\419c05fe9be71f792b2d76cfc9b67f1ed0fec7f6\soundsystem-20120107.jar
[17:42:51] [main/DEBUG] [FML]:     D:\Java in send\gradle\repository\caches\modules-2\files-2.1\com.mojang\patchy\1.3.9\eb8bb7b66fa0e2152b1b40b3856e82f7619439ee\patchy-1.3.9.jar
[17:42:51] [main/DEBUG] [FML]:     D:\Java in send\gradle\repository\caches\modules-2\files-2.1\oshi-project\oshi-core\1.1\9ddf7b048a8d701be231c0f4f95fd986198fd2d8\oshi-core-1.1.jar
[17:42:51] [main/DEBUG] [FML]:     D:\Java in send\gradle\repository\caches\modules-2\files-2.1\com.mojang\text2speech\1.10.3\48fd510879dff266c3815947de66e3d4809f8668\text2speech-1.10.3.jar
[17:42:51] [main/DEBUG] [FML]:     D:\Java in send\gradle\repository\caches\modules-2\files-2.1\com.mojang\text2speech\1.10.3\84a4b856389cc4f485275b1f63497a95a857a443\text2speech-1.10.3-natives-windows.jar
[17:42:51] [main/DEBUG] [FML]:     D:\Java in send\gradle\repository\caches\modules-2\files-2.1\ca.weblite\java-objc-bridge\1.0.0\6ef160c3133a78de015830860197602ca1c855d3\java-objc-bridge-1.0.0.jar
[17:42:51] [main/DEBUG] [FML]:     D:\Java in send\gradle\repository\caches\modules-2\files-2.1\net.java.dev.jna\jna\4.4.0\cb208278274bf12ebdb56c61bd7407e6f774d65a\jna-4.4.0.jar
[17:42:51] [main/DEBUG] [FML]:     D:\Java in send\gradle\repository\caches\modules-2\files-2.1\net.java.dev.jna\platform\3.4.0\e3f70017be8100d3d6923f50b3d2ee17714e9c13\platform-3.4.0.jar
[17:42:51] [main/DEBUG] [FML]:     D:\Java in send\gradle\repository\caches\modules-2\files-2.1\com.ibm.icu\icu4j-core-mojang\51.2\63d216a9311cca6be337c1e458e587f99d382b84\icu4j-core-mojang-51.2.jar
[17:42:51] [main/DEBUG] [FML]:     D:\Java in send\gradle\repository\caches\modules-2\files-2.1\net.sf.jopt-simple\jopt-simple\5.0.3\cdd846cfc4e0f7eefafc02c0f5dce32b9303aa2a\jopt-simple-5.0.3.jar
[17:42:51] [main/DEBUG] [FML]:     D:\Java in send\gradle\repository\caches\modules-2\files-2.1\io.netty\netty-all\4.1.9.Final\97860965d6a0a6b98e7f569f3f966727b8db75\netty-all-4.1.9.Final.jar
[17:42:51] [main/DEBUG] [FML]:     D:\Java in send\gradle\repository\caches\modules-2\files-2.1\com.google.guava\guava\21.0\3a3d111be1be1b745edfa7d91678a12d7ed38709\guava-21.0.jar
[17:42:51] [main/DEBUG] [FML]:     D:\Java in send\gradle\repository\caches\modules-2\files-2.1\org.apache.commons\commons-lang3\3.5\6c6c702c89bfff3cd9e80b04d668c5e190d588c6\commons-lang3-3.5.jar
[17:42:51] [main/DEBUG] [FML]:     D:\Java in send\gradle\repository\caches\modules-2\files-2.1\commons-io\commons-io\2.5\2852e6e05fbb95076fc091f6d1780f1f8fe35e0f\commons-io-2.5.jar
[17:42:51] [main/DEBUG] [FML]:     D:\Java in send\gradle\repository\caches\modules-2\files-2.1\com.mojang\realms\1.10.22\bd0dccebdf3744c75f1ca20063f16e8f7d5e663f\realms-1.10.22.jar
[17:42:51] [main/DEBUG] [FML]:     D:\Java in send\gradle\repository\caches\modules-2\files-2.1\org.apache.httpcomponents\httpclient\4.3.3\18f4247ff4572a074444572cee34647c43e7c9c7\httpclient-4.3.3.jar
[17:42:51] [main/DEBUG] [FML]:     D:\Java in send\gradle\repository\caches\modules-2\files-2.1\commons-codec\commons-codec\1.10\4b95f4897fa13f2cd904aee711aeafc0c5295cd8\commons-codec-1.10.jar
[17:42:51] [main/DEBUG] [FML]:     D:\Java in send\gradle\repository\caches\modules-2\files-2.1\com.google.code.gson\gson\2.8.0\c4ba5371a29ac9b2ad6129b1d39ea38750043eff\gson-2.8.0.jar
[17:42:51] [main/DEBUG] [FML]:     D:\Java in send\gradle\repository\caches\modules-2\files-2.1\org.apache.commons\commons-compress\1.8.1\a698750c16740fd5b3871425f4cb3bbaa87f529d\commons-compress-1.8.1.jar
[17:42:51] [main/DEBUG] [FML]:     D:\Java in send\gradle\repository\caches\modules-2\files-2.1\commons-logging\commons-logging\1.1.3\f6f66e966c70a83ffbdb6f17a0919eaf7c8aca7f\commons-logging-1.1.3.jar
[17:42:51] [main/DEBUG] [FML]:     D:\Java in send\gradle\repository\caches\modules-2\files-2.1\org.apache.httpcomponents\httpcore\4.3.2\31fbbff1ddbf98f3aa7377c94d33b0447c646b6e\httpcore-4.3.2.jar
[17:42:51] [main/DEBUG] [FML]:     D:\Java in send\gradle\repository\caches\modules-2\files-2.1\it.unimi.dsi\fastutil\7.1.0\9835253257524c1be7ab50c057aa2d418fb72082\fastutil-7.1.0.jar
[17:42:51] [main/DEBUG] [FML]:     D:\Java in send\gradle\repository\caches\modules-2\files-2.1\org.apache.logging.log4j\log4j-core\2.17.1\779f60f3844dadc3ef597976fcb1e5127b1f343d\log4j-core-2.17.1.jar
[17:42:51] [main/DEBUG] [FML]:     D:\Java in send\gradle\repository\caches\modules-2\files-2.1\org.apache.logging.log4j\log4j-api\2.17.1\d771af8e336e372fb5399c99edabe0919aeaf5b2\log4j-api-2.17.1.jar
[17:42:51] [main/DEBUG] [FML]:     D:\Java in send\gradle\repository\caches\modules-2\files-2.1\net.java.jinput\jinput-platform\2.0.5\385ee093e01f587f30ee1c8a2ee7d408fd732e16\jinput-platform-2.0.5-natives-windows.jar
[17:42:51] [main/DEBUG] [FML]:     D:\Java in send\gradle\repository\caches\modules-2\files-2.1\org.codehaus.plexus\plexus-utils\3.1.0\60eecb6f15abdb1c653ad80abaac6fe188b3feaa\plexus-utils-3.1.0.jar
[17:42:51] [main/DEBUG] [FML]:     D:\github\mod\OpenFile\build\libs\open_file-1.0.0-dev.jar
[17:42:51] [main/DEBUG] [FML]:     D:\Java in send\gradle\repository\caches\modules-2\files-2.1\com.cleanroommc\osxnarratorblocker\1.0\4dc648d76ec200b3665cc7f73bf71db2f6d79d76\osxnarratorblocker-1.0-dev.jar
[17:42:51] [main/DEBUG] [FML]:     D:\Java in send\gradle\repository\caches\modules-2\files-2.1\com.cleanroommc\strip-latest-forge-requirements\1.0\4309fc570383612223406af993ccbaa339c99d81\strip-latest-forge-requirements-1.0-dev.jar
[17:42:51] [main/DEBUG] [FML]:     D:\Java in send\gradle\repository\caches\modules-2\files-2.1\zone.rong\mixinbooter\10.6\1e66c1799f30239386e5f2ed8b25ab2d9063cdb3\mixinbooter-10.6.jar
[17:42:51] [main/DEBUG] [FML]:     D:\Java in send\gradle\repository\caches\modules-2\files-2.1\mezz\jei\4.31.2\b81f8798d59d526c2a2c5c8d72620c7a5bef5e43\jei-4.31.2-dev.jar
[17:42:51] [main/DEBUG] [FML]:     D:\Java in send\gradle\repository\caches\9.2.1\transforms\8de54ae8378eca8321ca23ad8f3e2294\workspace\transformed\ae2-extended-life-570458-6302098-deobf.jar
[17:42:51] [main/DEBUG] [FML]: Java library path at launch is:
[17:42:51] [main/DEBUG] [FML]:     D:\github\mod\OpenFile\run\natives\lwjgl2
[17:42:51] [main/DEBUG] [FML]:     C:\Program Files\Java\jdk-25\bin
[17:42:51] [main/DEBUG] [FML]:     C:\WINDOWS\Sun\Java\bin
[17:42:51] [main/DEBUG] [FML]:     C:\WINDOWS\system32
[17:42:51] [main/DEBUG] [FML]:     C:\WINDOWS
[17:42:51] [main/DEBUG] [FML]:     C:\Program Files\BellSoft\LibericaJRE-17\bin\
[17:42:51] [main/DEBUG] [FML]:     C:\Program Files\BellSoft\LibericaJDK-11-Full\bin\
[17:42:51] [main/DEBUG] [FML]:     C:\Program Files\BellSoft\LibericaJRE-11\bin\
[17:42:51] [main/DEBUG] [FML]:     C:\Program Files\BellSoft\LibericaJDK-11\bin\
[17:42:51] [main/DEBUG] [FML]:     C:\Program Files\Common Files\Oracle\Java\javapath
[17:42:51] [main/DEBUG] [FML]:     C:\Program Files (x86)\Common Files\Oracle\Java\java8path
[17:42:51] [main/DEBUG] [FML]:     C:\Program Files (x86)\Common Files\Oracle\Java\javapath
[17:42:51] [main/DEBUG] [FML]:     C:\Windows\system32
[17:42:51] [main/DEBUG] [FML]:     C:\Windows
[17:42:51] [main/DEBUG] [FML]:     C:\Windows\System32\Wbem
[17:42:51] [main/DEBUG] [FML]:     C:\Windows\System32\WindowsPowerShell\v1.0\
[17:42:51] [main/DEBUG] [FML]:     C:\Windows\System32\OpenSSH\
[17:42:51] [main/DEBUG] [FML]:     C:\Program Files (x86)\NVIDIA Corporation\PhysX\Common
[17:42:51] [main/DEBUG] [FML]:     C:\Program Files\nodejs\
[17:42:51] [main/DEBUG] [FML]:     C:\Program Files\dotnet\
[17:42:51] [main/DEBUG] [FML]:     C:\WINDOWS\system32
[17:42:51] [main/DEBUG] [FML]:     C:\WINDOWS
[17:42:51] [main/DEBUG] [FML]:     C:\WINDOWS\System32\Wbem
[17:42:51] [main/DEBUG] [FML]:     C:\WINDOWS\System32\WindowsPowerShell\v1.0\
[17:42:51] [main/DEBUG] [FML]:     C:\WINDOWS\System32\OpenSSH\
[17:42:51] [main/DEBUG] [FML]:     C:\Program Files\NVIDIA Corporation\NVIDIA App\NvDLISR
[17:42:51] [main/DEBUG] [FML]:     D:\Git\cmd
[17:42:51] [main/DEBUG] [FML]:     C:\Program Files\Java\jdk-25\bin
[17:42:51] [main/DEBUG] [FML]:     C:\Program Files\Java\jdk-25\jre\bin
[17:42:51] [main/DEBUG] [FML]:     D:\Java in send\gradle\gradle-9.2.1\bin
[17:42:51] [main/DEBUG] [FML]:     C:\Program Files\Java\jdk-25\bin
[17:42:51] [main/DEBUG] [FML]:     C:\Users\Elysia\AppData\Local\Microsoft\WindowsApps
[17:42:51] [main/DEBUG] [FML]:     C:\Program Files\Bandizip\
[17:42:51] [main/DEBUG] [FML]:     C:\Users\Elysia\AppData\Roaming\npm
[17:42:51] [main/DEBUG] [FML]:     C:\Users\Elysia\AppData\Local\Python\bin
[17:42:51] [main/DEBUG] [FML]:     C:\Users\Elysia\AppData\Local\GitHubDesktop\bin
[17:42:51] [main/DEBUG] [FML]:     .
[17:42:51] [main/ERROR] [FML]: Apache Maven library folder was not in the format expected. Using default libraries directory.
[17:42:51] [main/ERROR] [FML]: Full: D:\Java in send\gradle\repository\caches\modules-2\files-2.1\org.apache.maven\maven-artifact\3.5.3\7dc72b6d6d8a6dced3d294ed54c2cc3515ade9f4\maven-artifact-3.5.3.jar
[17:42:51] [main/ERROR] [FML]: Trimmed: d:/java in send/gradle/repository/caches/modules-2/files-2.1/org.apache.maven/maven-artifact/3.5.3/
[17:42:51] [main/DEBUG] [FML]: Determined Minecraft Libraries Root: D:\github\mod\OpenFile\run\libraries
[17:42:51] [main/DEBUG] [FML]: Cleaning up mods folder: D:\github\mod\OpenFile\run\mods
[17:42:51] [main/INFO] [FML]: Managed to load a deobfuscated Minecraft name- we are in a deobfuscated environment. Skipping runtime deobfuscation
[17:42:51] [main/INFO] [FML]: Detected deobfuscated environment, loading log configs for colored console logs.
[17:42:51] [main/DEBUG] [mixin]: Preparing mixins for MixinEnvironment[PREINIT]
[17:42:51] [main/DEBUG] [FML]: Instantiating coremod class FMLCorePlugin
[17:42:51] [main/INFO] [FML]: Ignoring missing certificate for coremod FMLCorePlugin (net.minecraftforge.fml.relauncher.FMLCorePlugin), we are in deobf and it's a forge core plugin
[17:42:51] [main/DEBUG] [FML]: Added access transformer class net.minecraftforge.fml.common.asm.transformers.AccessTransformer to enqueued access transformers
[17:42:51] [main/DEBUG] [FML]: Enqueued coremod FMLCorePlugin
[17:42:51] [main/DEBUG] [FML]: Instantiating coremod class FMLForgePlugin
[17:42:51] [main/INFO] [FML]: Ignoring missing certificate for coremod FMLForgePlugin (net.minecraftforge.classloading.FMLForgePlugin), we are in deobf and it's a forge core plugin
[17:42:51] [main/DEBUG] [FML]: Enqueued coremod FMLForgePlugin
[17:42:51] [main/DEBUG] [FML]: All fundamental core mods are successfully located
[17:42:51] [main/INFO] [FML]: Found a command line coremod : com.cleanroommc.stripforgereq.StripLatestForgeRequirements
[17:42:51] [main/DEBUG] [FML]: Instantiating coremod class StripLatestForgeRequirements
[17:42:52] [main/WARN] [FML]: The coremod com.cleanroommc.stripforgereq.StripLatestForgeRequirements does not have a MCVersion annotation, it may cause issues with this version of Minecraft
[17:42:52] [main/INFO] [FML]: Ignoring missing certificate for coremod StripLatestForgeRequirements (com.cleanroommc.stripforgereq.StripLatestForgeRequirements), as this is probably a dev workspace
[17:42:52] [main/DEBUG] [FML]: Enqueued coremod StripLatestForgeRequirements
[17:42:52] [main/INFO] [FML]: Found a command line coremod : com.cleanroommc.osxnarratorblocker.OSXNarratorBlocker
[17:42:52] [main/DEBUG] [FML]: Instantiating coremod class OSXNarratorBlocker
[17:42:52] [main/WARN] [FML]: The coremod com.cleanroommc.osxnarratorblocker.OSXNarratorBlocker does not have a MCVersion annotation, it may cause issues with this version of Minecraft
[17:42:52] [main/INFO] [FML]: Ignoring missing certificate for coremod OSXNarratorBlocker (com.cleanroommc.osxnarratorblocker.OSXNarratorBlocker), as this is probably a dev workspace
[17:42:52] [main/DEBUG] [FML]: Enqueued coremod OSXNarratorBlocker
[17:42:52] [main/INFO] [FML]: Found a command line coremod : appeng.core.AE2ELCore
[17:42:52] [main/DEBUG] [FML]: Instantiating coremod class AE2ELCore
[17:42:52] [main/TRACE] [FML]: coremod named AE2ELCore is loading
[17:42:52] [main/DEBUG] [FML]: The coremod appeng.core.AE2ELCore requested minecraft version 1.12.2 and minecraft is 1.12.2. It will be loaded.
[17:42:52] [main/INFO] [FML]: Ignoring missing certificate for coremod AE2ELCore (appeng.core.AE2ELCore), as this is probably a dev workspace
[17:42:52] [main/DEBUG] [FML]: Enqueued coremod AE2ELCore
[17:42:52] [main/INFO] [FML]: Found a command line coremod : zone.rong.mixinbooter.MixinBooterPlugin
[17:42:52] [main/DEBUG] [FML]: Instantiating coremod class MixinBooterPlugin
[17:42:52] [main/TRACE] [FML]: coremod named MixinBooter is loading
[17:42:52] [main/WARN] [FML]: The coremod zone.rong.mixinbooter.MixinBooterPlugin does not have a MCVersion annotation, it may cause issues with this version of Minecraft
[17:42:52] [main/INFO] [FML]: Ignoring missing certificate for coremod MixinBooter (zone.rong.mixinbooter.MixinBooterPlugin), as this is probably a dev workspace
[17:42:52] [main/INFO] [MixinBooter]: Initializing Mixins...
[17:42:52] [main/INFO] [mixin]: Compatibility level set to JAVA_8
[17:42:52] [main/INFO] [MixinBooter]: Initializing MixinExtras...
[17:42:52] [main/DEBUG] [mixin]: Checking for additional mixins for MixinEnvironment[PREINIT]
[17:42:52] [main/DEBUG] [MixinExtras|Service]: com.llamalad7.mixinextras.service.MixinExtrasServiceImpl(version=0.5.0-rc.1) is taking over from null
[17:42:52] [main/DEBUG] [mixin]: Registering new injector for @Inject with org.spongepowered.asm.mixin.injection.struct.CallbackInjectionInfo
[17:42:52] [main/DEBUG] [mixin]: Registering new injector for @ModifyArg with org.spongepowered.asm.mixin.injection.struct.ModifyArgInjectionInfo
[17:42:52] [main/DEBUG] [mixin]: Registering new injector for @ModifyArgs with org.spongepowered.asm.mixin.injection.struct.ModifyArgsInjectionInfo
[17:42:52] [main/DEBUG] [mixin]: Registering new injector for @Redirect with org.spongepowered.asm.mixin.injection.struct.RedirectInjectionInfo
[17:42:52] [main/DEBUG] [mixin]: Registering new injector for @ModifyVariable with org.spongepowered.asm.mixin.injection.struct.ModifyVariableInjectionInfo
[17:42:52] [main/DEBUG] [mixin]: Registering new injector for @ModifyConstant with org.spongepowered.asm.mixin.injection.struct.ModifyConstantInjectionInfo
[17:42:52] [main/INFO] [MixinBooter]: Gathering present mods...
[17:42:52] [main/INFO] [MixinBooter]: Finished gathering 4 coremods...
[17:42:52] [main/DEBUG] [MixinBooter]: Coremods gathered: open_file, mixinbooter, appliedenergistics2, jei
[17:42:52] [main/DEBUG] [FML]: Enqueued coremod MixinBooter
[17:42:52] [main/DEBUG] [FML]: Discovering coremods
[17:42:52] [main/INFO] [FML]: Searching D:\github\mod\OpenFile\run\mods for mods
[17:42:52] [main/INFO] [LaunchWrapper]: Calling tweak class org.spongepowered.asm.launch.MixinTweaker
[17:42:52] [main/DEBUG] [mixin]: Processing prepare() for PlatformAgent[MixinPlatformAgentDefault:ContainerHandleURI(file:/D:/Java%20in%20send/gradle/repository/caches/modules-2/files-2.1/zone.rong/mixinbooter/10.6/1e66c1799f30239386e5f2ed8b25ab2d9063cdb3/mixinbooter-10.6.jar)]
[17:42:52] [main/DEBUG] [mixin]: Creating FML remapper adapter: org.spongepowered.asm.bridge.RemapperAdapterFML
[17:42:52] [main/INFO] [mixin]: Initialised Mixin FML Remapper Adapter with net.minecraftforge.fml.common.asm.transformers.deobf.FMLDeobfuscatingRemapper@1252b961
[17:42:52] [main/INFO] [mixin]: Initialised Legacy FML Dev Remapper
[17:42:52] [main/DEBUG] [mixin]: Processing launch tasks for PlatformAgent[MixinPlatformAgentDefault:ContainerHandleURI(file:/D:/Java%20in%20send/gradle/repository/caches/modules-2/files-2.1/zone.rong/mixinbooter/10.6/1e66c1799f30239386e5f2ed8b25ab2d9063cdb3/mixinbooter-10.6.jar)]
[17:42:52] [main/DEBUG] [org.spongepowered.asm.service.mojang.MixinServiceLaunchWrapper]: Scanning file:/D:/Java%20in%20send/gradle/repository/caches/modules-2/files-2.1/org.lwjgl.lwjgl/lwjgl/2.9.4-nightly-20150209/697517568c68e78ae0b4544145af031c81082dfe/lwjgl-2.9.4-nightly-20150209.jar for mixin tweaker
[17:42:52] [main/DEBUG] [org.spongepowered.asm.service.mojang.MixinServiceLaunchWrapper]: Scanning file:/D:/Java%20in%20send/gradle/repository/caches/modules-2/files-2.1/org.lwjgl.lwjgl/lwjgl_util/2.9.4-nightly-20150209/d51a7c040a721d13efdfbd34f8b257b2df882ad0/lwjgl_util-2.9.4-nightly-20150209.jar for mixin tweaker
[17:42:52] [main/DEBUG] [org.spongepowered.asm.service.mojang.MixinServiceLaunchWrapper]: Scanning file:/D:/Java%20in%20send/gradle/repository/caches/modules-2/files-2.1/org.lwjgl.lwjgl/lwjgl-platform/2.9.4-nightly-20150209/b84d5102b9dbfabfeb5e43c7e2828d98a7fc80e0/lwjgl-platform-2.9.4-nightly-20150209-natives-windows.jar for mixin tweaker
[17:42:52] [main/DEBUG] [org.spongepowered.asm.service.mojang.MixinServiceLaunchWrapper]: Scanning file:/D:/github/mod/OpenFile/build/rfg/mclauncher-1.12.2.jar for mixin tweaker
[17:42:52] [main/DEBUG] [org.spongepowered.asm.service.mojang.MixinServiceLaunchWrapper]: Scanning file:/D:/github/mod/OpenFile/build/rfg/recompiled_minecraft-1.12.2.jar for mixin tweaker
[17:42:52] [main/DEBUG] [org.spongepowered.asm.service.mojang.MixinServiceLaunchWrapper]: Scanning file:/D:/Java%20in%20send/gradle/repository/caches/modules-2/files-2.1/net.minecraft/launchwrapper/1.12/111e7bea9c968cdb3d06ef4632bf7ff0824d0f36/launchwrapper-1.12.jar for mixin tweaker
[17:42:52] [main/DEBUG] [org.spongepowered.asm.service.mojang.MixinServiceLaunchWrapper]: Scanning file:/D:/Java%20in%20send/gradle/repository/caches/modules-2/files-2.1/com.mojang/authlib/1.5.25/9834cdf236c22e84b946bba989e2f94ef5897c3c/authlib-1.5.25.jar for mixin tweaker
[17:42:52] [main/DEBUG] [org.spongepowered.asm.service.mojang.MixinServiceLaunchWrapper]: Scanning file:/D:/Java%20in%20send/gradle/repository/caches/modules-2/files-2.1/com.google.code.findbugs/jsr305/2.0.1/516c03b21d50a644d538de0f0369c620989cd8f0/jsr305-2.0.1.jar for mixin tweaker
[17:42:52] [main/DEBUG] [org.spongepowered.asm.service.mojang.MixinServiceLaunchWrapper]: Scanning file:/D:/Java%20in%20send/gradle/repository/caches/modules-2/files-2.1/com.typesafe.akka/akka-actor_2.11/2.3.3/ed62e9fc709ca0f2ff1a3220daa8b70a2870078e/akka-actor_2.11-2.3.3.jar for mixin tweaker
[17:42:52] [main/DEBUG] [org.spongepowered.asm.service.mojang.MixinServiceLaunchWrapper]: Scanning file:/D:/Java%20in%20send/gradle/repository/caches/modules-2/files-2.1/com.typesafe/config/1.2.1/f771f71fdae3df231bcd54d5ca2d57f0bf93f467/config-1.2.1.jar for mixin tweaker
[17:42:52] [main/DEBUG] [org.spongepowered.asm.service.mojang.MixinServiceLaunchWrapper]: Scanning file:/D:/Java%20in%20send/gradle/repository/caches/modules-2/files-2.1/org.scala-lang/scala-actors-migration_2.11/1.1.0/dfa8bc42b181d5b9f1a5dd147f8ae308b893eb6f/scala-actors-migration_2.11-1.1.0.jar for mixin tweaker
[17:42:52] [main/DEBUG] [org.spongepowered.asm.service.mojang.MixinServiceLaunchWrapper]: Scanning file:/D:/Java%20in%20send/gradle/repository/caches/modules-2/files-2.1/org.scala-lang/scala-compiler/2.11.5/eb2631e425d240f55ffc060c3262caa4d05d8d1a/scala-compiler-2.11.5.jar for mixin tweaker
[17:42:52] [main/DEBUG] [org.spongepowered.asm.service.mojang.MixinServiceLaunchWrapper]: Scanning file:/D:/Java%20in%20send/gradle/repository/caches/modules-2/files-2.1/org.scala-lang.plugins/scala-continuations-library_2.11/1.0.2/e517c53a7e9acd6b1668c5a35eccbaa3bab9aac/scala-continuations-library_2.11-1.0.2.jar for mixin tweaker
[17:42:52] [main/DEBUG] [org.spongepowered.asm.service.mojang.MixinServiceLaunchWrapper]: Scanning file:/D:/Java%20in%20send/gradle/repository/caches/modules-2/files-2.1/org.scala-lang.plugins/scala-continuations-plugin_2.11.1/1.0.2/f361a3283452c57fa30c1ee69448995de23c60f7/scala-continuations-plugin_2.11.1-1.0.2.jar for mixin tweaker
[17:42:52] [main/DEBUG] [org.spongepowered.asm.service.mojang.MixinServiceLaunchWrapper]: Scanning file:/D:/Java%20in%20send/gradle/repository/caches/modules-2/files-2.1/org.scala-lang/scala-library/2.11.5/a5544bb030c5e6c3d81ad116b7dc5024f047df26/scala-library-2.11.5.jar for mixin tweaker
[17:42:52] [main/DEBUG] [org.spongepowered.asm.service.mojang.MixinServiceLaunchWrapper]: Scanning file:/D:/Java%20in%20send/gradle/repository/caches/modules-2/files-2.1/org.scala-lang/scala-parser-combinators_2.11/1.0.1/f05d7345bf5a58924f2837c6c1f4d73a938e1ff0/scala-parser-combinators_2.11-1.0.1.jar for mixin tweaker
[17:42:52] [main/DEBUG] [org.spongepowered.asm.service.mojang.MixinServiceLaunchWrapper]: Scanning file:/D:/Java%20in%20send/gradle/repository/caches/modules-2/files-2.1/org.scala-lang/scala-reflect/2.11.5/69ce65b0f0767c4e5eafaf789fdde7aab78bd9d/scala-reflect-2.11.5.jar for mixin tweaker
[17:42:52] [main/DEBUG] [org.spongepowered.asm.service.mojang.MixinServiceLaunchWrapper]: Scanning file:/D:/Java%20in%20send/gradle/repository/caches/modules-2/files-2.1/org.scala-lang/scala-swing_2.11/1.0.1/b1cdd92bd47b1e1837139c1c53020e86bb9112ae/scala-swing_2.11-1.0.1.jar for mixin tweaker
[17:42:52] [main/DEBUG] [org.spongepowered.asm.service.mojang.MixinServiceLaunchWrapper]: Scanning file:/D:/Java%20in%20send/gradle/repository/caches/modules-2/files-2.1/org.scala-lang/scala-xml_2.11/1.0.2/7a80ec00aec122fba7cd4e0d4cdd87ff7e4cb6d0/scala-xml_2.11-1.0.2.jar for mixin tweaker
[17:42:52] [main/DEBUG] [org.spongepowered.asm.service.mojang.MixinServiceLaunchWrapper]: Scanning file:/D:/Java%20in%20send/gradle/repository/caches/modules-2/files-2.1/lzma/lzma/0.0.1/521616dc7487b42bef0e803bd2fa3faf668101d7/lzma-0.0.1.jar for mixin tweaker
[17:42:52] [main/DEBUG] [org.spongepowered.asm.service.mojang.MixinServiceLaunchWrapper]: Scanning file:/D:/Java%20in%20send/gradle/repository/caches/modules-2/files-2.1/org.ow2.asm/asm-debug-all/5.2/3354e11e2b34215f06dab629ab88e06aca477c19/asm-debug-all-5.2.jar for mixin tweaker
[17:42:52] [main/DEBUG] [org.spongepowered.asm.service.mojang.MixinServiceLaunchWrapper]: Scanning file:/D:/Java%20in%20send/gradle/repository/caches/modules-2/files-2.1/org.jline/jline/3.5.1/51800e9d7a13608894a5a28eed0f5c7fa2f300fb/jline-3.5.1.jar for mixin tweaker
[17:42:52] [main/DEBUG] [org.spongepowered.asm.service.mojang.MixinServiceLaunchWrapper]: Scanning file:/D:/Java%20in%20send/gradle/repository/caches/modules-2/files-2.1/java3d/vecmath/1.5.2/79846ba34cbd89e2422d74d53752f993dcc2ccaf/vecmath-1.5.2.jar for mixin tweaker
[17:42:52] [main/DEBUG] [org.spongepowered.asm.service.mojang.MixinServiceLaunchWrapper]: Scanning file:/D:/Java%20in%20send/gradle/repository/caches/modules-2/files-2.1/net.sf.trove4j/trove4j/3.0.3/42ccaf4761f0dfdfa805c9e340d99a755907e2dd/trove4j-3.0.3.jar for mixin tweaker
[17:42:52] [main/DEBUG] [org.spongepowered.asm.service.mojang.MixinServiceLaunchWrapper]: Scanning file:/D:/Java%20in%20send/gradle/repository/caches/modules-2/files-2.1/org.apache.maven/maven-artifact/3.5.3/7dc72b6d6d8a6dced3d294ed54c2cc3515ade9f4/maven-artifact-3.5.3.jar for mixin tweaker
[17:42:52] [main/DEBUG] [org.spongepowered.asm.service.mojang.MixinServiceLaunchWrapper]: Scanning file:/D:/Java%20in%20send/gradle/repository/caches/modules-2/files-2.1/com.paulscode/codecjorbis/20101023/c73b5636faf089d9f00e8732a829577de25237ee/codecjorbis-20101023.jar for mixin tweaker
[17:42:52] [main/DEBUG] [org.spongepowered.asm.service.mojang.MixinServiceLaunchWrapper]: Scanning file:/D:/Java%20in%20send/gradle/repository/caches/modules-2/files-2.1/com.paulscode/codecwav/20101023/12f031cfe88fef5c1dd36c563c0a3a69bd7261da/codecwav-20101023.jar for mixin tweaker
[17:42:52] [main/DEBUG] [org.spongepowered.asm.service.mojang.MixinServiceLaunchWrapper]: Scanning file:/D:/Java%20in%20send/gradle/repository/caches/modules-2/files-2.1/com.paulscode/libraryjavasound/20101123/5c5e304366f75f9eaa2e8cca546a1fb6109348b3/libraryjavasound-20101123.jar for mixin tweaker
[17:42:52] [main/DEBUG] [org.spongepowered.asm.service.mojang.MixinServiceLaunchWrapper]: Scanning file:/D:/Java%20in%20send/gradle/repository/caches/modules-2/files-2.1/com.paulscode/librarylwjglopenal/20100824/73e80d0794c39665aec3f62eee88ca91676674ef/librarylwjglopenal-20100824.jar for mixin tweaker
[17:42:52] [main/DEBUG] [org.spongepowered.asm.service.mojang.MixinServiceLaunchWrapper]: Scanning file:/D:/Java%20in%20send/gradle/repository/caches/modules-2/files-2.1/com.paulscode/soundsystem/20120107/419c05fe9be71f792b2d76cfc9b67f1ed0fec7f6/soundsystem-20120107.jar for mixin tweaker
[17:42:52] [main/DEBUG] [org.spongepowered.asm.service.mojang.MixinServiceLaunchWrapper]: Scanning file:/D:/Java%20in%20send/gradle/repository/caches/modules-2/files-2.1/com.mojang/patchy/1.3.9/eb8bb7b66fa0e2152b1b40b3856e82f7619439ee/patchy-1.3.9.jar for mixin tweaker
[17:42:52] [main/DEBUG] [org.spongepowered.asm.service.mojang.MixinServiceLaunchWrapper]: Scanning file:/D:/Java%20in%20send/gradle/repository/caches/modules-2/files-2.1/oshi-project/oshi-core/1.1/9ddf7b048a8d701be231c0f4f95fd986198fd2d8/oshi-core-1.1.jar for mixin tweaker
[17:42:52] [main/DEBUG] [org.spongepowered.asm.service.mojang.MixinServiceLaunchWrapper]: Scanning file:/D:/Java%20in%20send/gradle/repository/caches/modules-2/files-2.1/com.mojang/text2speech/1.10.3/48fd510879dff266c3815947de66e3d4809f8668/text2speech-1.10.3.jar for mixin tweaker
[17:42:52] [main/DEBUG] [org.spongepowered.asm.service.mojang.MixinServiceLaunchWrapper]: Scanning file:/D:/Java%20in%20send/gradle/repository/caches/modules-2/files-2.1/com.mojang/text2speech/1.10.3/84a4b856389cc4f485275b1f63497a95a857a443/text2speech-1.10.3-natives-windows.jar for mixin tweaker
[17:42:52] [main/DEBUG] [org.spongepowered.asm.service.mojang.MixinServiceLaunchWrapper]: Scanning file:/D:/Java%20in%20send/gradle/repository/caches/modules-2/files-2.1/ca.weblite/java-objc-bridge/1.0.0/6ef160c3133a78de015830860197602ca1c855d3/java-objc-bridge-1.0.0.jar for mixin tweaker
[17:42:52] [main/DEBUG] [org.spongepowered.asm.service.mojang.MixinServiceLaunchWrapper]: Scanning file:/D:/Java%20in%20send/gradle/repository/caches/modules-2/files-2.1/net.java.dev.jna/jna/4.4.0/cb208278274bf12ebdb56c61bd7407e6f774d65a/jna-4.4.0.jar for mixin tweaker
[17:42:52] [main/DEBUG] [org.spongepowered.asm.service.mojang.MixinServiceLaunchWrapper]: Scanning file:/D:/Java%20in%20send/gradle/repository/caches/modules-2/files-2.1/net.java.dev.jna/platform/3.4.0/e3f70017be8100d3d6923f50b3d2ee17714e9c13/platform-3.4.0.jar for mixin tweaker
[17:42:52] [main/DEBUG] [org.spongepowered.asm.service.mojang.MixinServiceLaunchWrapper]: Scanning file:/D:/Java%20in%20send/gradle/repository/caches/modules-2/files-2.1/com.ibm.icu/icu4j-core-mojang/51.2/63d216a9311cca6be337c1e458e587f99d382b84/icu4j-core-mojang-51.2.jar for mixin tweaker
[17:42:52] [main/DEBUG] [org.spongepowered.asm.service.mojang.MixinServiceLaunchWrapper]: Scanning file:/D:/Java%20in%20send/gradle/repository/caches/modules-2/files-2.1/net.sf.jopt-simple/jopt-simple/5.0.3/cdd846cfc4e0f7eefafc02c0f5dce32b9303aa2a/jopt-simple-5.0.3.jar for mixin tweaker
[17:42:52] [main/DEBUG] [org.spongepowered.asm.service.mojang.MixinServiceLaunchWrapper]: Scanning file:/D:/Java%20in%20send/gradle/repository/caches/modules-2/files-2.1/io.netty/netty-all/4.1.9.Final/97860965d6a0a6b98e7f569f3f966727b8db75/netty-all-4.1.9.Final.jar for mixin tweaker
[17:42:52] [main/DEBUG] [org.spongepowered.asm.service.mojang.MixinServiceLaunchWrapper]: Scanning file:/D:/Java%20in%20send/gradle/repository/caches/modules-2/files-2.1/com.google.guava/guava/21.0/3a3d111be1be1b745edfa7d91678a12d7ed38709/guava-21.0.jar for mixin tweaker
[17:42:52] [main/DEBUG] [org.spongepowered.asm.service.mojang.MixinServiceLaunchWrapper]: Scanning file:/D:/Java%20in%20send/gradle/repository/caches/modules-2/files-2.1/org.apache.commons/commons-lang3/3.5/6c6c702c89bfff3cd9e80b04d668c5e190d588c6/commons-lang3-3.5.jar for mixin tweaker
[17:42:52] [main/DEBUG] [org.spongepowered.asm.service.mojang.MixinServiceLaunchWrapper]: Scanning file:/D:/Java%20in%20send/gradle/repository/caches/modules-2/files-2.1/commons-io/commons-io/2.5/2852e6e05fbb95076fc091f6d1780f1f8fe35e0f/commons-io-2.5.jar for mixin tweaker
[17:42:52] [main/DEBUG] [org.spongepowered.asm.service.mojang.MixinServiceLaunchWrapper]: Scanning file:/D:/Java%20in%20send/gradle/repository/caches/modules-2/files-2.1/com.mojang/realms/1.10.22/bd0dccebdf3744c75f1ca20063f16e8f7d5e663f/realms-1.10.22.jar for mixin tweaker
[17:42:52] [main/DEBUG] [org.spongepowered.asm.service.mojang.MixinServiceLaunchWrapper]: Scanning file:/D:/Java%20in%20send/gradle/repository/caches/modules-2/files-2.1/org.apache.httpcomponents/httpclient/4.3.3/18f4247ff4572a074444572cee34647c43e7c9c7/httpclient-4.3.3.jar for mixin tweaker
[17:42:52] [main/DEBUG] [org.spongepowered.asm.service.mojang.MixinServiceLaunchWrapper]: Scanning file:/D:/Java%20in%20send/gradle/repository/caches/modules-2/files-2.1/commons-codec/commons-codec/1.10/4b95f4897fa13f2cd904aee711aeafc0c5295cd8/commons-codec-1.10.jar for mixin tweaker
[17:42:52] [main/DEBUG] [org.spongepowered.asm.service.mojang.MixinServiceLaunchWrapper]: Scanning file:/D:/Java%20in%20send/gradle/repository/caches/modules-2/files-2.1/com.google.code.gson/gson/2.8.0/c4ba5371a29ac9b2ad6129b1d39ea38750043eff/gson-2.8.0.jar for mixin tweaker
[17:42:52] [main/DEBUG] [org.spongepowered.asm.service.mojang.MixinServiceLaunchWrapper]: Scanning file:/D:/Java%20in%20send/gradle/repository/caches/modules-2/files-2.1/org.apache.commons/commons-compress/1.8.1/a698750c16740fd5b3871425f4cb3bbaa87f529d/commons-compress-1.8.1.jar for mixin tweaker
[17:42:52] [main/DEBUG] [org.spongepowered.asm.service.mojang.MixinServiceLaunchWrapper]: Scanning file:/D:/Java%20in%20send/gradle/repository/caches/modules-2/files-2.1/commons-logging/commons-logging/1.1.3/f6f66e966c70a83ffbdb6f17a0919eaf7c8aca7f/commons-logging-1.1.3.jar for mixin tweaker
[17:42:52] [main/DEBUG] [org.spongepowered.asm.service.mojang.MixinServiceLaunchWrapper]: Scanning file:/D:/Java%20in%20send/gradle/repository/caches/modules-2/files-2.1/org.apache.httpcomponents/httpcore/4.3.2/31fbbff1ddbf98f3aa7377c94d33b0447c646b6e/httpcore-4.3.2.jar for mixin tweaker
[17:42:52] [main/DEBUG] [org.spongepowered.asm.service.mojang.MixinServiceLaunchWrapper]: Scanning file:/D:/Java%20in%20send/gradle/repository/caches/modules-2/files-2.1/it.unimi.dsi/fastutil/7.1.0/9835253257524c1be7ab50c057aa2d418fb72082/fastutil-7.1.0.jar for mixin tweaker
[17:42:52] [main/DEBUG] [org.spongepowered.asm.service.mojang.MixinServiceLaunchWrapper]: Scanning file:/D:/Java%20in%20send/gradle/repository/caches/modules-2/files-2.1/org.apache.logging.log4j/log4j-core/2.17.1/779f60f3844dadc3ef597976fcb1e5127b1f343d/log4j-core-2.17.1.jar for mixin tweaker
[17:42:52] [main/DEBUG] [org.spongepowered.asm.service.mojang.MixinServiceLaunchWrapper]: Scanning file:/D:/Java%20in%20send/gradle/repository/caches/modules-2/files-2.1/org.apache.logging.log4j/log4j-api/2.17.1/d771af8e336e372fb5399c99edabe0919aeaf5b2/log4j-api-2.17.1.jar for mixin tweaker
[17:42:52] [main/DEBUG] [org.spongepowered.asm.service.mojang.MixinServiceLaunchWrapper]: Scanning file:/D:/Java%20in%20send/gradle/repository/caches/modules-2/files-2.1/net.java.jinput/jinput-platform/2.0.5/385ee093e01f587f30ee1c8a2ee7d408fd732e16/jinput-platform-2.0.5-natives-windows.jar for mixin tweaker
[17:42:52] [main/DEBUG] [org.spongepowered.asm.service.mojang.MixinServiceLaunchWrapper]: Scanning file:/D:/Java%20in%20send/gradle/repository/caches/modules-2/files-2.1/org.codehaus.plexus/plexus-utils/3.1.0/60eecb6f15abdb1c653ad80abaac6fe188b3feaa/plexus-utils-3.1.0.jar for mixin tweaker
[17:42:52] [main/DEBUG] [org.spongepowered.asm.service.mojang.MixinServiceLaunchWrapper]: Scanning file:/D:/github/mod/OpenFile/build/libs/open_file-1.0.0-dev.jar for mixin tweaker
[17:42:52] [main/DEBUG] [org.spongepowered.asm.service.mojang.MixinServiceLaunchWrapper]: Scanning file:/D:/Java%20in%20send/gradle/repository/caches/modules-2/files-2.1/com.cleanroommc/osxnarratorblocker/1.0/4dc648d76ec200b3665cc7f73bf71db2f6d79d76/osxnarratorblocker-1.0-dev.jar for mixin tweaker
[17:42:52] [main/DEBUG] [org.spongepowered.asm.service.mojang.MixinServiceLaunchWrapper]: Scanning file:/D:/Java%20in%20send/gradle/repository/caches/modules-2/files-2.1/com.cleanroommc/strip-latest-forge-requirements/1.0/4309fc570383612223406af993ccbaa339c99d81/strip-latest-forge-requirements-1.0-dev.jar for mixin tweaker
[17:42:52] [main/DEBUG] [org.spongepowered.asm.service.mojang.MixinServiceLaunchWrapper]: Scanning file:/D:/Java%20in%20send/gradle/repository/caches/modules-2/files-2.1/zone.rong/mixinbooter/10.6/1e66c1799f30239386e5f2ed8b25ab2d9063cdb3/mixinbooter-10.6.jar for mixin tweaker
[17:42:52] [main/DEBUG] [org.spongepowered.asm.service.mojang.MixinServiceLaunchWrapper]: Scanning file:/D:/Java%20in%20send/gradle/repository/caches/modules-2/files-2.1/mezz/jei/4.31.2/b81f8798d59d526c2a2c5c8d72620c7a5bef5e43/jei-4.31.2-dev.jar for mixin tweaker
[17:42:52] [main/DEBUG] [org.spongepowered.asm.service.mojang.MixinServiceLaunchWrapper]: Scanning file:/D:/Java%20in%20send/gradle/repository/caches/9.2.1/transforms/8de54ae8378eca8321ca23ad8f3e2294/workspace/transformed/ae2-extended-life-570458-6302098-deobf.jar for mixin tweaker
[17:42:52] [main/DEBUG] [mixin]: Adding agents for Mixin Container ContainerHandleURI(file:/D:/Java%20in%20send/gradle/repository/caches/modules-2/files-2.1/zone.rong/mixinbooter/10.6/1e66c1799f30239386e5f2ed8b25ab2d9063cdb3/mixinbooter-10.6.jar)
[17:42:52] [main/DEBUG] [mixin]: inject() running with 1 agents
[17:42:52] [main/DEBUG] [mixin]: Processing inject() for PlatformAgent[MixinPlatformAgentDefault:ContainerHandleURI(file:/D:/Java%20in%20send/gradle/repository/caches/modules-2/files-2.1/zone.rong/mixinbooter/10.6/1e66c1799f30239386e5f2ed8b25ab2d9063cdb3/mixinbooter-10.6.jar)]
[17:42:52] [main/INFO] [LaunchWrapper]: Calling tweak class net.minecraftforge.gradle.tweakers.CoremodTweaker
[17:42:52] [main/INFO] [GradleStart]: Injecting location in coremod net.minecraftforge.fml.relauncher.FMLCorePlugin
[17:42:52] [main/INFO] [GradleStart]: Injecting location in coremod net.minecraftforge.classloading.FMLForgePlugin
[17:42:52] [main/INFO] [GradleStart]: Injecting location in coremod com.cleanroommc.stripforgereq.StripLatestForgeRequirements
[17:42:52] [main/INFO] [GradleStart]: Injecting location in coremod com.cleanroommc.osxnarratorblocker.OSXNarratorBlocker
[17:42:52] [main/INFO] [GradleStart]: Injecting location in coremod appeng.core.AE2ELCore
[17:42:52] [main/INFO] [GradleStart]: Injecting location in coremod zone.rong.mixinbooter.MixinBooterPlugin
[17:42:52] [main/INFO] [LaunchWrapper]: Loading tweak class name net.minecraftforge.fml.common.launcher.FMLInjectionAndSortingTweaker
[17:42:52] [main/INFO] [LaunchWrapper]: Loading tweak class name net.minecraftforge.fml.common.launcher.FMLDeobfTweaker
[17:42:52] [main/INFO] [LaunchWrapper]: Loading tweak class name org.spongepowered.asm.mixin.EnvironmentStateTweaker
[17:42:52] [main/INFO] [LaunchWrapper]: Loading tweak class name net.minecraftforge.gradle.tweakers.AccessTransformerTweaker
[17:42:52] [main/INFO] [LaunchWrapper]: Calling tweak class net.minecraftforge.fml.common.launcher.FMLInjectionAndSortingTweaker
[17:42:52] [main/INFO] [LaunchWrapper]: Calling tweak class net.minecraftforge.fml.common.launcher.FMLInjectionAndSortingTweaker
[17:42:52] [main/INFO] [LaunchWrapper]: Calling tweak class net.minecraftforge.fml.relauncher.CoreModManager$FMLPluginWrapper
[17:42:52] [main/DEBUG] [FML]: Injecting coremod MixinBooter \{zone.rong.mixinbooter.MixinBooterPlugin\} class transformers
[17:42:52] [main/DEBUG] [FML]: Injection complete
[17:42:52] [main/DEBUG] [FML]: Running coremod plugin for MixinBooter \{zone.rong.mixinbooter.MixinBooterPlugin\}
[17:42:52] [main/DEBUG] [FML]: Running coremod plugin MixinBooter
[17:42:52] [main/INFO] [MixinBooter]: Loading early loader com.cleanroommc.stripforgereq.StripLatestForgeRequirements for its mixins.
[17:42:52] [main/INFO] [MixinBooter]: Adding [mixins.striplatestforgerequirements.json] mixin configuration.
[17:42:52] [main/INFO] [MixinBooter]: Loading early loader com.cleanroommc.osxnarratorblocker.OSXNarratorBlocker for its mixins.
[17:42:52] [main/INFO] [MixinBooter]: Adding [mixins.osxnarratorblocker.json] mixin configuration.
[17:42:52] [main/DEBUG] [FML]: Coremod plugin class MixinBooterPlugin run successfully
[17:42:52] [main/INFO] [LaunchWrapper]: Calling tweak class net.minecraftforge.fml.relauncher.CoreModManager$FMLPluginWrapper
[17:42:52] [main/DEBUG] [FML]: Injecting coremod FMLCorePlugin \{net.minecraftforge.fml.relauncher.FMLCorePlugin\} class transformers
[17:42:52] [main/TRACE] [FML]: Registering transformer net.minecraftforge.fml.common.asm.transformers.SideTransformer
[17:42:52] [main/DEBUG] [mixin]: Checking for additional mixins for MixinEnvironment[PREINIT]
[17:42:52] [main/TRACE] [FML]: Registering transformer net.minecraftforge.fml.common.asm.transformers.EventSubscriptionTransformer
[17:42:52] [main/TRACE] [FML]: Registering transformer net.minecraftforge.fml.common.asm.transformers.EventSubscriberTransformer
[17:42:52] [main/TRACE] [FML]: Registering transformer net.minecraftforge.fml.common.asm.transformers.SoundEngineFixTransformer
[17:42:52] [main/DEBUG] [FML]: Injection complete
[17:42:52] [main/DEBUG] [FML]: Running coremod plugin for FMLCorePlugin \{net.minecraftforge.fml.relauncher.FMLCorePlugin\}
[17:42:52] [main/DEBUG] [FML]: Running coremod plugin FMLCorePlugin
[17:42:52] [main/DEBUG] [FML]: Loading deobfuscation resource D:\Java in send\gradle\repository\caches\minecraft\de\oceanlabs\mcp\mcp_stable\39\rfg_srgs\srg-mcp.srg with 36076 records
[17:42:52] [main/ERROR] [FML]: FML appears to be missing any signature data. This is not a good thing
[17:42:52] [main/DEBUG] [FML]: Coremod plugin class FMLCorePlugin run successfully
[17:42:52] [main/INFO] [LaunchWrapper]: Calling tweak class net.minecraftforge.fml.relauncher.CoreModManager$FMLPluginWrapper
[17:42:52] [main/DEBUG] [FML]: Injecting coremod FMLForgePlugin \{net.minecraftforge.classloading.FMLForgePlugin\} class transformers
[17:42:52] [main/DEBUG] [FML]: Injection complete
[17:42:52] [main/DEBUG] [FML]: Running coremod plugin for FMLForgePlugin \{net.minecraftforge.classloading.FMLForgePlugin\}
[17:42:52] [main/DEBUG] [FML]: Running coremod plugin FMLForgePlugin
[17:42:52] [main/DEBUG] [FML]: Coremod plugin class FMLForgePlugin run successfully
[17:42:52] [main/INFO] [LaunchWrapper]: Calling tweak class net.minecraftforge.fml.relauncher.CoreModManager$FMLPluginWrapper
[17:42:52] [main/DEBUG] [FML]: Injecting coremod StripLatestForgeRequirements \{com.cleanroommc.stripforgereq.StripLatestForgeRequirements\} class transformers
[17:42:52] [main/DEBUG] [FML]: Injection complete
[17:42:52] [main/DEBUG] [FML]: Running coremod plugin for StripLatestForgeRequirements \{com.cleanroommc.stripforgereq.StripLatestForgeRequirements\}
[17:42:52] [main/DEBUG] [FML]: Running coremod plugin StripLatestForgeRequirements
[17:42:52] [main/DEBUG] [FML]: Coremod plugin class StripLatestForgeRequirements run successfully
[17:42:52] [main/INFO] [LaunchWrapper]: Calling tweak class net.minecraftforge.fml.relauncher.CoreModManager$FMLPluginWrapper
[17:42:52] [main/DEBUG] [FML]: Injecting coremod OSXNarratorBlocker \{com.cleanroommc.osxnarratorblocker.OSXNarratorBlocker\} class transformers
[17:42:52] [main/DEBUG] [FML]: Injection complete
[17:42:52] [main/DEBUG] [FML]: Running coremod plugin for OSXNarratorBlocker \{com.cleanroommc.osxnarratorblocker.OSXNarratorBlocker\}
[17:42:52] [main/DEBUG] [FML]: Running coremod plugin OSXNarratorBlocker
[17:42:52] [main/DEBUG] [FML]: Coremod plugin class OSXNarratorBlocker run successfully
[17:42:52] [main/INFO] [LaunchWrapper]: Calling tweak class org.spongepowered.asm.mixin.EnvironmentStateTweaker
[17:42:52] [main/INFO] [LaunchWrapper]: Calling tweak class net.minecraftforge.fml.common.launcher.FMLDeobfTweaker
[17:42:52] [main/DEBUG] [FML]: Loaded 215 rules from AccessTransformer config file forge_at.cfg
[17:42:52] [main/DEBUG] [FML]: Loaded 13 rules from AccessTransformer mod jar file D:\Java in send\gradle\repository\caches\modules-2\files-2.1\mezz\jei\4.31.2\b81f8798d59d526c2a2c5c8d72620c7a5bef5e43\jei-4.31.2-dev.jar!META-INF/jei_at.cfg

[17:42:52] [main/DEBUG] [FML]: Loaded 5 rules from AccessTransformer mod jar file D:\Java in send\gradle\repository\caches\9.2.1\transforms\8de54ae8378eca8321ca23ad8f3e2294\workspace\transformed\ae2-extended-life-570458-6302098-deobf.jar!META-INF/appliedenergistics2_at.cfg

[17:42:52] [main/DEBUG] [FML]: Validating minecraft
[17:42:52] [main/DEBUG] [FML]: Minecraft validated, launching...
[17:42:52] [main/INFO] [LaunchWrapper]: Calling tweak class net.minecraftforge.fml.relauncher.CoreModManager$FMLPluginWrapper
[17:42:52] [main/DEBUG] [FML]: Injecting coremod AE2ELCore \{appeng.core.AE2ELCore\} class transformers
[17:42:52] [main/TRACE] [FML]: Registering transformer appeng.core.transformer.AE2ELTransformer
[17:42:52] [main/DEBUG] [FML]: Injection complete
[17:42:52] [main/DEBUG] [FML]: Running coremod plugin for AE2ELCore \{appeng.core.AE2ELCore\}
[17:42:52] [main/DEBUG] [FML]: Running coremod plugin AE2ELCore
[17:42:52] [main/DEBUG] [FML]: Coremod plugin class AE2ELCore run successfully
[17:42:52] [main/INFO] [LaunchWrapper]: Calling tweak class net.minecraftforge.gradle.tweakers.AccessTransformerTweaker
[17:42:52] [main/DEBUG] [GradleStart]: Reading CSV file: D:\Java in send\gradle\repository\caches\minecraft\de\oceanlabs\mcp\mcp_stable\39\fields.csv
[17:42:52] [main/DEBUG] [GradleStart]: Reading CSV file: D:\Java in send\gradle\repository\caches\minecraft\de\oceanlabs\mcp\mcp_stable\39\methods.csv
[17:42:52] [main/INFO] [GradleStart]: Remapping AccessTransformer rules...
[17:42:52] [main/INFO] [LaunchWrapper]: Loading tweak class name net.minecraftforge.fml.common.launcher.TerminalTweaker
[17:42:52] [main/INFO] [LaunchWrapper]: Calling tweak class net.minecraftforge.fml.common.launcher.TerminalTweaker
[17:42:52] [main/DEBUG] [mixin]: Adding new mixin transformer proxy #2
[17:42:52] [main/DEBUG] [mixin]: Preparing mixins for MixinEnvironment[DEFAULT]
[17:42:52] [main/DEBUG] [mixin]: Selecting config mixin.mixinbooter.init.json
[17:42:52] [main/DEBUG] [mixin]: Remapping refMap mixins.mixinbooter.refmap.json using remapper chain
[17:42:52] [main/DEBUG] [mixin]: Selecting config mixins.striplatestforgerequirements.json
[17:42:52] [main/DEBUG] [mixin]: Selecting config mixins.osxnarratorblocker.json
[17:42:52] [main/DEBUG] [mixin]: Preparing mixin.mixinbooter.init.json (2)
[17:42:52] [main/DEBUG] [org.spongepowered.asm.service.mojang.MixinServiceLaunchWrapper]: Found name transformer: net.minecraftforge.fml.common.asm.transformers.DeobfuscationTransformer
[17:42:52] [main/DEBUG] [org.spongepowered.asm.service.mojang.MixinServiceLaunchWrapper]: Rebuilding transformer delegation list:
[17:42:52] [main/DEBUG] [org.spongepowered.asm.service.mojang.MixinServiceLaunchWrapper]: Found name transformer: net.minecraftforge.fml.common.asm.transformers.DeobfuscationTransformer
[17:42:52] [main/DEBUG] [org.spongepowered.asm.service.mojang.MixinServiceLaunchWrapper]:   Excluding: org.spongepowered.asm.mixin.transformer.Proxy
[17:42:52] [main/DEBUG] [org.spongepowered.asm.service.mojang.MixinServiceLaunchWrapper]:   Adding:    net.minecraftforge.fml.common.asm.transformers.PatchingTransformer
[17:42:52] [main/DEBUG] [org.spongepowered.asm.service.mojang.MixinServiceLaunchWrapper]:   Adding:    $wrapper.net.minecraftforge.fml.common.asm.transformers.SideTransformer
[17:42:52] [main/DEBUG] [org.spongepowered.asm.service.mojang.MixinServiceLaunchWrapper]:   Excluding: $wrapper.net.minecraftforge.fml.common.asm.transformers.EventSubscriptionTransformer
[17:42:52] [main/DEBUG] [org.spongepowered.asm.service.mojang.MixinServiceLaunchWrapper]:   Adding:    $wrapper.net.minecraftforge.fml.common.asm.transformers.EventSubscriberTransformer
[17:42:52] [main/DEBUG] [org.spongepowered.asm.service.mojang.MixinServiceLaunchWrapper]:   Adding:    $wrapper.net.minecraftforge.fml.common.asm.transformers.SoundEngineFixTransformer
[17:42:52] [main/DEBUG] [org.spongepowered.asm.service.mojang.MixinServiceLaunchWrapper]:   Adding:    net.minecraftforge.fml.common.asm.transformers.DeobfuscationTransformer
[17:42:52] [main/DEBUG] [org.spongepowered.asm.service.mojang.MixinServiceLaunchWrapper]:   Adding:    net.minecraftforge.fml.common.asm.transformers.AccessTransformer
[17:42:52] [main/DEBUG] [org.spongepowered.asm.service.mojang.MixinServiceLaunchWrapper]:   Adding:    net.minecraftforge.fml.common.asm.transformers.ModAccessTransformer
[17:42:52] [main/DEBUG] [org.spongepowered.asm.service.mojang.MixinServiceLaunchWrapper]:   Adding:    net.minecraftforge.fml.common.asm.transformers.ItemStackTransformer
[17:42:52] [main/DEBUG] [org.spongepowered.asm.service.mojang.MixinServiceLaunchWrapper]:   Adding:    net.minecraftforge.fml.common.asm.transformers.ItemBlockTransformer
[17:42:52] [main/DEBUG] [org.spongepowered.asm.service.mojang.MixinServiceLaunchWrapper]:   Adding:    net.minecraftforge.fml.common.asm.transformers.ItemBlockSpecialTransformer
[17:42:52] [main/DEBUG] [org.spongepowered.asm.service.mojang.MixinServiceLaunchWrapper]:   Adding:    net.minecraftforge.fml.common.asm.transformers.PotionEffectTransformer
[17:42:52] [main/DEBUG] [org.spongepowered.asm.service.mojang.MixinServiceLaunchWrapper]:   Adding:    $wrapper.appeng.core.transformer.AE2ELTransformer
[17:42:52] [main/DEBUG] [org.spongepowered.asm.service.mojang.MixinServiceLaunchWrapper]:   Adding:    net.minecraftforge.gradle.GradleForgeHacks$AccessTransformerTransformer
[17:42:52] [main/DEBUG] [org.spongepowered.asm.service.mojang.MixinServiceLaunchWrapper]:   Excluding: net.minecraftforge.fml.common.asm.transformers.TerminalTransformer
[17:42:52] [main/DEBUG] [org.spongepowered.asm.service.mojang.MixinServiceLaunchWrapper]:   Excluding: org.spongepowered.asm.mixin.transformer.Proxy
[17:42:52] [main/DEBUG] [org.spongepowered.asm.service.mojang.MixinServiceLaunchWrapper]: Transformer delegation list created with 13 entries
[17:42:52] [main/TRACE] [mixin]: Added class metadata for net/minecraft/crash/CrashReport to metadata cache
[17:42:52] [main/DEBUG] [mixin.agent]: Mixin class zone.rong.mixinbooter.mixin.CrashReportMixin added to class loader
[17:42:52] [main/TRACE] [mixin]: Added class metadata for net/minecraftforge/fml/common/LoadController to metadata cache
[17:42:52] [main/DEBUG] [mixin.agent]: Mixin class zone.rong.mixinbooter.mixin.LoadControllerMixin added to class loader
[17:42:52] [main/DEBUG] [mixin]: Preparing mixins.striplatestforgerequirements.json (1)
[17:42:52] [main/TRACE] [mixin]: Added class metadata for net/minecraftforge/fml/common/FMLModContainer to metadata cache
[17:42:52] [main/DEBUG] [mixin.agent]: Mixin class com.cleanroommc.stripforgereq.mixin.FMLModContainerMixin added to class loader
[17:42:52] [main/DEBUG] [mixin]: Preparing mixins.osxnarratorblocker.json (1)
[17:42:52] [main/TRACE] [mixin]: Added class metadata for com/mojang/text2speech/Narrator to metadata cache
[17:42:52] [main/DEBUG] [mixin.agent]: Mixin class com.cleanroommc.osxnarratorblocker.mixin.NarratorMixin added to class loader
[17:42:52] [main/TRACE] [mixin]: Added class metadata for java/util/Map$Entry to metadata cache
[17:42:52] [main/TRACE] [mixin]: Added class metadata for net/minecraftforge/fml/common/discovery/ASMDataTable$ASMData to metadata cache
[17:42:52] [main/TRACE] [mixin]: Added class metadata for java/lang/invoke/MethodHandles$Lookup to metadata cache
[17:42:52] [main/INFO] [LaunchWrapper]: Launching wrapped minecraft {net.minecraft.client.main.Main}
[17:42:53] [Client thread/INFO] [net.minecraft.client.Minecraft]: Setting user: Developer
[17:42:53] [Client thread/INFO] [STDOUT]: [appeng.core.transformer.ItemStackPatch:patchCountGetSet:53]: Patched ItemStack Count getter!
[17:42:53] [Client thread/INFO] [STDOUT]: [appeng.core.transformer.ItemStackPatch:patchCountGetSet:81]: Patched ItemStack Count setter!
[17:42:54] [Client thread/DEBUG] [FML]: Creating vanilla freeze snapshot
[17:42:54] [Client thread/DEBUG] [FML]: Vanilla freeze snapshot created
[17:42:54] [Client thread/WARN] [net.minecraft.client.settings.GameSettings]: Skipping bad option: lastServer:
[17:42:54] [Client thread/INFO] [net.minecraft.client.Minecraft]: LWJGL Version: 2.9.4
[17:42:54] [Client thread/DEBUG] [FML]: Bar Finished: Loading Resource - LanguageManager took 0.000s
[17:42:54] [Client thread/INFO] [MixinExtras|Service]: Initializing MixinExtras via com.llamalad7.mixinextras.service.MixinExtrasServiceImpl(version=0.5.0-rc.1).
[17:42:54] [Client thread/DEBUG] [mixin]: Registering new injector for @SugarWrapper with com.llamalad7.mixinextras.sugar.impl.SugarWrapperInjectionInfo
[17:42:54] [Client thread/DEBUG] [mixin]: Registering new injector for @FactoryRedirectWrapper with com.llamalad7.mixinextras.wrapper.factory.FactoryRedirectWrapperInjectionInfo
[17:42:54] [Client thread/DEBUG] [mixin]: Registering new injector for @ExpressionInjectorWrapper with com.llamalad7.mixinextras.expression.impl.wrapper.ExpressionInjectorWrapperInjectionInfo
[17:42:54] [Client thread/DEBUG] [mixin]: Mixing CrashReportMixin from mixin.mixinbooter.init.json into net.minecraft.crash.CrashReport
[17:42:54] [Client thread/TRACE] [mixin]: Added class metadata for java/lang/Class to metadata cache
[17:42:54] [Client thread/TRACE] [mixin]: Added class metadata for java/lang/reflect/Field to metadata cache
[17:42:54] [Client thread/TRACE] [mixin]: Added class metadata for java/lang/reflect/AccessibleObject to metadata cache
[17:42:54] [Client thread/TRACE] [mixin]: Added class metadata for java/util/LinkedHashMap to metadata cache
[17:42:54] [Client thread/TRACE] [mixin]: Added class metadata for java/util/HashMap to metadata cache
[17:42:54] [Client thread/TRACE] [mixin]: Added class metadata for java/util/AbstractMap to metadata cache
[17:42:54] [Client thread/TRACE] [mixin]: Added class metadata for java/util/Map to metadata cache
[17:42:54] [Client thread/TRACE] [mixin]: Added class metadata for java/io/Serializable to metadata cache
[17:42:54] [Client thread/TRACE] [mixin]: Added class metadata for java/lang/Cloneable to metadata cache
[17:42:54] [Client thread/TRACE] [mixin]: Added class metadata for java/lang/Throwable to metadata cache
[17:42:54] [Client thread/TRACE] [mixin]: Added class metadata for org/spongepowered/asm/mixin/transformer/ClassInfo to metadata cache
[17:42:54] [Client thread/TRACE] [mixin]: Added class metadata for java/lang/StackTraceElement to metadata cache
[17:42:54] [Client thread/TRACE] [mixin]: Added class metadata for java/lang/String to metadata cache
[17:42:54] [Client thread/TRACE] [mixin]: Added class metadata for java/lang/StringBuilder to metadata cache
[17:42:54] [Client thread/TRACE] [mixin]: Added class metadata for java/lang/AbstractStringBuilder to metadata cache
[17:42:54] [Client thread/TRACE] [mixin]: Added class metadata for java/lang/Appendable to metadata cache
[17:42:54] [Client thread/TRACE] [mixin]: Added class metadata for java/lang/CharSequence to metadata cache
[17:42:54] [Client thread/TRACE] [mixin]: Added class metadata for org/spongepowered/asm/mixin/injection/callback/CallbackInfoReturnable to metadata cache
[17:42:54] [Client thread/TRACE] [mixin]: Added class metadata for java/util/Set to metadata cache
[17:42:54] [Client thread/TRACE] [mixin]: Added class metadata for java/util/Iterator to metadata cache
[17:42:54] [Client thread/TRACE] [mixin]: Added class metadata for zone/rong/mixinbooter/MixinBooterPlugin to metadata cache
[17:42:54] [Client thread/TRACE] [mixin]: Added class metadata for org/apache/logging/log4j/Logger to metadata cache
[17:42:54] [Client thread/TRACE] [mixin]: Added class metadata for org/spongepowered/asm/mixin/extensibility/IMixinInfo to metadata cache
[17:42:54] [Client thread/TRACE] [mixin]: Added class metadata for org/spongepowered/asm/mixin/ModUtil to metadata cache
[17:42:54] [Client thread/DEBUG] [mixin]: RemapperAdapterFML is remapping method func_71498_d()Ljava/lang/String; for net/minecraft/crash/CrashReport
[17:42:54] [Client thread/DEBUG] [mixin]: RemapperAdapterFML is remapping class net/minecraft/crash/CrashReport
[17:42:54] [Client thread/TRACE] [mixin]: Added class metadata for java/io/Writer to metadata cache
[17:42:54] [Client thread/TRACE] [mixin]: Added class metadata for java/io/StringWriter to metadata cache
[17:42:54] [Client thread/TRACE] [mixin]: Added class metadata for java/io/PrintWriter to metadata cache
[17:42:54] [Client thread/TRACE] [mixin]: Added class metadata for java/lang/OutOfMemoryError to metadata cache
[17:42:54] [Client thread/TRACE] [mixin]: Added class metadata for java/lang/VirtualMachineError to metadata cache
[17:42:54] [Client thread/TRACE] [mixin]: Added class metadata for java/lang/Error to metadata cache
[17:42:54] [Client thread/TRACE] [mixin]: Added class metadata for java/lang/StackOverflowError to metadata cache
[17:42:54] [Client thread/TRACE] [mixin]: Added class metadata for java/lang/NullPointerException to metadata cache
[17:42:54] [Client thread/TRACE] [mixin]: Added class metadata for java/lang/RuntimeException to metadata cache
[17:42:54] [Client thread/TRACE] [mixin]: Added class metadata for java/lang/Exception to metadata cache
[17:42:54] [Client thread/DEBUG] [mixin]: mixin.mixinbooter.init.json:CrashReportMixin from owner mixinbooter->@Inject::afterStackTracePopulation(Lorg/spongepowered/asm/mixin/injection/callback/CallbackInfoReturnable;)V does use it's CallbackInfoReturnable
[17:42:54] [Client thread/INFO] [FML]: -- System Details --
Details:
	Minecraft Version: 1.12.2
	Operating System: Windows 11 (amd64) version 10.0
	Java Version: 1.8.0_492, Azul Systems, Inc.
	Java VM Version: OpenJDK 64-Bit Server VM (mixed mode), Azul Systems, Inc.
	Memory: 844851680 bytes (805 MB) / 1297612800 bytes (1237 MB) up to 5726797824 bytes (5461 MB)
	JVM Flags: 2 total; -Xms1G -Xmx6G
	IntCache: cache: 0, tcache: 0, allocated: 0, tallocated: 0
	FML: 
	Loaded coremods (and transformers): 
MixinBooter (mixinbooter-10.6.jar)
  
StripLatestForgeRequirements (strip-latest-forge-requirements-1.0-dev.jar)
  
OSXNarratorBlocker (osxnarratorblocker-1.0-dev.jar)
  
AE2ELCore (ae2-extended-life-570458-6302098-deobf.jar)
  appeng.core.transformer.AE2ELTransformer
	GL info: ' Vendor: 'NVIDIA Corporation' Version: '4.6.0 NVIDIA 591.86' Renderer: 'NVIDIA GeForce RTX 4050 Laptop GPU/PCIe/SSE2'
[17:42:54] [Client thread/INFO] [FML]: MinecraftForge v14.23.5.2847 Initialized
[17:42:54] [Client thread/INFO] [FML]: Starts to replace vanilla recipe ingredients with ore ingredients.
[17:42:55] [Client thread/INFO] [FML]: Invalid recipe found with multiple oredict ingredients in the same ingredient...
[17:42:55] [Client thread/INFO] [FML]: Replaced 1227 ore ingredients
[17:42:55] [Client thread/DEBUG] [FML]: File D:\github\mod\OpenFile\run\config\injectedDependencies.json not found. No dependencies injected
[17:42:55] [Client thread/DEBUG] [mixin]: Mixing LoadControllerMixin from mixin.mixinbooter.init.json into net.minecraftforge.fml.common.LoadController
[17:42:55] [Client thread/TRACE] [mixin]: Added class metadata for net/minecraftforge/fml/common/LoaderState to metadata cache
[17:42:55] [Client thread/TRACE] [mixin]: Added class metadata for net/minecraftforge/fml/common/Loader to metadata cache
[17:42:55] [Client thread/TRACE] [mixin]: Added class metadata for java/util/List to metadata cache
[17:42:55] [Client thread/TRACE] [mixin]: Added class metadata for net/minecraftforge/fml/common/ModContainer to metadata cache
[17:42:55] [Client thread/TRACE] [mixin]: Added class metadata for net/minecraftforge/fml/common/ModClassLoader to metadata cache
[17:42:55] [Client thread/TRACE] [mixin]: Added class metadata for net/minecraftforge/fml/common/discovery/ASMDataTable to metadata cache
[17:42:55] [Client thread/TRACE] [mixin]: Added class metadata for java/util/HashSet to metadata cache
[17:42:55] [Client thread/TRACE] [mixin]: Added class metadata for java/util/AbstractSet to metadata cache
[17:42:55] [Client thread/TRACE] [mixin]: Added class metadata for java/util/AbstractCollection to metadata cache
[17:42:55] [Client thread/TRACE] [mixin]: Added class metadata for java/util/Collection to metadata cache
[17:42:55] [Client thread/TRACE] [mixin]: Added class metadata for java/lang/Iterable to metadata cache
[17:42:55] [Client thread/TRACE] [mixin]: Added class metadata for java/lang/invoke/LambdaMetafactory to metadata cache
[17:42:55] [Client thread/TRACE] [mixin]: Added class metadata for java/util/stream/Stream to metadata cache
[17:42:55] [Client thread/TRACE] [mixin]: Added class metadata for java/util/stream/Collectors to metadata cache
[17:42:55] [Client thread/TRACE] [mixin]: Added class metadata for zone/rong/mixinbooter/ILateMixinLoader to metadata cache
[17:42:55] [Client thread/TRACE] [mixin]: Added class metadata for zone/rong/mixinbooter/Context to metadata cache
[17:42:55] [Client thread/TRACE] [mixin]: Added class metadata for org/spongepowered/asm/mixin/Mixins to metadata cache
[17:42:55] [Client thread/TRACE] [mixin]: Added class metadata for zone/rong/mixinbooter/fix/MixinFixer to metadata cache
[17:42:55] [Client thread/TRACE] [mixin]: Added class metadata for org/spongepowered/asm/service/MixinService to metadata cache
[17:42:55] [Client thread/TRACE] [mixin]: Added class metadata for org/spongepowered/asm/mixin/transformer/Proxy to metadata cache
[17:42:55] [Client thread/TRACE] [mixin]: Added class metadata for org/spongepowered/asm/mixin/transformer/IMixinTransformer to metadata cache
[17:42:55] [Client thread/TRACE] [mixin]: Added class metadata for java/lang/reflect/Method to metadata cache
[17:42:55] [Client thread/TRACE] [mixin]: Added class metadata for java/lang/reflect/Executable to metadata cache
[17:42:55] [Client thread/TRACE] [mixin]: Added class metadata for org/spongepowered/asm/mixin/MixinEnvironment to metadata cache
[17:42:55] [Client thread/TRACE] [mixin]: Added class metadata for org/spongepowered/asm/mixin/extensibility/IMixinProcessor to metadata cache
[17:42:55] [Client thread/TRACE] [mixin]: Added class metadata for org/spongepowered/asm/mixin/injection/callback/CallbackInfo to metadata cache
[17:42:55] [Client thread/TRACE] [mixin]: Added class metadata for zone/rong/mixinbooter/MixinLoader to metadata cache
[17:42:55] [Client thread/TRACE] [mixin]: Added class metadata for java/util/function/Function to metadata cache
[17:42:55] [Client thread/TRACE] [mixin]: Added class metadata for org/spongepowered/asm/service/mojang/MixinServiceLaunchWrapper to metadata cache
[17:42:55] [Client thread/DEBUG] [mixin]: RemapperAdapterFML is remapping method distributeStateMessage(Lnet/minecraftforge/fml/common/LoaderState;[Ljava/lang/Object;)V for null
[17:42:55] [Client thread/DEBUG] [mixin]: mixin.mixinbooter.init.json:LoadControllerMixin from owner mixinbooter->@Inject::beforeConstructing(Lnet/minecraftforge/fml/common/LoaderState;[Ljava/lang/Object;Lorg/spongepowered/asm/mixin/injection/callback/CallbackInfo;)V doesn't use it's CallbackInfo
[17:42:55] [Client thread/DEBUG] [mixin]: mixin.mixinbooter.init.json:LoadControllerMixin from owner mixinbooter->@Inject::beforeConstructing(Lnet/minecraftforge/fml/common/LoaderState;[Ljava/lang/Object;Lorg/spongepowered/asm/mixin/injection/callback/CallbackInfo;)V has 0 override(s) in child classes
[17:42:55] [Client thread/DEBUG] [mixin]: mixin.mixinbooter.init.json:LoadControllerMixin from owner mixinbooter->@Inject::beforeConstructing(Lnet/minecraftforge/fml/common/LoaderState;[Ljava/lang/Object;Lorg/spongepowered/asm/mixin/injection/callback/CallbackInfo;)V won't be passed a CallbackInfo as a result
[17:42:55] [Client thread/TRACE] [mixin]: Added class metadata for java/lang/InstantiationException to metadata cache
[17:42:55] [Client thread/TRACE] [mixin]: Added class metadata for java/lang/IllegalAccessException to metadata cache
[17:42:55] [Client thread/TRACE] [mixin]: Added class metadata for java/lang/ReflectiveOperationException to metadata cache
[17:42:55] [Client thread/DEBUG] [FML]: Building injected Mod Containers [zone.rong.mixinbooter.MixinBooterModContainer, net.minecraftforge.fml.common.FMLContainer, net.minecraftforge.common.ForgeModContainer]
[17:42:55] [Client thread/INFO] [MixinBooter]: Initializing MixinBooter's Mod Container.
[17:42:55] [Client thread/DEBUG] [FML]: Attempting to load mods contained in the minecraft jar file and associated classes
[17:42:55] [Client thread/TRACE] [FML]: Skipping known library file D:\Java in send\gradle\repository\caches\modules-2\files-2.1\org.lwjgl.lwjgl\lwjgl\2.9.4-nightly-20150209\697517568c68e78ae0b4544145af031c81082dfe\lwjgl-2.9.4-nightly-20150209.jar
[17:42:55] [Client thread/TRACE] [FML]: Skipping known library file D:\Java in send\gradle\repository\caches\modules-2\files-2.1\org.lwjgl.lwjgl\lwjgl_util\2.9.4-nightly-20150209\d51a7c040a721d13efdfbd34f8b257b2df882ad0\lwjgl_util-2.9.4-nightly-20150209.jar
[17:42:55] [Client thread/TRACE] [FML]: Skipping known library file D:\Java in send\gradle\repository\caches\modules-2\files-2.1\org.lwjgl.lwjgl\lwjgl-platform\2.9.4-nightly-20150209\b84d5102b9dbfabfeb5e43c7e2828d98a7fc80e0\lwjgl-platform-2.9.4-nightly-20150209-natives-windows.jar
[17:42:55] [Client thread/DEBUG] [FML]: Found a minecraft related file at D:\github\mod\OpenFile\build\rfg\mclauncher-1.12.2.jar, examining for mod candidates
[17:42:55] [Client thread/DEBUG] [FML]: Found a minecraft related file at D:\github\mod\OpenFile\build\rfg\recompiled_minecraft-1.12.2.jar, examining for mod candidates
[17:42:55] [Client thread/TRACE] [FML]: Skipping known library file D:\Java in send\gradle\repository\caches\modules-2\files-2.1\net.minecraft\launchwrapper\1.12\111e7bea9c968cdb3d06ef4632bf7ff0824d0f36\launchwrapper-1.12.jar
[17:42:55] [Client thread/TRACE] [FML]: Skipping known library file D:\Java in send\gradle\repository\caches\modules-2\files-2.1\com.mojang\authlib\1.5.25\9834cdf236c22e84b946bba989e2f94ef5897c3c\authlib-1.5.25.jar
[17:42:55] [Client thread/DEBUG] [FML]: Found a minecraft related file at D:\Java in send\gradle\repository\caches\modules-2\files-2.1\com.google.code.findbugs\jsr305\2.0.1\516c03b21d50a644d538de0f0369c620989cd8f0\jsr305-2.0.1.jar, examining for mod candidates
[17:42:55] [Client thread/TRACE] [FML]: Skipping known library file D:\Java in send\gradle\repository\caches\modules-2\files-2.1\com.typesafe.akka\akka-actor_2.11\2.3.3\ed62e9fc709ca0f2ff1a3220daa8b70a2870078e\akka-actor_2.11-2.3.3.jar
[17:42:55] [Client thread/TRACE] [FML]: Skipping known library file D:\Java in send\gradle\repository\caches\modules-2\files-2.1\com.typesafe\config\1.2.1\f771f71fdae3df231bcd54d5ca2d57f0bf93f467\config-1.2.1.jar
[17:42:55] [Client thread/TRACE] [FML]: Skipping known library file D:\Java in send\gradle\repository\caches\modules-2\files-2.1\org.scala-lang\scala-actors-migration_2.11\1.1.0\dfa8bc42b181d5b9f1a5dd147f8ae308b893eb6f\scala-actors-migration_2.11-1.1.0.jar
[17:42:55] [Client thread/TRACE] [FML]: Skipping known library file D:\Java in send\gradle\repository\caches\modules-2\files-2.1\org.scala-lang\scala-compiler\2.11.5\eb2631e425d240f55ffc060c3262caa4d05d8d1a\scala-compiler-2.11.5.jar
[17:42:55] [Client thread/TRACE] [FML]: Skipping known library file D:\Java in send\gradle\repository\caches\modules-2\files-2.1\org.scala-lang.plugins\scala-continuations-library_2.11\1.0.2\e517c53a7e9acd6b1668c5a35eccbaa3bab9aac\scala-continuations-library_2.11-1.0.2.jar
[17:42:55] [Client thread/TRACE] [FML]: Skipping known library file D:\Java in send\gradle\repository\caches\modules-2\files-2.1\org.scala-lang.plugins\scala-continuations-plugin_2.11.1\1.0.2\f361a3283452c57fa30c1ee69448995de23c60f7\scala-continuations-plugin_2.11.1-1.0.2.jar
[17:42:55] [Client thread/TRACE] [FML]: Skipping known library file D:\Java in send\gradle\repository\caches\modules-2\files-2.1\org.scala-lang\scala-library\2.11.5\a5544bb030c5e6c3d81ad116b7dc5024f047df26\scala-library-2.11.5.jar
[17:42:55] [Client thread/TRACE] [FML]: Skipping known library file D:\Java in send\gradle\repository\caches\modules-2\files-2.1\org.scala-lang\scala-parser-combinators_2.11\1.0.1\f05d7345bf5a58924f2837c6c1f4d73a938e1ff0\scala-parser-combinators_2.11-1.0.1.jar
[17:42:55] [Client thread/TRACE] [FML]: Skipping known library file D:\Java in send\gradle\repository\caches\modules-2\files-2.1\org.scala-lang\scala-reflect\2.11.5\69ce65b0f0767c4e5eafaf789fdde7aab78bd9d\scala-reflect-2.11.5.jar
[17:42:55] [Client thread/TRACE] [FML]: Skipping known library file D:\Java in send\gradle\repository\caches\modules-2\files-2.1\org.scala-lang\scala-swing_2.11\1.0.1\b1cdd92bd47b1e1837139c1c53020e86bb9112ae\scala-swing_2.11-1.0.1.jar
[17:42:55] [Client thread/TRACE] [FML]: Skipping known library file D:\Java in send\gradle\repository\caches\modules-2\files-2.1\org.scala-lang\scala-xml_2.11\1.0.2\7a80ec00aec122fba7cd4e0d4cdd87ff7e4cb6d0\scala-xml_2.11-1.0.2.jar
[17:42:55] [Client thread/TRACE] [FML]: Skipping known library file D:\Java in send\gradle\repository\caches\modules-2\files-2.1\lzma\lzma\0.0.1\521616dc7487b42bef0e803bd2fa3faf668101d7\lzma-0.0.1.jar
[17:42:55] [Client thread/DEBUG] [FML]: Found a minecraft related file at D:\Java in send\gradle\repository\caches\modules-2\files-2.1\org.ow2.asm\asm-debug-all\5.2\3354e11e2b34215f06dab629ab88e06aca477c19\asm-debug-all-5.2.jar, examining for mod candidates
[17:42:55] [Client thread/TRACE] [FML]: Skipping known library file D:\Java in send\gradle\repository\caches\modules-2\files-2.1\org.jline\jline\3.5.1\51800e9d7a13608894a5a28eed0f5c7fa2f300fb\jline-3.5.1.jar
[17:42:55] [Client thread/TRACE] [FML]: Skipping known library file D:\Java in send\gradle\repository\caches\modules-2\files-2.1\java3d\vecmath\1.5.2\79846ba34cbd89e2422d74d53752f993dcc2ccaf\vecmath-1.5.2.jar
[17:42:55] [Client thread/TRACE] [FML]: Skipping known library file D:\Java in send\gradle\repository\caches\modules-2\files-2.1\net.sf.trove4j\trove4j\3.0.3\42ccaf4761f0dfdfa805c9e340d99a755907e2dd\trove4j-3.0.3.jar
[17:42:55] [Client thread/DEBUG] [FML]: Found a minecraft related file at D:\Java in send\gradle\repository\caches\modules-2\files-2.1\org.apache.maven\maven-artifact\3.5.3\7dc72b6d6d8a6dced3d294ed54c2cc3515ade9f4\maven-artifact-3.5.3.jar, examining for mod candidates
[17:42:55] [Client thread/TRACE] [FML]: Skipping known library file D:\Java in send\gradle\repository\caches\modules-2\files-2.1\com.paulscode\codecjorbis\20101023\c73b5636faf089d9f00e8732a829577de25237ee\codecjorbis-20101023.jar
[17:42:55] [Client thread/TRACE] [FML]: Skipping known library file D:\Java in send\gradle\repository\caches\modules-2\files-2.1\com.paulscode\codecwav\20101023\12f031cfe88fef5c1dd36c563c0a3a69bd7261da\codecwav-20101023.jar
[17:42:55] [Client thread/TRACE] [FML]: Skipping known library file D:\Java in send\gradle\repository\caches\modules-2\files-2.1\com.paulscode\libraryjavasound\20101123\5c5e304366f75f9eaa2e8cca546a1fb6109348b3\libraryjavasound-20101123.jar
[17:42:55] [Client thread/TRACE] [FML]: Skipping known library file D:\Java in send\gradle\repository\caches\modules-2\files-2.1\com.paulscode\librarylwjglopenal\20100824\73e80d0794c39665aec3f62eee88ca91676674ef\librarylwjglopenal-20100824.jar
[17:42:55] [Client thread/TRACE] [FML]: Skipping known library file D:\Java in send\gradle\repository\caches\modules-2\files-2.1\com.paulscode\soundsystem\20120107\419c05fe9be71f792b2d76cfc9b67f1ed0fec7f6\soundsystem-20120107.jar
[17:42:55] [Client thread/DEBUG] [FML]: Found a minecraft related file at D:\Java in send\gradle\repository\caches\modules-2\files-2.1\com.mojang\patchy\1.3.9\eb8bb7b66fa0e2152b1b40b3856e82f7619439ee\patchy-1.3.9.jar, examining for mod candidates
[17:42:55] [Client thread/TRACE] [FML]: Skipping known library file D:\Java in send\gradle\repository\caches\modules-2\files-2.1\oshi-project\oshi-core\1.1\9ddf7b048a8d701be231c0f4f95fd986198fd2d8\oshi-core-1.1.jar
[17:42:55] [Client thread/DEBUG] [FML]: Found a minecraft related file at D:\Java in send\gradle\repository\caches\modules-2\files-2.1\com.mojang\text2speech\1.10.3\48fd510879dff266c3815947de66e3d4809f8668\text2speech-1.10.3.jar, examining for mod candidates
[17:42:55] [Client thread/DEBUG] [FML]: Found a minecraft related file at D:\Java in send\gradle\repository\caches\modules-2\files-2.1\com.mojang\text2speech\1.10.3\84a4b856389cc4f485275b1f63497a95a857a443\text2speech-1.10.3-natives-windows.jar, examining for mod candidates
[17:42:55] [Client thread/DEBUG] [FML]: Found a minecraft related file at D:\Java in send\gradle\repository\caches\modules-2\files-2.1\ca.weblite\java-objc-bridge\1.0.0\6ef160c3133a78de015830860197602ca1c855d3\java-objc-bridge-1.0.0.jar, examining for mod candidates
[17:42:55] [Client thread/TRACE] [FML]: Skipping known library file D:\Java in send\gradle\repository\caches\modules-2\files-2.1\net.java.dev.jna\jna\4.4.0\cb208278274bf12ebdb56c61bd7407e6f774d65a\jna-4.4.0.jar
[17:42:55] [Client thread/TRACE] [FML]: Skipping known library file D:\Java in send\gradle\repository\caches\modules-2\files-2.1\net.java.dev.jna\platform\3.4.0\e3f70017be8100d3d6923f50b3d2ee17714e9c13\platform-3.4.0.jar
[17:42:55] [Client thread/TRACE] [FML]: Skipping known library file D:\Java in send\gradle\repository\caches\modules-2\files-2.1\com.ibm.icu\icu4j-core-mojang\51.2\63d216a9311cca6be337c1e458e587f99d382b84\icu4j-core-mojang-51.2.jar
[17:42:55] [Client thread/TRACE] [FML]: Skipping known library file D:\Java in send\gradle\repository\caches\modules-2\files-2.1\net.sf.jopt-simple\jopt-simple\5.0.3\cdd846cfc4e0f7eefafc02c0f5dce32b9303aa2a\jopt-simple-5.0.3.jar
[17:42:55] [Client thread/TRACE] [FML]: Skipping known library file D:\Java in send\gradle\repository\caches\modules-2\files-2.1\io.netty\netty-all\4.1.9.Final\97860965d6a0a6b98e7f569f3f966727b8db75\netty-all-4.1.9.Final.jar
[17:42:55] [Client thread/TRACE] [FML]: Skipping known library file D:\Java in send\gradle\repository\caches\modules-2\files-2.1\com.google.guava\guava\21.0\3a3d111be1be1b745edfa7d91678a12d7ed38709\guava-21.0.jar
[17:42:55] [Client thread/TRACE] [FML]: Skipping known library file D:\Java in send\gradle\repository\caches\modules-2\files-2.1\org.apache.commons\commons-lang3\3.5\6c6c702c89bfff3cd9e80b04d668c5e190d588c6\commons-lang3-3.5.jar
[17:42:55] [Client thread/TRACE] [FML]: Skipping known library file D:\Java in send\gradle\repository\caches\modules-2\files-2.1\commons-io\commons-io\2.5\2852e6e05fbb95076fc091f6d1780f1f8fe35e0f\commons-io-2.5.jar
[17:42:55] [Client thread/TRACE] [FML]: Skipping known library file D:\Java in send\gradle\repository\caches\modules-2\files-2.1\com.mojang\realms\1.10.22\bd0dccebdf3744c75f1ca20063f16e8f7d5e663f\realms-1.10.22.jar
[17:42:55] [Client thread/TRACE] [FML]: Skipping known library file D:\Java in send\gradle\repository\caches\modules-2\files-2.1\org.apache.httpcomponents\httpclient\4.3.3\18f4247ff4572a074444572cee34647c43e7c9c7\httpclient-4.3.3.jar
[17:42:55] [Client thread/TRACE] [FML]: Skipping known library file D:\Java in send\gradle\repository\caches\modules-2\files-2.1\commons-codec\commons-codec\1.10\4b95f4897fa13f2cd904aee711aeafc0c5295cd8\commons-codec-1.10.jar
[17:42:55] [Client thread/TRACE] [FML]: Skipping known library file D:\Java in send\gradle\repository\caches\modules-2\files-2.1\com.google.code.gson\gson\2.8.0\c4ba5371a29ac9b2ad6129b1d39ea38750043eff\gson-2.8.0.jar
[17:42:55] [Client thread/TRACE] [FML]: Skipping known library file D:\Java in send\gradle\repository\caches\modules-2\files-2.1\org.apache.commons\commons-compress\1.8.1\a698750c16740fd5b3871425f4cb3bbaa87f529d\commons-compress-1.8.1.jar
[17:42:55] [Client thread/TRACE] [FML]: Skipping known library file D:\Java in send\gradle\repository\caches\modules-2\files-2.1\commons-logging\commons-logging\1.1.3\f6f66e966c70a83ffbdb6f17a0919eaf7c8aca7f\commons-logging-1.1.3.jar
[17:42:55] [Client thread/TRACE] [FML]: Skipping known library file D:\Java in send\gradle\repository\caches\modules-2\files-2.1\org.apache.httpcomponents\httpcore\4.3.2\31fbbff1ddbf98f3aa7377c94d33b0447c646b6e\httpcore-4.3.2.jar
[17:42:55] [Client thread/TRACE] [FML]: Skipping known library file D:\Java in send\gradle\repository\caches\modules-2\files-2.1\it.unimi.dsi\fastutil\7.1.0\9835253257524c1be7ab50c057aa2d418fb72082\fastutil-7.1.0.jar
[17:42:55] [Client thread/TRACE] [FML]: Skipping known library file D:\Java in send\gradle\repository\caches\modules-2\files-2.1\org.apache.logging.log4j\log4j-core\2.17.1\779f60f3844dadc3ef597976fcb1e5127b1f343d\log4j-core-2.17.1.jar
[17:42:55] [Client thread/TRACE] [FML]: Skipping known library file D:\Java in send\gradle\repository\caches\modules-2\files-2.1\org.apache.logging.log4j\log4j-api\2.17.1\d771af8e336e372fb5399c99edabe0919aeaf5b2\log4j-api-2.17.1.jar
[17:42:55] [Client thread/TRACE] [FML]: Skipping known library file D:\Java in send\gradle\repository\caches\modules-2\files-2.1\net.java.jinput\jinput-platform\2.0.5\385ee093e01f587f30ee1c8a2ee7d408fd732e16\jinput-platform-2.0.5-natives-windows.jar
[17:42:55] [Client thread/DEBUG] [FML]: Found a minecraft related file at D:\Java in send\gradle\repository\caches\modules-2\files-2.1\org.codehaus.plexus\plexus-utils\3.1.0\60eecb6f15abdb1c653ad80abaac6fe188b3feaa\plexus-utils-3.1.0.jar, examining for mod candidates
[17:42:55] [Client thread/DEBUG] [FML]: Found a minecraft related file at D:\github\mod\OpenFile\build\libs\open_file-1.0.0-dev.jar, examining for mod candidates
[17:42:55] [Client thread/DEBUG] [FML]: Found a minecraft related file at D:\Java in send\gradle\repository\caches\modules-2\files-2.1\com.cleanroommc\osxnarratorblocker\1.0\4dc648d76ec200b3665cc7f73bf71db2f6d79d76\osxnarratorblocker-1.0-dev.jar, examining for mod candidates
[17:42:55] [Client thread/DEBUG] [FML]: Found a minecraft related file at D:\Java in send\gradle\repository\caches\modules-2\files-2.1\com.cleanroommc\strip-latest-forge-requirements\1.0\4309fc570383612223406af993ccbaa339c99d81\strip-latest-forge-requirements-1.0-dev.jar, examining for mod candidates
[17:42:55] [Client thread/DEBUG] [FML]: Found a minecraft related file at D:\Java in send\gradle\repository\caches\modules-2\files-2.1\zone.rong\mixinbooter\10.6\1e66c1799f30239386e5f2ed8b25ab2d9063cdb3\mixinbooter-10.6.jar, examining for mod candidates
[17:42:55] [Client thread/DEBUG] [FML]: Found a minecraft related file at D:\Java in send\gradle\repository\caches\modules-2\files-2.1\mezz\jei\4.31.2\b81f8798d59d526c2a2c5c8d72620c7a5bef5e43\jei-4.31.2-dev.jar, examining for mod candidates
[17:42:55] [Client thread/DEBUG] [FML]: Found a minecraft related file at D:\Java in send\gradle\repository\caches\9.2.1\transforms\8de54ae8378eca8321ca23ad8f3e2294\workspace\transformed\ae2-extended-life-570458-6302098-deobf.jar, examining for mod candidates
[17:42:55] [Client thread/DEBUG] [FML]: Minecraft jar mods loaded successfully
[17:42:55] [Client thread/INFO] [FML]: Searching D:\github\mod\OpenFile\run\mods for mods
[17:42:55] [Client thread/DEBUG] [FML]: Examining file mclauncher-1.12.2.jar for potential mods
[17:42:55] [Client thread/DEBUG] [FML]: The mod container mclauncher-1.12.2.jar appears to be missing an mcmod.info file
[17:42:55] [Client thread/DEBUG] [mixin]: Mixing FMLModContainerMixin from mixins.striplatestforgerequirements.json into net.minecraftforge.fml.common.FMLModContainer
[17:42:55] [Client thread/DEBUG] [mixin]: Renaming synthetic method lambda$voidForgeRequirements$1(Lnet/minecraftforge/fml/common/versioning/ArtifactVersion;)Z to md40c6cf$unknown-owner$lambda$voidForgeRequirements$1$0 in mixins.striplatestforgerequirements.json:FMLModContainerMixin from owner unknown-owner
[17:42:55] [Client thread/DEBUG] [mixin]: Renaming synthetic method lambda$voidForgeRequirements$0(Lnet/minecraftforge/fml/common/versioning/ArtifactVersion;)Z to md40c6cf$unknown-owner$lambda$voidForgeRequirements$0$1 in mixins.striplatestforgerequirements.json:FMLModContainerMixin from owner unknown-owner
[17:42:55] [Client thread/TRACE] [mixin]: Added class metadata for net/minecraftforge/fml/common/ModMetadata to metadata cache
[17:42:55] [Client thread/TRACE] [mixin]: Added class metadata for net/minecraftforge/fml/common/versioning/ArtifactVersion to metadata cache
[17:42:55] [Client thread/TRACE] [mixin]: Added class metadata for net/minecraftforge/fml/common/MetadataCollection to metadata cache
[17:42:55] [Client thread/TRACE] [mixin]: Added class metadata for java/util/function/Predicate to metadata cache
[17:42:55] [Client thread/DEBUG] [mixin]: mixins.striplatestforgerequirements.json:FMLModContainerMixin from owner unknown-owner->@Inject::voidForgeRequirements(Lnet/minecraftforge/fml/common/MetadataCollection;Lorg/spongepowered/asm/mixin/injection/callback/CallbackInfo;)V doesn't use it's CallbackInfo
[17:42:55] [Client thread/DEBUG] [mixin]: mixins.striplatestforgerequirements.json:FMLModContainerMixin from owner unknown-owner->@Inject::voidForgeRequirements(Lnet/minecraftforge/fml/common/MetadataCollection;Lorg/spongepowered/asm/mixin/injection/callback/CallbackInfo;)V has 0 override(s) in child classes
[17:42:55] [Client thread/DEBUG] [mixin]: mixins.striplatestforgerequirements.json:FMLModContainerMixin from owner unknown-owner->@Inject::voidForgeRequirements(Lnet/minecraftforge/fml/common/MetadataCollection;Lorg/spongepowered/asm/mixin/injection/callback/CallbackInfo;)V won't be passed a CallbackInfo as a result
[17:42:55] [Client thread/TRACE] [mixin]: Added class metadata for net/minecraftforge/fml/common/ILanguageAdapter$ScalaAdapter to metadata cache
[17:42:55] [Client thread/TRACE] [mixin]: Added class metadata for net/minecraftforge/fml/common/ILanguageAdapter$JavaAdapter to metadata cache
[17:42:55] [Client thread/TRACE] [mixin]: Added class metadata for java/util/Properties to metadata cache
[17:42:55] [Client thread/TRACE] [mixin]: Added class metadata for net/minecraftforge/fml/common/versioning/DependencyParser to metadata cache
[17:42:55] [Client thread/TRACE] [mixin]: Added class metadata for java/util/Hashtable to metadata cache
[17:42:55] [Client thread/TRACE] [mixin]: Added class metadata for java/util/Dictionary to metadata cache
[17:42:55] [Client thread/DEBUG] [FML]: Examining file recompiled_minecraft-1.12.2.jar for potential mods
[17:42:55] [Client thread/DEBUG] [FML]: The mod container recompiled_minecraft-1.12.2.jar appears to be missing an mcmod.info file
[17:42:55] [Client thread/DEBUG] [FML]: Examining file jsr305-2.0.1.jar for potential mods
[17:42:55] [Client thread/DEBUG] [FML]: The mod container jsr305-2.0.1.jar appears to be missing an mcmod.info file
[17:42:55] [Client thread/DEBUG] [FML]: Examining file asm-debug-all-5.2.jar for potential mods
[17:42:55] [Client thread/DEBUG] [FML]: The mod container asm-debug-all-5.2.jar appears to be missing an mcmod.info file
[17:42:55] [Client thread/DEBUG] [FML]: Examining file maven-artifact-3.5.3.jar for potential mods
[17:42:55] [Client thread/DEBUG] [FML]: The mod container maven-artifact-3.5.3.jar appears to be missing an mcmod.info file
[17:42:55] [Client thread/DEBUG] [FML]: Examining file patchy-1.3.9.jar for potential mods
[17:42:55] [Client thread/DEBUG] [FML]: The mod container patchy-1.3.9.jar appears to be missing an mcmod.info file
[17:42:55] [Client thread/DEBUG] [FML]: Examining file text2speech-1.10.3.jar for potential mods
[17:42:55] [Client thread/DEBUG] [FML]: The mod container text2speech-1.10.3.jar appears to be missing an mcmod.info file
[17:42:55] [Client thread/DEBUG] [FML]: Examining file text2speech-1.10.3-natives-windows.jar for potential mods
[17:42:55] [Client thread/DEBUG] [FML]: The mod container text2speech-1.10.3-natives-windows.jar appears to be missing an mcmod.info file
[17:42:55] [Client thread/DEBUG] [FML]: Examining file java-objc-bridge-1.0.0.jar for potential mods
[17:42:55] [Client thread/DEBUG] [FML]: The mod container java-objc-bridge-1.0.0.jar appears to be missing an mcmod.info file
[17:42:55] [Client thread/DEBUG] [FML]: Examining file plexus-utils-3.1.0.jar for potential mods
[17:42:55] [Client thread/DEBUG] [FML]: The mod container plexus-utils-3.1.0.jar appears to be missing an mcmod.info file
[17:42:55] [Client thread/DEBUG] [FML]: Examining file open_file-1.0.0-dev.jar for potential mods
[17:42:55] [Client thread/TRACE] [FML]: Located mcmod.info file in file open_file-1.0.0-dev.jar
[17:42:55] [Client thread/DEBUG] [FML]: Identified a mod of type Lnet/minecraftforge/fml/common/Mod; (com.lw.OpenFile.OpenFile) - loading
[17:42:55] [Client thread/TRACE] [FML]: Parsed dependency info for open_file: Requirements: [appliedenergistics2] After:[appliedenergistics2, mixinbooter] Before:[]
[17:42:55] [Client thread/DEBUG] [FML]: Examining file osxnarratorblocker-1.0-dev.jar for potential mods
[17:42:55] [Client thread/DEBUG] [FML]: The mod container osxnarratorblocker-1.0-dev.jar appears to be missing an mcmod.info file
[17:42:55] [Client thread/DEBUG] [FML]: Examining file strip-latest-forge-requirements-1.0-dev.jar for potential mods
[17:42:55] [Client thread/DEBUG] [FML]: The mod container strip-latest-forge-requirements-1.0-dev.jar appears to be missing an mcmod.info file
[17:42:55] [Client thread/DEBUG] [FML]: Examining file mixinbooter-10.6.jar for potential mods
[17:42:55] [Client thread/TRACE] [FML]: Located mcmod.info file in file mixinbooter-10.6.jar
[17:42:55] [Client thread/DEBUG] [FML]: Examining file jei-4.31.2-dev.jar for potential mods
[17:42:55] [Client thread/TRACE] [FML]: Located mcmod.info file in file jei-4.31.2-dev.jar
[17:42:55] [Client thread/DEBUG] [FML]: Identified a mod of type Lnet/minecraftforge/fml/common/Mod; (mezz.jei.JustEnoughItems) - loading
[17:42:55] [Client thread/TRACE] [FML]: Parsed dependency info for jei: Requirements: [forge@[14.23.5.2816,)] After:[forge@[14.23.5.2816,)] Before:[]
[17:42:55] [Client thread/DEBUG] [FML]: Examining file ae2-extended-life-570458-6302098-deobf.jar for potential mods
[17:42:55] [Client thread/TRACE] [FML]: Located mcmod.info file in file ae2-extended-life-570458-6302098-deobf.jar
[17:42:55] [Client thread/DEBUG] [FML]: Identified a mod of type Lnet/minecraftforge/fml/common/Mod; (appeng.core.AppEng) - loading
[17:42:55] [Client thread/TRACE] [FML]: Parsed dependency info for appliedenergistics2: Requirements: [forge@[14.23.5.2847,15.0.0.0)] After:[forge@[14.23.5.2847,15.0.0.0), ctm@[MC1.12.2-1.0.2.31,), itemstages, recipestages] Before:[bogosorter@[1.2.2,)]
[17:42:56] [Client thread/INFO] [FML]: Forge Mod Loader has identified 8 mods to load
[17:42:56] [Client thread/DEBUG] [FML]: Found API mezz.jei.api (owned by jei providing JustEnoughItemsAPI) embedded in jei
[17:42:56] [Client thread/DEBUG] [FML]: Found API appeng.api (owned by appliedenergistics2 providing appliedenergistics2|API) embedded in appliedenergistics2
[17:42:56] [Client thread/DEBUG] [FML]: Creating API container dummy for API JustEnoughItemsAPI: owner: jei, dependents: []
[17:42:56] [Client thread/DEBUG] [FML]: Creating API container dummy for API appliedenergistics2|API: owner: appliedenergistics2, dependents: []
[17:42:56] [Client thread/TRACE] [FML]: Received a system property request ''
[17:42:56] [Client thread/TRACE] [FML]: System property request managing the state of 0 mods
[17:42:56] [Client thread/DEBUG] [FML]: After merging, found state information for 0 mods
[17:42:56] [Client thread/DEBUG] [FML]: Mod Forge Mod Loader is missing a pack.mcmeta file, substituting a dummy one
[17:42:56] [Client thread/DEBUG] [FML]: Mod Minecraft Forge is missing a pack.mcmeta file, substituting a dummy one
[17:42:56] [Client thread/DEBUG] [FML]: Enabling mod open_file
[17:42:56] [Client thread/DEBUG] [FML]: Enabling mod jei
[17:42:56] [Client thread/DEBUG] [FML]: Enabling mod appliedenergistics2
[17:42:56] [Client thread/TRACE] [FML]: Verifying mod requirements are satisfied
[17:42:56] [Client thread/TRACE] [FML]: All mod requirements are satisfied
[17:42:56] [Client thread/TRACE] [FML]: Sorting mods into an ordered list
[17:42:56] [Client thread/TRACE] [FML]: Mod sorting completed successfully
[17:42:56] [Client thread/DEBUG] [FML]: Mod sorting data
[17:42:56] [Client thread/DEBUG] [FML]: 	appliedenergistics2(AE2 Unofficial Extended Life:v0.56.7): ae2-extended-life-570458-6302098-deobf.jar (required-after:forge@[14.23.5.2847,15.0.0.0);after:ctm@[MC1.12.2-1.0.2.31,);after:itemstages;after:recipestages;before:bogosorter@[1.2.2,);)
[17:42:56] [Client thread/DEBUG] [FML]: 	open_file(OpenFile:1.0.0): open_file-1.0.0-dev.jar (required-after:appliedenergistics2;after:mixinbooter)
[17:42:56] [Client thread/DEBUG] [FML]: 	jei(Had Enough Items:4.31.2): jei-4.31.2-dev.jar (required-after:forge@[14.23.5.2816,);)
[17:42:56] [Client thread/DEBUG] [FML]: 	JustEnoughItemsAPI(API: JustEnoughItemsAPI:4.13.0): jei-4.31.2-dev.jar ()
[17:42:56] [Client thread/DEBUG] [FML]: 	appliedenergistics2|API(API: appliedenergistics2|API:rv6): ae2-extended-life-570458-6302098-deobf.jar ()
[17:42:56] [Client thread/DEBUG] [FML]: Loading @Config anotation data
[17:42:56] [Client thread/INFO] [MixinBooter]: Loading late loader [com.lw.OpenFile.OpenFile] for its mixins.
[17:42:56] [Client thread/INFO] [MixinBooter]: Adding [mixins.open_file.json] mixin configuration.
[17:42:56] [Client thread/DEBUG] [mixin]: Ending MixinEnvironment[DEFAULT], applied 3 mixins
[17:42:56] [Client thread/DEBUG] [mixin]: Checking for additional mixins for MixinEnvironment[DEFAULT]
[17:42:56] [Client thread/DEBUG] [mixin]: Selecting config mixins.open_file.json
[17:42:56] [Client thread/DEBUG] [mixin]: Remapping refMap mixins.open_file.refmap.json using remapper chain
[17:42:56] [Client thread/DEBUG] [mixin]: Preparing mixins.open_file.json (4)
[17:42:56] [Client thread/DEBUG] [org.spongepowered.asm.service.mojang.MixinServiceLaunchWrapper]: Rebuilding transformer delegation list:
[17:42:56] [Client thread/DEBUG] [org.spongepowered.asm.service.mojang.MixinServiceLaunchWrapper]: Found name transformer: net.minecraftforge.fml.common.asm.transformers.DeobfuscationTransformer
[17:42:56] [Client thread/DEBUG] [org.spongepowered.asm.service.mojang.MixinServiceLaunchWrapper]:   Excluding: org.spongepowered.asm.mixin.transformer.Proxy
[17:42:56] [Client thread/DEBUG] [org.spongepowered.asm.service.mojang.MixinServiceLaunchWrapper]:   Adding:    net.minecraftforge.fml.common.asm.transformers.PatchingTransformer
[17:42:56] [Client thread/DEBUG] [org.spongepowered.asm.service.mojang.MixinServiceLaunchWrapper]:   Adding:    $wrapper.net.minecraftforge.fml.common.asm.transformers.SideTransformer
[17:42:56] [Client thread/DEBUG] [org.spongepowered.asm.service.mojang.MixinServiceLaunchWrapper]:   Excluding: $wrapper.net.minecraftforge.fml.common.asm.transformers.EventSubscriptionTransformer
[17:42:56] [Client thread/DEBUG] [org.spongepowered.asm.service.mojang.MixinServiceLaunchWrapper]:   Adding:    $wrapper.net.minecraftforge.fml.common.asm.transformers.EventSubscriberTransformer
[17:42:56] [Client thread/DEBUG] [org.spongepowered.asm.service.mojang.MixinServiceLaunchWrapper]:   Adding:    $wrapper.net.minecraftforge.fml.common.asm.transformers.SoundEngineFixTransformer
[17:42:56] [Client thread/DEBUG] [org.spongepowered.asm.service.mojang.MixinServiceLaunchWrapper]:   Adding:    net.minecraftforge.fml.common.asm.transformers.DeobfuscationTransformer
[17:42:56] [Client thread/DEBUG] [org.spongepowered.asm.service.mojang.MixinServiceLaunchWrapper]:   Adding:    net.minecraftforge.fml.common.asm.transformers.AccessTransformer
[17:42:56] [Client thread/DEBUG] [org.spongepowered.asm.service.mojang.MixinServiceLaunchWrapper]:   Adding:    net.minecraftforge.fml.common.asm.transformers.ModAccessTransformer
[17:42:56] [Client thread/DEBUG] [org.spongepowered.asm.service.mojang.MixinServiceLaunchWrapper]:   Adding:    net.minecraftforge.fml.common.asm.transformers.ItemStackTransformer
[17:42:56] [Client thread/DEBUG] [org.spongepowered.asm.service.mojang.MixinServiceLaunchWrapper]:   Adding:    net.minecraftforge.fml.common.asm.transformers.ItemBlockTransformer
[17:42:56] [Client thread/DEBUG] [org.spongepowered.asm.service.mojang.MixinServiceLaunchWrapper]:   Adding:    net.minecraftforge.fml.common.asm.transformers.ItemBlockSpecialTransformer
[17:42:56] [Client thread/DEBUG] [org.spongepowered.asm.service.mojang.MixinServiceLaunchWrapper]:   Adding:    net.minecraftforge.fml.common.asm.transformers.PotionEffectTransformer
[17:42:56] [Client thread/DEBUG] [org.spongepowered.asm.service.mojang.MixinServiceLaunchWrapper]:   Adding:    $wrapper.appeng.core.transformer.AE2ELTransformer
[17:42:56] [Client thread/DEBUG] [org.spongepowered.asm.service.mojang.MixinServiceLaunchWrapper]:   Adding:    net.minecraftforge.gradle.GradleForgeHacks$AccessTransformerTransformer
[17:42:56] [Client thread/DEBUG] [org.spongepowered.asm.service.mojang.MixinServiceLaunchWrapper]:   Excluding: net.minecraftforge.fml.common.asm.transformers.TerminalTransformer
[17:42:56] [Client thread/DEBUG] [org.spongepowered.asm.service.mojang.MixinServiceLaunchWrapper]:   Excluding: org.spongepowered.asm.mixin.transformer.Proxy
[17:42:56] [Client thread/DEBUG] [org.spongepowered.asm.service.mojang.MixinServiceLaunchWrapper]:   Adding:    net.minecraftforge.fml.common.asm.transformers.ModAPITransformer
[17:42:56] [Client thread/DEBUG] [org.spongepowered.asm.service.mojang.MixinServiceLaunchWrapper]: Transformer delegation list created with 14 entries
[17:42:56] [Client thread/DEBUG] [mixin]: RemapperAdapterFML is remapping class appeng/container/implementations/ContainerPatternEncoder
[17:42:56] [Client thread/DEBUG] [mixin]: RemapperAdapterFML is remapping class appeng/container/implementations/ContainerInterfaceTerminal
[17:42:56] [Client thread/DEBUG] [mixin]: RemapperAdapterFML is remapping class appeng/items/misc/ItemEncodedPattern
[17:42:56] [Client thread/DEBUG] [mixin]: RemapperAdapterFML is remapping class appeng/client/gui/implementations/GuiMEMonitorable
[17:42:56] [Client thread/TRACE] [mixin]: Added class metadata for appeng/container/implementations/ContainerPatternEncoder to metadata cache
[17:42:56] [Client thread/DEBUG] [mixin]: @Mixin target appeng/container/implementations/ContainerPatternEncoder is public in mixins.open_file.json:MixinContainerPatternTerm from owner unknown-owner and should be specified in value
[17:42:56] [Client thread/DEBUG] [mixin.agent]: Mixin class com.lw.OpenFile.mixin.ae2.MixinContainerPatternTerm added to class loader
[17:42:56] [Client thread/TRACE] [mixin]: Added class metadata for appeng/container/implementations/ContainerInterfaceTerminal to metadata cache
[17:42:56] [Client thread/DEBUG] [mixin]: @Mixin target appeng/container/implementations/ContainerInterfaceTerminal is public in mixins.open_file.json:MixinContainerInterfaceTerminal from owner unknown-owner and should be specified in value
[17:42:56] [Client thread/DEBUG] [mixin.agent]: Mixin class com.lw.OpenFile.mixin.ae2.MixinContainerInterfaceTerminal added to class loader
[17:42:56] [Client thread/TRACE] [mixin]: Added class metadata for appeng/items/misc/ItemEncodedPattern to metadata cache
[17:42:56] [Client thread/DEBUG] [mixin]: @Mixin target appeng/items/misc/ItemEncodedPattern is public in mixins.open_file.json:MixinItemEncodedPattern from owner unknown-owner and should be specified in value
[17:42:56] [Client thread/DEBUG] [mixin.agent]: Mixin class com.lw.OpenFile.mixin.ae2.MixinItemEncodedPattern added to class loader
[17:42:56] [Client thread/TRACE] [mixin]: Added class metadata for appeng/client/gui/implementations/GuiMEMonitorable to metadata cache
[17:42:56] [Client thread/DEBUG] [mixin]: @Mixin target appeng/client/gui/implementations/GuiMEMonitorable is public in mixins.open_file.json:MixinGuiMEMonitorable from owner unknown-owner and should be specified in value
[17:42:56] [Client thread/DEBUG] [mixin.agent]: Mixin class com.lw.OpenFile.mixin.ae2.MixinGuiMEMonitorable added to class loader
[17:42:56] [Client thread/TRACE] [FML]: Sending event FMLConstructionEvent to mod minecraft
[17:42:56] [Client thread/TRACE] [FML]: Sent event FMLConstructionEvent to mod minecraft
[17:42:56] [Client thread/DEBUG] [FML]: Bar Step: Construction - Minecraft took 0.001s
[17:42:56] [Client thread/TRACE] [FML]: Sending event FMLConstructionEvent to mod mcp
[17:42:56] [Client thread/TRACE] [FML]: Sent event FMLConstructionEvent to mod mcp
[17:42:56] [Client thread/DEBUG] [FML]: Bar Step: Construction - Minecraft Coder Pack took 0.000s
[17:42:56] [Client thread/TRACE] [FML]: Sending event FMLConstructionEvent to mod mixinbooter
[17:42:56] [Client thread/TRACE] [FML]: Sent event FMLConstructionEvent to mod mixinbooter
[17:42:56] [Client thread/DEBUG] [FML]: Bar Step: Construction - MixinBooter took 0.000s
[17:42:56] [Client thread/TRACE] [FML]: Sending event FMLConstructionEvent to mod FML
[17:42:56] [Client thread/TRACE] [FML]: Mod FML is using network checker : Invoking method checkModLists
[17:42:56] [Client thread/TRACE] [FML]: Testing mod FML to verify it accepts its own version in a remote connection
[17:42:56] [Client thread/TRACE] [FML]: The mod FML accepts its own version (8.0.99.99)
[17:42:56] [Client thread/INFO] [FML]: Attempting connection with missing mods [minecraft, mcp, mixinbooter, FML, forge, open_file, jei, appliedenergistics2] at CLIENT
[17:42:56] [Client thread/INFO] [FML]: Attempting connection with missing mods [minecraft, mcp, mixinbooter, FML, forge, open_file, jei, appliedenergistics2] at SERVER
[17:42:56] [Client thread/INFO] [STDOUT]: [appeng.core.transformer.AE2ELTransformer:spliceClasses:140]: Spliced in METHOD: net.minecraft.network.PacketBuffer.readItemStack
[17:42:56] [Client thread/INFO] [STDOUT]: [appeng.core.transformer.AE2ELTransformer:spliceClasses:140]: Spliced in METHOD: net.minecraft.network.PacketBuffer.writeItemStack
[17:42:56] [Client thread/TRACE] [FML]: Sent event FMLConstructionEvent to mod FML
[17:42:56] [Client thread/DEBUG] [FML]: Bar Step: Construction - Forge Mod Loader took 0.218s
[17:42:56] [Client thread/TRACE] [FML]: Sending event FMLConstructionEvent to mod forge
[17:42:56] [Client thread/DEBUG] [forge]: Loading Vanilla annotations: null
[17:42:56] [Client thread/DEBUG] [forge]: Preloading CrashReport Classes
[17:42:56] [Client thread/DEBUG] [forge]: 	net/minecraft/client/Minecraft$10
[17:42:56] [Client thread/DEBUG] [forge]: 	net/minecraft/client/Minecraft$11
[17:42:56] [Client thread/DEBUG] [forge]: 	net/minecraft/client/Minecraft$12
[17:42:56] [Client thread/DEBUG] [forge]: 	net/minecraft/client/Minecraft$13
[17:42:56] [Client thread/DEBUG] [forge]: 	net/minecraft/client/Minecraft$14
[17:42:56] [Client thread/DEBUG] [forge]: 	net/minecraft/client/Minecraft$2
[17:42:56] [Client thread/DEBUG] [forge]: 	net/minecraft/client/Minecraft$3
[17:42:56] [Client thread/DEBUG] [forge]: 	net/minecraft/client/Minecraft$4
[17:42:56] [Client thread/DEBUG] [forge]: 	net/minecraft/client/Minecraft$5
[17:42:56] [Client thread/DEBUG] [forge]: 	net/minecraft/client/Minecraft$6
[17:42:56] [Client thread/DEBUG] [forge]: 	net/minecraft/client/Minecraft$7
[17:42:56] [Client thread/DEBUG] [forge]: 	net/minecraft/client/Minecraft$8
[17:42:56] [Client thread/DEBUG] [forge]: 	net/minecraft/client/Minecraft$9
[17:42:56] [Client thread/DEBUG] [forge]: 	net/minecraft/client/multiplayer/WorldClient$1
[17:42:56] [Client thread/DEBUG] [forge]: 	net/minecraft/client/multiplayer/WorldClient$2
[17:42:56] [Client thread/DEBUG] [forge]: 	net/minecraft/client/multiplayer/WorldClient$3
[17:42:56] [Client thread/DEBUG] [forge]: 	net/minecraft/client/multiplayer/WorldClient$4
[17:42:56] [Client thread/DEBUG] [forge]: 	net/minecraft/client/particle/ParticleManager$1
[17:42:56] [Client thread/DEBUG] [forge]: 	net/minecraft/client/particle/ParticleManager$2
[17:42:56] [Client thread/DEBUG] [forge]: 	net/minecraft/client/particle/ParticleManager$3
[17:42:56] [Client thread/DEBUG] [forge]: 	net/minecraft/client/particle/ParticleManager$4
[17:42:56] [Client thread/DEBUG] [forge]: 	net/minecraft/client/renderer/EntityRenderer$2
[17:42:56] [Client thread/DEBUG] [forge]: 	net/minecraft/client/renderer/EntityRenderer$3
[17:42:56] [Client thread/DEBUG] [forge]: 	net/minecraft/client/renderer/EntityRenderer$4
[17:42:56] [Client thread/DEBUG] [forge]: 	net/minecraft/client/renderer/RenderGlobal$1
[17:42:56] [Client thread/DEBUG] [forge]: 	net/minecraft/client/renderer/RenderItem$1
[17:42:56] [Client thread/DEBUG] [forge]: 	net/minecraft/client/renderer/RenderItem$2
[17:42:56] [Client thread/DEBUG] [forge]: 	net/minecraft/client/renderer/RenderItem$3
[17:42:56] [Client thread/DEBUG] [forge]: 	net/minecraft/client/renderer/RenderItem$4
[17:42:56] [Client thread/DEBUG] [forge]: 	net/minecraft/client/renderer/texture/TextureAtlasSprite$1
[17:42:56] [Client thread/DEBUG] [forge]: 	net/minecraft/client/renderer/texture/TextureManager$1
[17:42:56] [Client thread/DEBUG] [forge]: 	net/minecraft/client/renderer/texture/TextureMap$1
[17:42:56] [Client thread/DEBUG] [forge]: 	net/minecraft/client/renderer/texture/TextureMap$2
[17:42:56] [Client thread/DEBUG] [forge]: 	net/minecraft/client/renderer/texture/TextureMap$3
[17:42:56] [Client thread/DEBUG] [forge]: 	net/minecraft/crash/CrashReport$1
[17:42:56] [Client thread/DEBUG] [forge]: 	net/minecraft/crash/CrashReport$2
[17:42:56] [Client thread/DEBUG] [forge]: 	net/minecraft/crash/CrashReport$3
[17:42:56] [Client thread/DEBUG] [forge]: 	net/minecraft/crash/CrashReport$4
[17:42:56] [Client thread/DEBUG] [forge]: 	net/minecraft/crash/CrashReport$5
[17:42:56] [Client thread/DEBUG] [forge]: 	net/minecraft/crash/CrashReport$6
[17:42:56] [Client thread/DEBUG] [forge]: 	net/minecraft/crash/CrashReport$7
[17:42:56] [Client thread/DEBUG] [forge]: 	net/minecraft/crash/CrashReportCategory$1
[17:42:56] [Client thread/DEBUG] [forge]: 	net/minecraft/crash/CrashReportCategory$2
[17:42:56] [Client thread/DEBUG] [forge]: 	net/minecraft/crash/CrashReportCategory$3
[17:42:56] [Client thread/DEBUG] [forge]: 	net/minecraft/crash/CrashReportCategory$4
[17:42:56] [Client thread/DEBUG] [forge]: 	net/minecraft/crash/CrashReportCategory$5
[17:42:56] [Client thread/DEBUG] [forge]: 	net/minecraft/entity/Entity$2
[17:42:56] [Client thread/DEBUG] [forge]: 	net/minecraft/entity/Entity$3
[17:42:56] [Client thread/DEBUG] [forge]: 	net/minecraft/entity/Entity$4
[17:42:56] [Client thread/DEBUG] [forge]: 	net/minecraft/entity/Entity$5
[17:42:56] [Client thread/DEBUG] [forge]: 	net/minecraft/entity/EntityTracker$1
[17:42:56] [Client thread/DEBUG] [forge]: 	net/minecraft/entity/player/InventoryPlayer$1
[17:42:56] [Client thread/DEBUG] [forge]: 	net/minecraft/nbt/NBTTagCompound$1
[17:42:56] [Client thread/DEBUG] [forge]: 	net/minecraft/nbt/NBTTagCompound$2
[17:42:56] [Client thread/DEBUG] [forge]: 	net/minecraft/network/NetHandlerPlayServer$3
[17:42:56] [Client thread/DEBUG] [forge]: 	net/minecraft/network/NetworkSystem$6
[17:42:56] [Client thread/DEBUG] [forge]: 	net/minecraft/server/MinecraftServer$2
[17:42:56] [Client thread/DEBUG] [forge]: 	net/minecraft/server/MinecraftServer$3
[17:42:56] [Client thread/DEBUG] [forge]: 	net/minecraft/server/dedicated/DedicatedServer$3
[17:42:56] [Client thread/DEBUG] [forge]: 	net/minecraft/server/dedicated/DedicatedServer$4
[17:42:56] [Client thread/DEBUG] [forge]: 	net/minecraft/server/integrated/IntegratedServer$1
[17:42:56] [Client thread/DEBUG] [forge]: 	net/minecraft/server/integrated/IntegratedServer$2
[17:42:56] [Client thread/DEBUG] [forge]: 	net/minecraft/tileentity/CommandBlockBaseLogic$1
[17:42:56] [Client thread/DEBUG] [forge]: 	net/minecraft/tileentity/CommandBlockBaseLogic$2
[17:42:56] [Client thread/DEBUG] [forge]: 	net/minecraft/tileentity/TileEntity$1
[17:42:56] [Client thread/DEBUG] [forge]: 	net/minecraft/tileentity/TileEntity$2
[17:42:56] [Client thread/DEBUG] [forge]: 	net/minecraft/tileentity/TileEntity$3
[17:42:56] [Client thread/DEBUG] [forge]: 	net/minecraft/world/World$1
[17:42:56] [Client thread/DEBUG] [forge]: 	net/minecraft/world/World$2
[17:42:56] [Client thread/DEBUG] [forge]: 	net/minecraft/world/World$3
[17:42:56] [Client thread/DEBUG] [forge]: 	net/minecraft/world/World$4
[17:42:56] [Client thread/DEBUG] [forge]: 	net/minecraft/world/World$5
[17:42:56] [Client thread/DEBUG] [forge]: 	net/minecraft/world/chunk/Chunk$1
[17:42:56] [Client thread/DEBUG] [forge]: 	net/minecraft/world/gen/structure/MapGenStructure$1
[17:42:56] [Client thread/DEBUG] [forge]: 	net/minecraft/world/gen/structure/MapGenStructure$2
[17:42:56] [Client thread/DEBUG] [forge]: 	net/minecraft/world/gen/structure/MapGenStructure$3
[17:42:56] [Client thread/DEBUG] [forge]: 	net/minecraft/world/storage/WorldInfo$10
[17:42:56] [Client thread/DEBUG] [forge]: 	net/minecraft/world/storage/WorldInfo$2
[17:42:56] [Client thread/DEBUG] [forge]: 	net/minecraft/world/storage/WorldInfo$3
[17:42:56] [Client thread/DEBUG] [forge]: 	net/minecraft/world/storage/WorldInfo$4
[17:42:56] [Client thread/DEBUG] [forge]: 	net/minecraft/world/storage/WorldInfo$5
[17:42:56] [Client thread/DEBUG] [forge]: 	net/minecraft/world/storage/WorldInfo$6
[17:42:56] [Client thread/DEBUG] [forge]: 	net/minecraft/world/storage/WorldInfo$7
[17:42:56] [Client thread/DEBUG] [forge]: 	net/minecraft/world/storage/WorldInfo$8
[17:42:56] [Client thread/DEBUG] [forge]: 	net/minecraft/world/storage/WorldInfo$9
[17:42:56] [Client thread/DEBUG] [forge]: 	net/minecraftforge/common/util/TextTable
[17:42:56] [Client thread/DEBUG] [forge]: 	net/minecraftforge/common/util/TextTable$Alignment
[17:42:56] [Client thread/DEBUG] [forge]: 	net/minecraftforge/common/util/TextTable$Column
[17:42:56] [Client thread/DEBUG] [forge]: 	net/minecraftforge/common/util/TextTable$Row
[17:42:56] [Client thread/DEBUG] [forge]: 	net/minecraftforge/fml/client/SplashProgress$1
[17:42:56] [Client thread/DEBUG] [forge]: 	net/minecraftforge/fml/common/FMLCommonHandler$1
[17:42:56] [Client thread/DEBUG] [forge]: 	net/minecraftforge/fml/common/ICrashCallable
[17:42:56] [Client thread/DEBUG] [forge]: 	net/minecraftforge/fml/common/Loader$1
[17:42:56] [Client thread/TRACE] [FML]: Mod forge is using network checker : No network checking performed
[17:42:56] [Client thread/TRACE] [FML]: Testing mod forge to verify it accepts its own version in a remote connection
[17:42:56] [Client thread/TRACE] [FML]: The mod forge accepts its own version (14.23.5.2847)
[17:42:56] [Client thread/DEBUG] [FML]: Attempting to inject @Config classes into forge for type INSTANCE
[17:42:56] [Client thread/TRACE] [FML]: Sent event FMLConstructionEvent to mod forge
[17:42:56] [Client thread/DEBUG] [FML]: Bar Step: Construction - Minecraft Forge took 0.021s
[17:42:56] [Client thread/TRACE] [FML]: Sending event FMLConstructionEvent to mod appliedenergistics2
[17:42:56] [Client thread/DEBUG] [forge]: Preloading CrashReport Classes
[17:42:56] [Client thread/DEBUG] [forge]: 	appeng/core/crash/BaseCrashEnhancement
[17:42:56] [Client thread/ERROR] [FML]: The mod appliedenergistics2 is expecting signature dfa4d3ac143316c6f32aa1a1beda1e34d42132e5 for source ae2-extended-life-570458-6302098-deobf.jar, however there is no signature matching that description
[17:42:56] [Client thread/TRACE] [FML]: Mod appliedenergistics2 is using network checker : Accepting version v0.56.7
[17:42:56] [Client thread/TRACE] [FML]: Testing mod appliedenergistics2 to verify it accepts its own version in a remote connection
[17:42:56] [Client thread/TRACE] [FML]: The mod appliedenergistics2 accepts its own version (v0.56.7)
[17:42:56] [Client thread/DEBUG] [FML]: Attempting to inject @SidedProxy classes into appliedenergistics2
[17:42:56] [Client thread/DEBUG] [FML]: Attempting to inject @EventBusSubscriber classes into the eventbus for appliedenergistics2
[17:42:56] [Client thread/DEBUG] [FML]: Registering @EventBusSubscriber for appeng.hooks.RenderBlockOutlineHook for mod appliedenergistics2
[17:42:56] [Client thread/DEBUG] [FML]: Injected @EventBusSubscriber class appeng.hooks.RenderBlockOutlineHook
[17:42:56] [Client thread/DEBUG] [FML]: Registering @EventBusSubscriber for appeng.integration.modules.chisel.ChiselBlockSpeedHandler for mod appliedenergistics2
[17:42:56] [Client thread/DEBUG] [FML]: Injected @EventBusSubscriber class appeng.integration.modules.chisel.ChiselBlockSpeedHandler
[17:42:56] [Client thread/DEBUG] [FML]: Attempting to inject @Config classes into appliedenergistics2 for type INSTANCE
[17:42:56] [Client thread/TRACE] [FML]: Sent event FMLConstructionEvent to mod appliedenergistics2
[17:42:56] [Client thread/DEBUG] [FML]: Bar Step: Construction - AE2 Unofficial Extended Life took 0.070s
[17:42:56] [Client thread/TRACE] [FML]: Sending event FMLConstructionEvent to mod open_file
[17:42:56] [Client thread/TRACE] [FML]: Mod open_file is using network checker : Accepting version 1.0.0
[17:42:56] [Client thread/TRACE] [FML]: Testing mod open_file to verify it accepts its own version in a remote connection
[17:42:56] [Client thread/TRACE] [FML]: The mod open_file accepts its own version (1.0.0)
[17:42:56] [Client thread/DEBUG] [FML]: Attempting to inject @SidedProxy classes into open_file
[17:42:56] [Client thread/DEBUG] [FML]: Attempting to inject @EventBusSubscriber classes into the eventbus for open_file
[17:42:56] [Client thread/DEBUG] [FML]: Registering @EventBusSubscriber for com.lw.OpenFile.event.EventOnRightClickBlock for mod open_file
[17:42:56] [Client thread/DEBUG] [FML]: Injected @EventBusSubscriber class com.lw.OpenFile.event.EventOnRightClickBlock
[17:42:56] [Client thread/DEBUG] [FML]: Attempting to inject @Config classes into open_file for type INSTANCE
[17:42:56] [Client thread/TRACE] [FML]: Sent event FMLConstructionEvent to mod open_file
[17:42:56] [Client thread/DEBUG] [FML]: Bar Step: Construction - OpenFile took 0.009s
[17:42:56] [Client thread/TRACE] [FML]: Sending event FMLConstructionEvent to mod jei
[17:42:56] [Client thread/TRACE] [FML]: Mod jei is using network checker : Invoking method checkModLists
[17:42:56] [Client thread/TRACE] [FML]: Testing mod jei to verify it accepts its own version in a remote connection
[17:42:56] [Client thread/TRACE] [FML]: The mod jei accepts its own version (4.31.2)
[17:42:56] [Client thread/DEBUG] [FML]: Attempting to inject @SidedProxy classes into jei
[17:42:56] [Client thread/DEBUG] [FML]: Attempting to inject @EventBusSubscriber classes into the eventbus for jei
[17:42:56] [Client thread/DEBUG] [FML]: Registering @EventBusSubscriber for mezz.jei.input.MouseHelper for mod jei
[17:42:56] [Client thread/DEBUG] [FML]: Injected @EventBusSubscriber class mezz.jei.input.MouseHelper
[17:42:56] [Client thread/DEBUG] [FML]: Attempting to inject @Config classes into jei for type INSTANCE
[17:42:56] [Client thread/TRACE] [FML]: Sent event FMLConstructionEvent to mod jei
[17:42:56] [Client thread/DEBUG] [FML]: Bar Step: Construction - Had Enough Items took 0.027s
[17:42:56] [Client thread/DEBUG] [FML]: Bar Finished: Construction took 0.347s
[17:42:56] [Client thread/DEBUG] [FML]: Mod signature data
[17:42:56] [Client thread/DEBUG] [FML]:  	Valid Signatures:
[17:42:56] [Client thread/DEBUG] [FML]:  	Missing Signatures:
[17:42:56] [Client thread/DEBUG] [FML]: 		minecraft	(Minecraft	1.12.2)	minecraft.jar
[17:42:56] [Client thread/DEBUG] [FML]: 		mcp	(Minecraft Coder Pack	9.42)	minecraft.jar
[17:42:56] [Client thread/DEBUG] [FML]: 		mixinbooter	(MixinBooter	10.6)	minecraft.jar
[17:42:56] [Client thread/DEBUG] [FML]: 		FML	(Forge Mod Loader	8.0.99.99)	recompiled_minecraft-1.12.2.jar
[17:42:56] [Client thread/DEBUG] [FML]: 		forge	(Minecraft Forge	14.23.5.2847)	recompiled_minecraft-1.12.2.jar
[17:42:56] [Client thread/DEBUG] [FML]: 		appliedenergistics2	(AE2 Unofficial Extended Life	v0.56.7)	ae2-extended-life-570458-6302098-deobf.jar
[17:42:56] [Client thread/DEBUG] [FML]: 		open_file	(OpenFile	1.0.0)	open_file-1.0.0-dev.jar
[17:42:56] [Client thread/DEBUG] [FML]: 		jei	(Had Enough Items	4.31.2)	jei-4.31.2-dev.jar
[17:42:56] [Client thread/INFO] [net.minecraft.client.resources.SimpleReloadableResourceManager]: Reloading ResourceManager: Default, FMLFileResourcePack:Forge Mod Loader, FMLFileResourcePack:Minecraft Forge, FMLFileResourcePack:OpenFile, FMLFileResourcePack:Had Enough Items, FMLFileResourcePack:AE2 Unofficial Extended Life
[17:42:56] [Client thread/DEBUG] [FML]: Bar Step: Loading Resources - Default took 0.002s
[17:42:56] [Client thread/DEBUG] [FML]: Bar Step: Loading Resources - FMLFileResourcePack:Forge Mod Loader took 0.005s
[17:42:56] [Client thread/DEBUG] [FML]: Bar Step: Loading Resources - FMLFileResourcePack:Minecraft Forge took 0.004s
[17:42:56] [Client thread/DEBUG] [FML]: Bar Step: Loading Resources - FMLFileResourcePack:OpenFile took 0.000s
[17:42:56] [Client thread/DEBUG] [FML]: Bar Step: Loading Resources - FMLFileResourcePack:Had Enough Items took 0.000s
[17:42:56] [Client thread/DEBUG] [FML]: Bar Step: Loading Resources - FMLFileResourcePack:AE2 Unofficial Extended Life took 0.002s
[17:42:56] [Client thread/DEBUG] [FML]: Bar Finished: Reloading - LanguageManager took 0.033s
[17:42:56] [Client thread/DEBUG] [FML]: Bar Step: Loading Resources - Reloading listeners took 0.033s
[17:42:56] [Client thread/DEBUG] [FML]: Bar Finished: Loading Resources took 0.047s
[17:42:56] [Client thread/DEBUG] [FML]: Mod Forge Mod Loader is missing a pack.mcmeta file, substituting a dummy one
[17:42:56] [Client thread/DEBUG] [FML]: Mod Minecraft Forge is missing a pack.mcmeta file, substituting a dummy one
[17:42:56] [Client thread/INFO] [FML]: Processing ObjectHolder annotations
[17:42:56] [Client thread/INFO] [FML]: Found 1168 ObjectHolder annotations
[17:42:56] [Client thread/INFO] [FML]: Identifying ItemStackHolder annotations
[17:42:56] [Client thread/INFO] [FML]: Found 0 ItemStackHolder annotations
[17:42:56] [Client thread/TRACE] [FML]: Sending event FMLPreInitializationEvent to mod minecraft
[17:42:56] [Client thread/TRACE] [FML]: Sent event FMLPreInitializationEvent to mod minecraft
[17:42:56] [Client thread/DEBUG] [FML]: Bar Step: PreInitialization - Minecraft took 0.000s
[17:42:56] [Client thread/TRACE] [FML]: Sending event FMLPreInitializationEvent to mod mcp
[17:42:56] [Client thread/TRACE] [FML]: Sent event FMLPreInitializationEvent to mod mcp
[17:42:56] [Client thread/DEBUG] [FML]: Bar Step: PreInitialization - Minecraft Coder Pack took 0.000s
[17:42:56] [Client thread/TRACE] [FML]: Sending event FMLPreInitializationEvent to mod mixinbooter
[17:42:56] [Client thread/TRACE] [FML]: Sent event FMLPreInitializationEvent to mod mixinbooter
[17:42:56] [Client thread/DEBUG] [FML]: Bar Step: PreInitialization - MixinBooter took 0.000s
[17:42:56] [Client thread/TRACE] [FML]: Sending event FMLPreInitializationEvent to mod FML
[17:42:56] [Client thread/TRACE] [FML]: Sent event FMLPreInitializationEvent to mod FML
[17:42:56] [Client thread/DEBUG] [FML]: Bar Step: PreInitialization - Forge Mod Loader took 0.000s
[17:42:56] [Client thread/TRACE] [FML]: Sending event FMLPreInitializationEvent to mod forge
[17:42:56] [Client thread/INFO] [FML]: Configured a dormant chunk cache size of 0
[17:42:56] [Client thread/TRACE] [FML]: Sent event FMLPreInitializationEvent to mod forge
[17:42:56] [Client thread/DEBUG] [FML]: Bar Step: PreInitialization - Minecraft Forge took 0.023s
[17:42:56] [Client thread/TRACE] [FML]: Sending event FMLPreInitializationEvent to mod appliedenergistics2
[17:42:56] [Forge Version Check/INFO] [forge.VersionCheck]: [forge] Starting version check at http://files.minecraftforge.net/maven/net/minecraftforge/forge/promotions_slim.json
[17:42:56] [Client thread/INFO] [AE2:C]: Pre Initialization ( started )
[17:42:56] [Client thread/DEBUG] [FML]: Bar Finished: Loading Resource - BlockRendering took 0.000s
[17:42:56] [Client thread/DEBUG] [FML]: Bar Finished: Loading Resource - BlockRendering took 0.000s
[17:42:56] [Client thread/DEBUG] [FML]: Bar Finished: Loading Resource - BlockRendering took 0.000s
[17:42:56] [Client thread/DEBUG] [FML]: Bar Finished: Loading Resource - BlockRendering took 0.000s
[17:42:56] [Client thread/DEBUG] [FML]: Bar Finished: Loading Resource - BlockRendering took 0.000s
[17:42:56] [Client thread/DEBUG] [FML]: Bar Finished: Loading Resource - BlockRendering took 0.000s
[17:42:56] [Client thread/DEBUG] [FML]: Bar Finished: Loading Resource - BlockRendering took 0.000s
[17:42:56] [Client thread/DEBUG] [FML]: Bar Finished: Loading Resource - BlockRendering took 0.000s
[17:42:56] [Client thread/DEBUG] [FML]: Bar Finished: Loading Resource - BlockRendering took 0.000s
[17:42:56] [Client thread/DEBUG] [FML]: Bar Finished: Loading Resource - BlockRendering took 0.000s
[17:42:56] [Client thread/DEBUG] [FML]: Bar Finished: Loading Resource - BlockRendering took 0.000s
[17:42:56] [Client thread/DEBUG] [FML]: Bar Finished: Loading Resource - BlockRendering took 0.000s
[17:42:56] [Client thread/DEBUG] [FML]: Bar Finished: Loading Resource - BlockRendering took 0.000s
[17:42:56] [Client thread/DEBUG] [FML]: Bar Finished: Loading Resource - BlockRendering took 0.000s
[17:42:56] [Client thread/DEBUG] [FML]: Bar Finished: Loading Resource - BlockRendering took 0.000s
[17:42:56] [Client thread/DEBUG] [FML]: Bar Finished: Loading Resource - BlockRendering took 0.000s
[17:42:56] [Client thread/DEBUG] [FML]: Bar Finished: Loading Resource - BlockRendering took 0.000s
[17:42:56] [Client thread/DEBUG] [FML]: Bar Finished: Loading Resource - BlockRendering took 0.004s
[17:42:56] [Client thread/DEBUG] [FML]: Bar Finished: Loading Resource - BlockRendering took 0.000s
[17:42:56] [Client thread/DEBUG] [FML]: Bar Finished: Loading Resource - BlockRendering took 0.000s
[17:42:56] [Client thread/DEBUG] [FML]: Bar Finished: Loading Resource - BlockRendering took 0.000s
[17:42:56] [Client thread/DEBUG] [FML]: Bar Finished: Loading Resource - BlockRendering took 0.000s
[17:42:57] [Client thread/DEBUG] [FML]: Bar Finished: Loading Resource - BlockRendering took 0.000s
[17:42:57] [Client thread/DEBUG] [FML]: Bar Finished: Loading Resource - BlockRendering took 0.000s
[17:42:57] [Client thread/DEBUG] [FML]: Bar Finished: Loading Resource - BlockRendering took 0.000s
[17:42:57] [Client thread/DEBUG] [FML]: Bar Finished: Loading Resource - BlockRendering took 0.000s
[17:42:57] [Client thread/DEBUG] [FML]: Bar Finished: Loading Resource - BlockRendering took 0.000s
[17:42:57] [Client thread/DEBUG] [FML]: Bar Finished: Loading Resource - BlockRendering took 0.000s
[17:42:57] [Client thread/DEBUG] [FML]: Bar Finished: Loading Resource - BlockRendering took 0.000s
[17:42:57] [Client thread/DEBUG] [FML]: Bar Finished: Loading Resource - BlockRendering took 0.000s
[17:42:57] [Client thread/DEBUG] [FML]: Bar Finished: Loading Resource - BlockRendering took 0.000s
[17:42:57] [Client thread/DEBUG] [FML]: Bar Finished: Loading Resource - BlockRendering took 0.000s
[17:42:57] [Client thread/DEBUG] [FML]: Bar Finished: Loading Resource - BlockRendering took 0.000s
[17:42:57] [Client thread/DEBUG] [FML]: Bar Finished: Loading Resource - BlockRendering took 0.000s
[17:42:57] [Client thread/DEBUG] [FML]: Bar Finished: Loading Resource - BlockRendering took 0.000s
[17:42:57] [Client thread/DEBUG] [FML]: Bar Finished: Loading Resource - BlockRendering took 0.000s
[17:42:57] [Client thread/DEBUG] [FML]: Bar Finished: Loading Resource - BlockRendering took 0.000s
[17:42:57] [Client thread/DEBUG] [FML]: Bar Finished: Loading Resource - BlockRendering took 0.000s
[17:42:57] [Client thread/DEBUG] [FML]: Bar Finished: Loading Resource - BlockRendering took 0.000s
[17:42:57] [Client thread/DEBUG] [FML]: Bar Finished: Loading Resource - BlockRendering took 0.000s
[17:42:57] [Client thread/DEBUG] [FML]: Bar Finished: Loading Resource - BlockRendering took 0.000s
[17:42:57] [Client thread/DEBUG] [FML]: Bar Finished: Loading Resource - BlockRendering took 0.000s
[17:42:57] [Client thread/DEBUG] [FML]: Bar Finished: Loading Resource - BlockRendering took 0.000s
[17:42:57] [Client thread/DEBUG] [FML]: Bar Finished: Loading Resource - BlockRendering took 0.000s
[17:42:57] [Client thread/DEBUG] [FML]: Bar Finished: Loading Resource - BlockRendering took 0.000s
[17:42:57] [Client thread/DEBUG] [FML]: Bar Finished: Loading Resource - BlockRendering took 0.000s
[17:42:57] [Client thread/DEBUG] [FML]: Bar Finished: Loading Resource - BlockRendering took 0.000s
[17:42:57] [Client thread/DEBUG] [FML]: Bar Finished: Loading Resource - BlockRendering took 0.000s
[17:42:57] [Client thread/DEBUG] [FML]: Bar Finished: Loading Resource - BlockRendering took 0.000s
[17:42:57] [Client thread/DEBUG] [FML]: Bar Finished: Loading Resource - BlockRendering took 0.000s
[17:42:57] [Client thread/DEBUG] [FML]: Bar Finished: Loading Resource - BlockRendering took 0.000s
[17:42:57] [Client thread/DEBUG] [FML]: Bar Finished: Loading Resource - BlockRendering took 0.000s
[17:42:57] [Client thread/DEBUG] [FML]: Bar Finished: Loading Resource - BlockRendering took 0.000s
[17:42:57] [Client thread/DEBUG] [FML]: Bar Finished: Loading Resource - BlockRendering took 0.000s
[17:42:57] [Client thread/DEBUG] [FML]: Bar Finished: Loading Resource - BlockRendering took 0.000s
[17:42:57] [Client thread/DEBUG] [FML]: Bar Finished: Loading Resource - BlockRendering took 0.000s
[17:42:57] [Client thread/DEBUG] [FML]: Bar Finished: Loading Resource - BlockRendering took 0.000s
[17:42:57] [Client thread/DEBUG] [FML]: Bar Finished: Loading Resource - BlockRendering took 0.000s
[17:42:57] [Client thread/DEBUG] [FML]: Bar Finished: Loading Resource - BlockRendering took 0.000s
[17:42:57] [Client thread/DEBUG] [FML]: Bar Finished: Loading Resource - BlockRendering took 0.000s
[17:42:57] [Client thread/DEBUG] [FML]: Bar Finished: Loading Resource - BlockRendering took 0.000s
[17:42:57] [Client thread/DEBUG] [FML]: Bar Finished: Loading Resource - BlockRendering took 0.000s
[17:42:57] [Client thread/DEBUG] [FML]: Bar Finished: Loading Resource - BlockRendering took 0.000s
[17:42:57] [Client thread/DEBUG] [FML]: Bar Finished: Loading Resource - BlockRendering took 0.000s
[17:42:57] [Client thread/DEBUG] [FML]: Bar Finished: Loading Resource - BlockRendering took 0.000s
[17:42:57] [Client thread/DEBUG] [FML]: Bar Finished: Loading Resource - BlockRendering took 0.000s
[17:42:57] [Client thread/DEBUG] [FML]: Bar Finished: Loading Resource - BlockRendering took 0.000s
[17:42:57] [Client thread/DEBUG] [FML]: Bar Finished: Loading Resource - BlockRendering took 0.000s
[17:42:57] [Client thread/DEBUG] [FML]: Bar Finished: Loading Resource - BlockRendering took 0.000s
[17:42:57] [Client thread/DEBUG] [FML]: Bar Finished: Loading Resource - BlockRendering took 0.000s
[17:42:57] [Client thread/DEBUG] [FML]: Bar Finished: Loading Resource - BlockRendering took 0.000s
[17:42:57] [Client thread/DEBUG] [FML]: Bar Finished: Loading Resource - BlockRendering took 0.000s
[17:42:57] [Client thread/DEBUG] [FML]: Bar Finished: Loading Resource - BlockRendering took 0.000s
[17:42:57] [Client thread/DEBUG] [FML]: Bar Finished: Loading Resource - BlockRendering took 0.000s
[17:42:57] [Client thread/DEBUG] [FML]: Bar Finished: Loading Resource - BlockRendering took 0.000s
[17:42:57] [Client thread/DEBUG] [FML]: Bar Finished: Loading Resource - BlockRendering took 0.000s
[17:42:57] [Client thread/DEBUG] [FML]: Bar Finished: Loading Resource - BlockRendering took 0.000s
[17:42:57] [Client thread/DEBUG] [FML]: Bar Finished: Loading Resource - BlockRendering took 0.000s
[17:42:57] [Client thread/DEBUG] [FML]: Bar Finished: Loading Resource - BlockRendering took 0.000s
[17:42:57] [Client thread/DEBUG] [FML]: Bar Finished: Loading Resource - BlockRendering took 0.000s
[17:42:57] [Client thread/DEBUG] [FML]: Bar Finished: Loading Resource - BlockRendering took 0.000s
[17:42:57] [Client thread/DEBUG] [FML]: Bar Finished: Loading Resource - BlockRendering took 0.000s
[17:42:57] [Client thread/TRACE] [mixin]: Added class metadata for appeng/api/implementations/ICraftingPatternItem to metadata cache
[17:42:57] [Client thread/TRACE] [mixin]: Added class metadata for appeng/items/AEBaseItem to metadata cache
[17:42:57] [Client thread/TRACE] [mixin]: Added class metadata for net/minecraft/item/Item to metadata cache
[17:42:57] [Client thread/TRACE] [mixin]: Added class metadata for net/minecraftforge/registries/IForgeRegistryEntry$Impl to metadata cache
[17:42:57] [Client thread/TRACE] [mixin]: Added class metadata for net/minecraftforge/registries/IForgeRegistryEntry to metadata cache
[17:42:57] [Client thread/DEBUG] [mixin]: Mixing MixinItemEncodedPattern from mixins.open_file.json into appeng.items.misc.ItemEncodedPattern
[17:42:57] [Client thread/TRACE] [mixin]: Added class metadata for com/lw/OpenFile/util/PatternMachineDetector to metadata cache
[17:42:57] [Client thread/TRACE] [mixin]: Added class metadata for java/lang/Math to metadata cache
[17:42:57] [Client thread/INFO] [STDOUT]: [appeng.core.transformer.ItemStackPatch:patchCountGetSet:53]: Patched ItemStack Count getter!
[17:42:57] [Client thread/INFO] [STDOUT]: [appeng.core.transformer.ItemStackPatch:patchCountGetSet:81]: Patched ItemStack Count setter!
[17:42:57] [Client thread/TRACE] [mixin]: Added class metadata for net/minecraft/item/ItemStack to metadata cache
[17:42:57] [Client thread/TRACE] [mixin]: Added class metadata for appeng/api/networking/crafting/ICraftingPatternDetails to metadata cache
[17:42:57] [Client thread/TRACE] [mixin]: Added class metadata for net/minecraft/world/World to metadata cache
[17:42:57] [Client thread/TRACE] [mixin]: Added class metadata for net/minecraft/client/util/ITooltipFlag to metadata cache
[17:42:57] [Client thread/DEBUG] [mixin]: RemapperAdapterFML is remapping method addCheckedInformationnull for null
[17:42:57] [Client thread/DEBUG] [mixin]: mixins.open_file.json:MixinItemEncodedPattern from owner unknown-owner->@Inject::addMachineTooltip(Lnet/minecraft/item/ItemStack;Lnet/minecraft/world/World;Ljava/util/List;Lnet/minecraft/client/util/ITooltipFlag;Lorg/spongepowered/asm/mixin/injection/callback/CallbackInfo;)V doesn't use it's CallbackInfo
[17:42:57] [Client thread/DEBUG] [mixin]: mixins.open_file.json:MixinItemEncodedPattern from owner unknown-owner->@Inject::addMachineTooltip(Lnet/minecraft/item/ItemStack;Lnet/minecraft/world/World;Ljava/util/List;Lnet/minecraft/client/util/ITooltipFlag;Lorg/spongepowered/asm/mixin/injection/callback/CallbackInfo;)V has 0 override(s) in child classes
[17:42:57] [Client thread/DEBUG] [mixin]: mixins.open_file.json:MixinItemEncodedPattern from owner unknown-owner->@Inject::addMachineTooltip(Lnet/minecraft/item/ItemStack;Lnet/minecraft/world/World;Ljava/util/List;Lnet/minecraft/client/util/ITooltipFlag;Lorg/spongepowered/asm/mixin/injection/callback/CallbackInfo;)V won't be passed a CallbackInfo as a result
[17:42:57] [Client thread/DEBUG] [mixin]: mixins.open_file.json:MixinItemEncodedPattern from owner unknown-owner->@Inject::cleanupTooltip(Lnet/minecraft/item/ItemStack;Lnet/minecraft/world/World;Ljava/util/List;Lnet/minecraft/client/util/ITooltipFlag;Lorg/spongepowered/asm/mixin/injection/callback/CallbackInfo;)V doesn't use it's CallbackInfo
[17:42:57] [Client thread/DEBUG] [mixin]: mixins.open_file.json:MixinItemEncodedPattern from owner unknown-owner->@Inject::cleanupTooltip(Lnet/minecraft/item/ItemStack;Lnet/minecraft/world/World;Ljava/util/List;Lnet/minecraft/client/util/ITooltipFlag;Lorg/spongepowered/asm/mixin/injection/callback/CallbackInfo;)V has 0 override(s) in child classes
[17:42:57] [Client thread/DEBUG] [mixin]: mixins.open_file.json:MixinItemEncodedPattern from owner unknown-owner->@Inject::cleanupTooltip(Lnet/minecraft/item/ItemStack;Lnet/minecraft/world/World;Ljava/util/List;Lnet/minecraft/client/util/ITooltipFlag;Lorg/spongepowered/asm/mixin/injection/callback/CallbackInfo;)V won't be passed a CallbackInfo as a result
[17:42:57] [Thread-3/INFO] [FML]: Using sync timing. 200 frames of Display.update took 138626685 nanos
[17:42:57] [Client thread/DEBUG] [FML]: Bar Finished: Loading Resource - B3DLoader took 0.000s
[17:42:57] [Client thread/DEBUG] [FML]: Bar Finished: Loading Resource - OBJLoader took 0.000s
[17:42:57] [Client thread/DEBUG] [FML]: Bar Finished: Loading Resource - ModelFluid$FluidLoader took 0.000s
[17:42:57] [Client thread/DEBUG] [FML]: Bar Finished: Loading Resource - ItemLayerModel$Loader took 0.000s
[17:42:57] [Client thread/DEBUG] [FML]: Bar Finished: Loading Resource - MultiLayerModel$Loader took 0.000s
[17:42:57] [Client thread/DEBUG] [FML]: Bar Finished: Loading Resource - ModelDynBucket$LoaderDynBucket took 0.000s
[17:42:57] [Client thread/DEBUG] [FML]: Bar Finished: Loading Resource - BuiltInModelLoader took 0.000s
[17:42:57] [Client thread/DEBUG] [FML]: Bar Finished: Loading Resource - UVLModelLoader took 0.000s
[17:42:57] [Client thread/INFO] [AE2:C]: Starting AE2 VersionChecker
[17:42:57] [Client thread/INFO] [AE2:C]: Pre Initialization ( ended after 885ms )
[17:42:57] [Client thread/TRACE] [FML]: Sent event FMLPreInitializationEvent to mod appliedenergistics2
[17:42:57] [Client thread/DEBUG] [FML]: Bar Step: PreInitialization - AE2 Unofficial Extended Life took 0.892s
[17:42:57] [Client thread/TRACE] [FML]: Sending event FMLPreInitializationEvent to mod open_file
[17:42:57] [Client thread/TRACE] [FML]: Sent event FMLPreInitializationEvent to mod open_file
[17:42:57] [Client thread/DEBUG] [FML]: Bar Step: PreInitialization - OpenFile took 0.000s
[17:42:57] [Client thread/TRACE] [FML]: Sending event FMLPreInitializationEvent to mod jei
[17:42:57] [AE2 VersionChecker/INFO] [AE2:C]: Last check was just recently.
[17:42:57] [AE2 VersionChecker/INFO] [AE2:C]: Stopping AE2 VersionChecker
[17:42:57] [Client thread/TRACE] [FML]: Sent event FMLPreInitializationEvent to mod jei
[17:42:57] [Client thread/DEBUG] [FML]: Bar Step: PreInitialization - Had Enough Items took 0.067s
[17:42:57] [Client thread/DEBUG] [FML]: Bar Finished: PreInitialization took 0.982s
[17:42:57] [Client thread/INFO] [FML]: Applying holder lookups
[17:42:57] [Client thread/INFO] [FML]: Holder lookups applied
[17:42:57] [Client thread/INFO] [FML]: Applying holder lookups
[17:42:57] [Client thread/INFO] [FML]: Holder lookups applied
[17:42:57] [Client thread/INFO] [FML]: Applying holder lookups
[17:42:57] [Client thread/INFO] [FML]: Holder lookups applied
[17:42:57] [Client thread/INFO] [FML]: Applying holder lookups
[17:42:57] [Client thread/INFO] [FML]: Holder lookups applied
[17:42:57] [Client thread/INFO] [FML]: Injecting itemstacks
[17:42:57] [Client thread/INFO] [FML]: Itemstack injection complete
[17:42:57] [Client thread/DEBUG] [FML]: Bar Finished: Loading Resource - TextureManager took 0.000s
[17:42:58] [Client thread/DEBUG] [FML]: Bar Finished: Loading sounds took 0.670s
[17:42:58] [Client thread/DEBUG] [FML]: Bar Finished: Loading Resource - SoundHandler took 0.679s
[17:42:58] [Sound Library Loader/INFO] [net.minecraft.client.audio.SoundManager]: Starting up SoundSystem...
[17:42:58] [Client thread/DEBUG] [FML]: Bar Finished: Loading Resource - FontRenderer took 0.001s
[17:42:58] [Client thread/DEBUG] [FML]: Bar Finished: Loading Resource - FontRenderer took 0.001s
[17:42:58] [Client thread/DEBUG] [FML]: Bar Finished: Loading Resource - GrassColorReloadListener took 0.006s
[17:42:58] [Client thread/DEBUG] [FML]: Bar Finished: Loading Resource - FoliageColorReloadListener took 0.003s
[17:42:58] [Client thread/DEBUG] [FML]: Bar Step: Rendering Setup - GL Setup took 0.000s
[17:42:58] [Client thread/DEBUG] [FML]: Bar Step: Rendering Setup - Loading Texture Map took 0.000s
[17:42:58] [Thread-6/INFO] [net.minecraft.client.audio.SoundManager]: Initializing LWJGL OpenAL
[17:42:58] [Thread-6/INFO] [net.minecraft.client.audio.SoundManager]: (The LWJGL binding of OpenAL.  For more information, see http://www.lwjgl.org)
[17:42:59] [Thread-6/INFO] [net.minecraft.client.audio.SoundManager]: OpenAL initialized.
[17:42:59] [Sound Library Loader/INFO] [net.minecraft.client.audio.SoundManager]: Sound engine started
[17:42:59] [Forge Version Check/DEBUG] [forge.VersionCheck]: [forge] Received version check data:
{
  "homepage": "https://files.minecraftforge.net/net/minecraftforge/forge/",
  "promos": {
    "1.1-latest": "1.3.4.29",
    "1.2.3-latest": "1.4.1.64",
    "1.2.4-latest": "2.0.0.68",
    "1.2.5-latest": "3.4.9.171",
    "1.3.2-latest": "4.3.5.318",
    "1.4.0-latest": "5.0.0.326",
    "1.4.1-latest": "6.0.0.329",
    "1.4.2-latest": "6.0.1.355",
    "1.4.3-latest": "6.2.1.358",
    "1.4.4-latest": "6.3.0.378",
    "1.4.5-latest": "6.4.2.448",
    "1.4.6-latest": "6.5.0.489",
    "1.4.7-latest": "6.6.2.534",
    "1.5-latest": "7.7.0.598",
    "1.5.1-latest": "7.7.2.682",
    "1.5.2-latest": "7.8.1.738",
    "1.5.2-recommended": "7.8.1.738",
    "1.6.1-latest": "8.9.0.775",
    "1.6.2-latest": "9.10.1.871",
    "1.6.2-recommended": "9.10.1.871",
    "1.6.3-latest": "9.11.0.878",
    "1.6.4-latest": "9.11.1.1345",
    "1.6.4-recommended": "9.11.1.1345",
    "1.7.2-latest": "10.12.2.1161",
    "1.7.2-recommended": "10.12.2.1161",
    "1.7.10-latest": "10.13.4.1614",
    "1.7.10-recommended": "10.13.4.1614",
    "1.8-latest": "11.14.4.1577",
    "1.8-recommended": "11.14.4.1563",
    "1.8.8-latest": "11.15.0.1655",
    "1.8.9-latest": "11.15.1.2318",
    "1.8.9-recommended": "11.15.1.2318",
    "1.9-latest": "12.16.1.1938",
    "1.9-recommended": "12.16.1.1887",
    "1.9.4-latest": "12.17.0.2317",
    "1.9.4-recommended": "12.17.0.2317",
    "1.10-latest": "12.18.0.2000",
    "1.10.2-latest": "12.18.3.2511",
    "1.10.2-recommended": "12.18.3.2511",
    "1.11-latest": "13.19.1.2199",
    "1.11-recommended": "13.19.1.2189",
    "1.11.2-latest": "13.20.1.2588",
    "1.11.2-recommended": "13.20.1.2588",
    "1.12-latest": "14.21.1.2443",
    "1.12-recommended": "14.21.1.2387",
    "1.12.1-latest": "14.22.1.2485",
    "1.12.1-recommended": "14.22.1.2478",
    "1.12.2-latest": "14.23.5.2864",
    "1.12.2-recommended": "14.23.5.2859",
    "1.13.2-latest": "25.0.223",
    "1.14.2-latest": "26.0.63",
    "1.14.3-latest": "27.0.60",
    "1.14.4-latest": "28.2.30",
    "1.14.4-recommended": "28.2.26",
    "1.15-latest": "29.0.4",
    "1.15.1-latest": "30.0.51",
    "1.15.2-latest": "31.2.60",
    "1.15.2-recommended": "31.2.57",
    "1.16.1-latest": "32.0.108",
    "1.16.2-latest": "33.0.61",
    "1.16.3-latest": "34.1.42",
    "1.16.3-recommended": "34.1.0",
    "1.16.4-latest": "35.1.37",
    "1.16.4-recommended": "35.1.4",
    "1.16.5-latest": "36.2.42",
    "1.16.5-recommended": "36.2.34",
    "1.17.1-latest": "37.1.1",
    "1.17.1-recommended": "37.1.1",
    "1.18-latest": "38.0.17",
    "1.18.1-latest": "39.1.2",
    "1.18.1-recommended": "39.1.0",
    "1.18.2-recommended": "40.3.0",
    "1.18.2-latest": "40.3.12",
    "1.19-latest": "41.1.0",
    "1.19-recommended": "41.1.0",
    "1.19.1-latest": "42.0.9",
    "1.19.2-recommended": "43.5.0",
    "1.19.2-latest": "43.5.2",
    "1.19.3-latest": "44.1.23",
    "1.19.3-recommended": "44.1.0",
    "1.19.4-recommended": "45.4.0",
    "1.19.4-latest": "45.4.3",
    "1.20-latest": "46.0.14",
    "1.20.1-recommended": "47.4.10",
    "1.20.1-latest": "47.4.20",
    "1.20.2-latest": "48.1.0",
    "1.20.2-recommended": "48.1.0",
    "1.20.3-latest": "49.0.2",
    "1.20.4-latest": "49.2.7",
    "1.20.4-recommended": "49.2.0",
    "1.20.6-latest": "50.2.8",
    "1.20.6-recommended": "50.2.0",
    "1.21-latest": "51.0.33",
    "1.21.1-latest": "52.1.14",
    "1.21.1-recommended": "52.1.0",
    "1.21.3-latest": "53.1.10",
    "1.21.3-recommended": "53.1.0",
    "1.21.4-latest": "54.1.16",
    "1.21.4-recommended": "54.1.14",
    "1.21.5-latest": "55.1.10",
    "1.21.5-recommended": "55.1.0",
    "1.21.6-latest": "56.0.9",
    "1.21.7-latest": "57.0.3",
    "1.21.8-latest": "58.1.18",
    "1.21.8-recommended": "58.1.0",
    "1.21.9-latest": "59.0.5",
    "1.21.10-latest": "60.1.9",
    "1.21.10-recommended": "60.1.0",
    "1.21.11-latest": "61.1.8",
    "1.21.11-recommended": "61.1.0",
    "26.1-latest": "62.0.9",
    "26.1.1-latest": "63.0.2",
    "26.1.2-latest": "64.0.8"
  }
}
[17:42:59] [Forge Version Check/INFO] [forge.VersionCheck]: [forge] Found status: OUTDATED Target: 14.23.5.2859
[17:42:59] [Client thread/DEBUG] [FML]: Bar Finished: ModelLoader: blocks took 0.960s
[17:42:59] [Client thread/DEBUG] [FML]: Bar Finished: ModelLoader: items took 0.143s
[17:42:59] [Client thread/INFO] [FML]: Max texture size: 16384
[17:42:59] [Client thread/DEBUG] [FML]: Bar Finished: Texture stitching took 0.210s
[17:42:59] [Client thread/DEBUG] [FML]: Bar Finished: Texture stitching took 0.020s
[17:42:59] [Client thread/INFO] [net.minecraft.client.renderer.texture.TextureMap]: Created: 1024x512 textures-atlas
[17:42:59] [Client thread/DEBUG] [FML]: Bar Finished: Texture creation took 0.022s
[17:42:59] [Client thread/DEBUG] [FML]: Bar Finished: Texture mipmap and upload took 0.018s
[17:43:00] [Client thread/DEBUG] [FML]: Bar Finished: ModelLoader: baking took 0.287s
[17:43:00] [Client thread/DEBUG] [FML]: Bar Finished: Loading Resource - ModelManager took 1.708s
[17:43:00] [Client thread/DEBUG] [FML]: Bar Step: Rendering Setup - Loading Model Manager took 1.719s
[17:43:00] [Client thread/DEBUG] [FML]: Bar Finished: Loading Resource - RenderItem took 0.005s
[17:43:00] [Client thread/DEBUG] [FML]: Bar Step: Rendering Setup - Loading Item Renderer took 0.072s
[17:43:00] [Client thread/DEBUG] [FML]: Bar Finished: Loading Resource - EntityRenderer took 0.000s
[17:43:00] [Client thread/DEBUG] [FML]: Bar Finished: Loading Resource - BlockRendererDispatcher took 0.000s
[17:43:00] [Client thread/DEBUG] [FML]: Bar Finished: Loading Resource - RenderGlobal took 0.000s
[17:43:00] [Client thread/DEBUG] [FML]: Bar Finished: Loading Resource - SearchTreeManager took 0.056s
[17:43:00] [Client thread/DEBUG] [FML]: Bar Step: Rendering Setup - Loading Entity Renderer took 0.179s
[17:43:00] [Client thread/DEBUG] [FML]: Bar Finished: Rendering Setup took 1.971s
[17:43:00] [Client thread/INFO] [FML]: Applying holder lookups
[17:43:00] [Client thread/INFO] [FML]: Holder lookups applied
[17:43:00] [Client thread/TRACE] [FML]: Sending event FMLInitializationEvent to mod minecraft
[17:43:00] [Client thread/TRACE] [FML]: Sent event FMLInitializationEvent to mod minecraft
[17:43:00] [Client thread/DEBUG] [FML]: Bar Step: Initialization - Minecraft took 0.000s
[17:43:00] [Client thread/TRACE] [FML]: Sending event FMLInitializationEvent to mod mcp
[17:43:00] [Client thread/TRACE] [FML]: Sent event FMLInitializationEvent to mod mcp
[17:43:00] [Client thread/DEBUG] [FML]: Bar Step: Initialization - Minecraft Coder Pack took 0.000s
[17:43:00] [Client thread/TRACE] [FML]: Sending event FMLInitializationEvent to mod mixinbooter
[17:43:00] [Client thread/TRACE] [FML]: Sent event FMLInitializationEvent to mod mixinbooter
[17:43:00] [Client thread/DEBUG] [FML]: Bar Step: Initialization - MixinBooter took 0.000s
[17:43:00] [Client thread/TRACE] [FML]: Sending event FMLInitializationEvent to mod FML
[17:43:00] [Client thread/TRACE] [FML]: Sent event FMLInitializationEvent to mod FML
[17:43:00] [Client thread/DEBUG] [FML]: Bar Step: Initialization - Forge Mod Loader took 0.000s
[17:43:00] [Client thread/TRACE] [FML]: Sending event FMLInitializationEvent to mod forge
[17:43:00] [Client thread/TRACE] [FML]: Sent event FMLInitializationEvent to mod forge
[17:43:00] [Client thread/DEBUG] [FML]: Bar Step: Initialization - Minecraft Forge took 0.000s
[17:43:00] [Client thread/TRACE] [FML]: Sending event FMLInitializationEvent to mod appliedenergistics2
[17:43:00] [Client thread/INFO] [AE2:C]: Initialization ( started )
[17:43:00] [Client thread/INFO] [AE2:C]: Starting AE2 CSV Export
[17:43:00] [AE2 CSV Export/INFO] [AE2:C]: Cache is enabled. Checking for new mod configurations.
[17:43:00] [AE2 CSV Export/INFO] [AE2:C]: Same mod configuration was found. Not updating CSV content.
[17:43:00] [Client thread/INFO] [AE2:C]: Initialization ( ended after 57ms )
[17:43:00] [Client thread/TRACE] [FML]: Sent event FMLInitializationEvent to mod appliedenergistics2
[17:43:00] [Client thread/DEBUG] [FML]: Bar Step: Initialization - AE2 Unofficial Extended Life took 0.058s
[17:43:00] [Client thread/TRACE] [FML]: Sending event FMLInitializationEvent to mod open_file
[17:43:00] [Client thread/TRACE] [FML]: Sent event FMLInitializationEvent to mod open_file
[17:43:00] [Client thread/DEBUG] [FML]: Bar Step: Initialization - OpenFile took 0.000s
[17:43:00] [Client thread/TRACE] [FML]: Sending event FMLInitializationEvent to mod jei
[17:43:00] [Client thread/DEBUG] [FML]: Bar Finished: Texture stitching took 0.001s
[17:43:00] [Client thread/DEBUG] [FML]: Bar Finished: Texture stitching took 0.000s
[17:43:00] [Client thread/INFO] [Had Enough Items]: Created: 256x128 textures-atlas
[17:43:00] [Client thread/DEBUG] [FML]: Bar Finished: Texture creation took 0.001s
[17:43:00] [Client thread/DEBUG] [FML]: Bar Finished: Texture mipmap and upload took 0.002s
[17:43:00] [Client thread/TRACE] [FML]: Sent event FMLInitializationEvent to mod jei
[17:43:00] [Client thread/DEBUG] [FML]: Bar Step: Initialization - Had Enough Items took 0.004s
[17:43:00] [Client thread/DEBUG] [FML]: Bar Finished: Initialization took 0.063s
[17:43:00] [Client thread/TRACE] [FML]: Attempting to deliver 0 IMC messages to mod minecraft
[17:43:00] [Client thread/TRACE] [FML]: Sending event IMCEvent to mod minecraft
[17:43:00] [Client thread/TRACE] [FML]: Sent event IMCEvent to mod minecraft
[17:43:00] [Client thread/DEBUG] [FML]: Bar Step: InterModComms$IMC - Minecraft took 0.001s
[17:43:00] [Client thread/TRACE] [FML]: Attempting to deliver 0 IMC messages to mod mcp
[17:43:00] [Client thread/TRACE] [FML]: Sending event IMCEvent to mod mcp
[17:43:00] [Client thread/TRACE] [FML]: Sent event IMCEvent to mod mcp
[17:43:00] [Client thread/DEBUG] [FML]: Bar Step: InterModComms$IMC - Minecraft Coder Pack took 0.000s
[17:43:00] [Client thread/TRACE] [FML]: Attempting to deliver 0 IMC messages to mod mixinbooter
[17:43:00] [Client thread/TRACE] [FML]: Sending event IMCEvent to mod mixinbooter
[17:43:00] [Client thread/TRACE] [FML]: Sent event IMCEvent to mod mixinbooter
[17:43:00] [Client thread/DEBUG] [FML]: Bar Step: InterModComms$IMC - MixinBooter took 0.000s
[17:43:00] [Client thread/TRACE] [FML]: Attempting to deliver 0 IMC messages to mod FML
[17:43:00] [Client thread/TRACE] [FML]: Sending event IMCEvent to mod FML
[17:43:00] [Client thread/TRACE] [FML]: Sent event IMCEvent to mod FML
[17:43:00] [Client thread/DEBUG] [FML]: Bar Step: InterModComms$IMC - Forge Mod Loader took 0.000s
[17:43:00] [Client thread/TRACE] [FML]: Attempting to deliver 0 IMC messages to mod forge
[17:43:00] [Client thread/TRACE] [FML]: Sending event IMCEvent to mod forge
[17:43:00] [Client thread/TRACE] [FML]: Sent event IMCEvent to mod forge
[17:43:00] [Client thread/DEBUG] [FML]: Bar Step: InterModComms$IMC - Minecraft Forge took 0.000s
[17:43:00] [Client thread/TRACE] [FML]: Attempting to deliver 0 IMC messages to mod appliedenergistics2
[17:43:00] [Client thread/TRACE] [FML]: Sending event IMCEvent to mod appliedenergistics2
[17:43:00] [Client thread/TRACE] [FML]: Sent event IMCEvent to mod appliedenergistics2
[17:43:00] [Client thread/DEBUG] [FML]: Bar Step: InterModComms$IMC - AE2 Unofficial Extended Life took 0.007s
[17:43:00] [Client thread/TRACE] [FML]: Attempting to deliver 0 IMC messages to mod open_file
[17:43:00] [Client thread/TRACE] [FML]: Sending event IMCEvent to mod open_file
[17:43:00] [Client thread/TRACE] [FML]: Sent event IMCEvent to mod open_file
[17:43:00] [Client thread/DEBUG] [FML]: Bar Step: InterModComms$IMC - OpenFile took 0.000s
[17:43:00] [Client thread/TRACE] [FML]: Attempting to deliver 0 IMC messages to mod jei
[17:43:00] [Client thread/TRACE] [FML]: Sending event IMCEvent to mod jei
[17:43:00] [Client thread/TRACE] [FML]: Sent event IMCEvent to mod jei
[17:43:00] [Client thread/DEBUG] [FML]: Bar Step: InterModComms$IMC - Had Enough Items took 0.000s
[17:43:00] [Client thread/DEBUG] [FML]: Bar Finished: InterModComms$IMC took 0.009s
[17:43:00] [Client thread/INFO] [FML]: Injecting itemstacks
[17:43:00] [Client thread/INFO] [FML]: Itemstack injection complete
[17:43:00] [Client thread/TRACE] [FML]: Sending event FMLPostInitializationEvent to mod minecraft
[17:43:00] [Client thread/TRACE] [FML]: Sent event FMLPostInitializationEvent to mod minecraft
[17:43:00] [Client thread/DEBUG] [FML]: Bar Step: PostInitialization - Minecraft took 0.000s
[17:43:00] [Client thread/TRACE] [FML]: Sending event FMLPostInitializationEvent to mod mcp
[17:43:00] [Client thread/TRACE] [FML]: Sent event FMLPostInitializationEvent to mod mcp
[17:43:00] [Client thread/DEBUG] [FML]: Bar Step: PostInitialization - Minecraft Coder Pack took 0.000s
[17:43:00] [Client thread/TRACE] [FML]: Sending event FMLPostInitializationEvent to mod mixinbooter
[17:43:00] [Client thread/TRACE] [FML]: Sent event FMLPostInitializationEvent to mod mixinbooter
[17:43:00] [Client thread/DEBUG] [FML]: Bar Step: PostInitialization - MixinBooter took 0.000s
[17:43:00] [Client thread/TRACE] [FML]: Sending event FMLPostInitializationEvent to mod FML
[17:43:00] [Client thread/TRACE] [FML]: Sent event FMLPostInitializationEvent to mod FML
[17:43:00] [Client thread/DEBUG] [FML]: Bar Step: PostInitialization - Forge Mod Loader took 0.000s
[17:43:00] [Client thread/TRACE] [FML]: Sending event FMLPostInitializationEvent to mod forge
[17:43:00] [Client thread/WARN] [FML]: No types have been added to Biome appliedenergistics2:storage_biome, types have been assigned on a best-effort guess: [COLD, PLAINS]
[17:43:00] [Client thread/TRACE] [FML]: Sent event FMLPostInitializationEvent to mod forge
[17:43:00] [Client thread/DEBUG] [FML]: Bar Step: PostInitialization - Minecraft Forge took 0.004s
[17:43:00] [Client thread/TRACE] [FML]: Sending event FMLPostInitializationEvent to mod appliedenergistics2
[17:43:00] [Client thread/INFO] [AE2:C]: Post Initialization ( started )
[17:43:00] [Client thread/INFO] [AE2:C]: Industrial Craft 2 - Integration Disabled
[17:43:00] [Client thread/INFO] [AE2:C]: GregTech - Integration Disabled
[17:43:00] [Client thread/INFO] [AE2:C]: Railcraft - Integration Disabled
[17:43:00] [Client thread/INFO] [AE2:C]: Mine Factory Reloaded - Integration Disabled
[17:43:00] [Client thread/INFO] [AE2:C]: Waila - Integration Disabled
[17:43:00] [Client thread/INFO] [AE2:C]: Inventory Tweaks - Integration Disabled
[17:43:00] [Client thread/INFO] [AE2:C]: Just Enough Items - Integration Enable
[17:43:00] [Client thread/INFO] [AE2:C]: Mekanism - Integration Disabled
[17:43:00] [Client thread/INFO] [AE2:C]: OpenComputers - Integration Disabled
[17:43:00] [Client thread/INFO] [AE2:C]: TheOneProbe - Integration Disabled
[17:43:00] [Client thread/INFO] [AE2:C]: Tesla - Integration Disabled
[17:43:00] [Client thread/INFO] [AE2:C]: CraftTweaker - Integration Disabled
[17:43:00] [Client thread/TRACE] [mixin]: Added class metadata for appeng/client/gui/widgets/ISortSource to metadata cache
[17:43:00] [Client thread/TRACE] [mixin]: Added class metadata for appeng/util/IConfigManagerHost to metadata cache
[17:43:00] [Client thread/TRACE] [mixin]: Added class metadata for appeng/client/gui/AEBaseMEGui to metadata cache
[17:43:00] [Client thread/TRACE] [mixin]: Added class metadata for appeng/client/gui/AEBaseGui to metadata cache
[17:43:00] [Client thread/TRACE] [mixin]: Added class metadata for net/minecraft/client/gui/inventory/GuiContainer to metadata cache
[17:43:00] [Client thread/TRACE] [mixin]: Added class metadata for net/minecraft/client/gui/GuiScreen to metadata cache
[17:43:00] [Client thread/TRACE] [mixin]: Added class metadata for net/minecraft/client/gui/GuiYesNoCallback to metadata cache
[17:43:00] [Client thread/TRACE] [mixin]: Added class metadata for net/minecraft/client/gui/Gui to metadata cache
[17:43:00] [Client thread/DEBUG] [mixin]: Mixing MixinGuiMEMonitorable from mixins.open_file.json into appeng.client.gui.implementations.GuiMEMonitorable
[17:43:00] [Client thread/TRACE] [mixin]: Added class metadata for com/lw/OpenFile/integration/jei/OpenFileJeiPlugin to metadata cache
[17:43:00] [Client thread/TRACE] [mixin]: Added class metadata for mezz/jei/api/IJeiRuntime to metadata cache
[17:43:00] [Client thread/TRACE] [mixin]: Added class metadata for mezz/jei/api/IIngredientListOverlay to metadata cache
[17:43:00] [Client thread/TRACE] [mixin]: Added class metadata for mezz/jei/api/IBookmarkOverlay to metadata cache
[17:43:00] [Client thread/TRACE] [mixin]: Added class metadata for net/minecraft/util/text/TextFormatting to metadata cache
[17:43:00] [Client thread/TRACE] [mixin]: Added class metadata for net/minecraft/client/gui/GuiTextField to metadata cache
[17:43:00] [Client thread/TRACE] [mixin]: Added class metadata for java/lang/NoSuchFieldException to metadata cache
[17:43:00] [Client thread/DEBUG] [mixin]: RemapperAdapterFML is remapping method keyTypednull for null
[17:43:00] [Client thread/DEBUG] [mixin]: mixins.open_file.json:MixinGuiMEMonitorable from owner unknown-owner->@Inject::onKeyTyped(CILorg/spongepowered/asm/mixin/injection/callback/CallbackInfo;)V does use it's CallbackInfo
[17:43:00] [Client thread/TRACE] [mixin]: Added class metadata for appeng/helpers/IContainerCraftingPacket to metadata cache
[17:43:00] [Client thread/TRACE] [mixin]: Added class metadata for appeng/container/slot/IOptionalSlotHost to metadata cache
[17:43:00] [Client thread/TRACE] [mixin]: Added class metadata for appeng/util/inv/IAEAppEngInventory to metadata cache
[17:43:00] [Client thread/TRACE] [mixin]: Added class metadata for appeng/container/implementations/ContainerMEMonitorable to metadata cache
[17:43:00] [Client thread/TRACE] [mixin]: Added class metadata for appeng/api/util/IConfigurableObject to metadata cache
[17:43:00] [Client thread/TRACE] [mixin]: Added class metadata for appeng/api/storage/IMEMonitorHandlerReceiver to metadata cache
[17:43:00] [Client thread/TRACE] [mixin]: Added class metadata for appeng/container/AEBaseContainer to metadata cache
[17:43:00] [Client thread/TRACE] [mixin]: Added class metadata for net/minecraft/inventory/Container to metadata cache
[17:43:00] [Client thread/DEBUG] [mixin]: Mixing MixinContainerPatternTerm from mixins.open_file.json into appeng.container.implementations.ContainerPatternEncoder
[17:43:00] [Client thread/TRACE] [mixin]: Added class metadata for net/minecraft/inventory/Slot to metadata cache
[17:43:00] [Client thread/TRACE] [mixin]: Added class metadata for com/lw/OpenFile/util/AEPatternInfo to metadata cache
[17:43:00] [Client thread/DEBUG] [mixin]: RemapperAdapterFML is remapping method encodenull for null
[17:43:00] [Client thread/DEBUG] [mixin]: RemapperAdapterFML is remapping method encodeAndMoveToInventorynull for null
[17:43:00] [Client thread/DEBUG] [mixin]: mixins.open_file.json:MixinContainerPatternTerm from owner unknown-owner->@Inject::onPatternEncoded(Lorg/spongepowered/asm/mixin/injection/callback/CallbackInfo;)V doesn't use it's CallbackInfo
[17:43:00] [Client thread/DEBUG] [mixin]: mixins.open_file.json:MixinContainerPatternTerm from owner unknown-owner->@Inject::onPatternEncoded(Lorg/spongepowered/asm/mixin/injection/callback/CallbackInfo;)V has 0 override(s) in child classes
[17:43:00] [Client thread/DEBUG] [mixin]: mixins.open_file.json:MixinContainerPatternTerm from owner unknown-owner->@Inject::onPatternEncoded(Lorg/spongepowered/asm/mixin/injection/callback/CallbackInfo;)V won't be passed a CallbackInfo as a result
[17:43:00] [Client thread/DEBUG] [mixin]: mixins.open_file.json:MixinContainerPatternTerm from owner unknown-owner->@Inject::onPatternEncodedAndMoved(Lorg/spongepowered/asm/mixin/injection/callback/CallbackInfo;)V doesn't use it's CallbackInfo
[17:43:00] [Client thread/DEBUG] [mixin]: mixins.open_file.json:MixinContainerPatternTerm from owner unknown-owner->@Inject::onPatternEncodedAndMoved(Lorg/spongepowered/asm/mixin/injection/callback/CallbackInfo;)V has 0 override(s) in child classes
[17:43:00] [Client thread/DEBUG] [mixin]: mixins.open_file.json:MixinContainerPatternTerm from owner unknown-owner->@Inject::onPatternEncodedAndMoved(Lorg/spongepowered/asm/mixin/injection/callback/CallbackInfo;)V won't be passed a CallbackInfo as a result
[17:43:00] [Client thread/TRACE] [mixin]: Added class metadata for java/util/ArrayList to metadata cache
[17:43:00] [Client thread/TRACE] [mixin]: Added class metadata for java/util/AbstractList to metadata cache
[17:43:00] [Client thread/TRACE] [mixin]: Added class metadata for appeng/parts/reporting/AbstractPartEncoder to metadata cache
[17:43:00] [Client thread/TRACE] [mixin]: Added class metadata for appeng/api/networking/security/IActionHost to metadata cache
[17:43:00] [Client thread/TRACE] [mixin]: Added class metadata for appeng/parts/reporting/AbstractPartTerminal to metadata cache
[17:43:00] [Client thread/TRACE] [mixin]: Added class metadata for appeng/parts/reporting/AbstractPartDisplay to metadata cache
[17:43:00] [Client thread/TRACE] [mixin]: Added class metadata for appeng/parts/reporting/AbstractPartReporting to metadata cache
[17:43:00] [Client thread/TRACE] [mixin]: Added class metadata for appeng/parts/AEBasePart to metadata cache
[17:43:00] [Client thread/TRACE] [mixin]: Added class metadata for appeng/util/InventoryAdaptor to metadata cache
[17:43:00] [Client thread/TRACE] [mixin]: Added class metadata for appeng/util/inv/AdaptorItemHandler to metadata cache
[17:43:00] [Client thread/DEBUG] [mixin]: Mixing MixinContainerInterfaceTerminal from mixins.open_file.json into appeng.container.implementations.ContainerInterfaceTerminal
[17:43:00] [Client thread/DEBUG] [mixin]: RemapperAdapterFML is remapping method detectAndSendChangesnull for null
[17:43:00] [Client thread/DEBUG] [mixin]: mixins.open_file.json:MixinContainerInterfaceTerminal from owner unknown-owner->@Inject::onDetectAndSendChanges(Lorg/spongepowered/asm/mixin/injection/callback/CallbackInfo;)V doesn't use it's CallbackInfo
[17:43:00] [Client thread/DEBUG] [mixin]: mixins.open_file.json:MixinContainerInterfaceTerminal from owner unknown-owner->@Inject::onDetectAndSendChanges(Lorg/spongepowered/asm/mixin/injection/callback/CallbackInfo;)V has 0 override(s) in child classes
[17:43:00] [Client thread/DEBUG] [mixin]: mixins.open_file.json:MixinContainerInterfaceTerminal from owner unknown-owner->@Inject::onDetectAndSendChanges(Lorg/spongepowered/asm/mixin/injection/callback/CallbackInfo;)V won't be passed a CallbackInfo as a result
[17:43:00] [Client thread/INFO] [AE2:C]: Post Initialization ( ended after 191ms )
[17:43:00] [Client thread/TRACE] [FML]: Sent event FMLPostInitializationEvent to mod appliedenergistics2
[17:43:00] [Client thread/DEBUG] [FML]: Bar Step: PostInitialization - AE2 Unofficial Extended Life took 0.192s
[17:43:00] [Client thread/TRACE] [FML]: Sending event FMLPostInitializationEvent to mod open_file
[17:43:00] [Client thread/TRACE] [FML]: Sent event FMLPostInitializationEvent to mod open_file
[17:43:00] [Client thread/DEBUG] [FML]: Bar Step: PostInitialization - OpenFile took 0.000s
[17:43:00] [Client thread/TRACE] [FML]: Sending event FMLPostInitializationEvent to mod jei
[17:43:00] [Client thread/TRACE] [FML]: Sent event FMLPostInitializationEvent to mod jei
[17:43:00] [Client thread/DEBUG] [FML]: Bar Step: PostInitialization - Had Enough Items took 0.000s
[17:43:00] [Client thread/DEBUG] [FML]: Bar Finished: PostInitialization took 0.196s
[17:43:00] [Client thread/TRACE] [FML]: Sending event FMLLoadCompleteEvent to mod minecraft
[17:43:00] [Client thread/TRACE] [FML]: Sent event FMLLoadCompleteEvent to mod minecraft
[17:43:00] [Client thread/DEBUG] [FML]: Bar Step: LoadComplete - Minecraft took 0.000s
[17:43:00] [Client thread/TRACE] [FML]: Sending event FMLLoadCompleteEvent to mod mcp
[17:43:00] [Client thread/TRACE] [FML]: Sent event FMLLoadCompleteEvent to mod mcp
[17:43:00] [Client thread/DEBUG] [FML]: Bar Step: LoadComplete - Minecraft Coder Pack took 0.000s
[17:43:00] [Client thread/TRACE] [FML]: Sending event FMLLoadCompleteEvent to mod mixinbooter
[17:43:00] [Client thread/TRACE] [FML]: Sent event FMLLoadCompleteEvent to mod mixinbooter
[17:43:00] [Client thread/DEBUG] [FML]: Bar Step: LoadComplete - MixinBooter took 0.000s
[17:43:00] [Client thread/TRACE] [FML]: Sending event FMLLoadCompleteEvent to mod FML
[17:43:00] [Client thread/TRACE] [FML]: Sent event FMLLoadCompleteEvent to mod FML
[17:43:00] [Client thread/DEBUG] [FML]: Bar Step: LoadComplete - Forge Mod Loader took 0.000s
[17:43:00] [Client thread/TRACE] [FML]: Sending event FMLLoadCompleteEvent to mod forge
[17:43:00] [Client thread/DEBUG] [FML]: Forge RecipeSorter Baking:
[17:43:00] [Client thread/DEBUG] [FML]:   16: RecipeEntry("Before", UNKNOWN, )
[17:43:00] [Client thread/DEBUG] [FML]:   15: RecipeEntry("minecraft:shaped", SHAPED, net.minecraft.item.crafting.ShapedRecipes) Before: minecraft:shapeless
[17:43:00] [Client thread/DEBUG] [FML]:   14: RecipeEntry("forge:shapedore", SHAPED, net.minecraftforge.oredict.ShapedOreRecipe) Before: minecraft:shapeless After: minecraft:shaped
[17:43:00] [Client thread/DEBUG] [FML]:   13: RecipeEntry("minecraft:mapextending", SHAPED, net.minecraft.item.crafting.RecipesMapExtending) Before: minecraft:shapeless After: minecraft:shaped
[17:43:00] [Client thread/DEBUG] [FML]:   12: RecipeEntry("minecraft:shapeless", SHAPELESS, net.minecraft.item.crafting.ShapelessRecipes) After: minecraft:shaped
[17:43:00] [Client thread/DEBUG] [FML]:   11: RecipeEntry("minecraft:repair", SHAPELESS, net.minecraft.item.crafting.RecipeRepairItem) After: minecraft:shapeless
[17:43:00] [Client thread/DEBUG] [FML]:   10: RecipeEntry("minecraft:shield_deco", SHAPELESS, net.minecraft.item.crafting.ShieldRecipes$Decoration) After: minecraft:shapeless
[17:43:00] [Client thread/DEBUG] [FML]:   9: RecipeEntry("minecraft:armordyes", SHAPELESS, net.minecraft.item.crafting.RecipesArmorDyes) After: minecraft:shapeless
[17:43:00] [Client thread/DEBUG] [FML]:   8: RecipeEntry("minecraft:fireworks", SHAPELESS, net.minecraft.item.crafting.RecipeFireworks) After: minecraft:shapeless
[17:43:00] [Client thread/DEBUG] [FML]:   7: RecipeEntry("minecraft:pattern_dupe", SHAPELESS, net.minecraft.item.crafting.RecipesBanners$RecipeDuplicatePattern) After: minecraft:shapeless
[17:43:00] [Client thread/DEBUG] [FML]:   6: RecipeEntry("minecraft:tippedarrow", SHAPELESS, net.minecraft.item.crafting.RecipeTippedArrow) After: minecraft:shapeless
[17:43:00] [Client thread/DEBUG] [FML]:   5: RecipeEntry("minecraft:mapcloning", SHAPELESS, net.minecraft.item.crafting.RecipesMapCloning) After: minecraft:shapeless
[17:43:00] [Client thread/DEBUG] [FML]:   4: RecipeEntry("forge:shapelessore", SHAPELESS, net.minecraftforge.oredict.ShapelessOreRecipe) After: minecraft:shapeless
[17:43:00] [Client thread/DEBUG] [FML]:   3: RecipeEntry("minecraft:pattern_add", SHAPELESS, net.minecraft.item.crafting.RecipesBanners$RecipeAddPattern) After: minecraft:shapeless
[17:43:00] [Client thread/DEBUG] [FML]:   2: RecipeEntry("minecraft:bookcloning", SHAPELESS, net.minecraft.item.crafting.RecipeBookCloning) After: minecraft:shapeless
[17:43:00] [Client thread/DEBUG] [FML]:   1: RecipeEntry("After", UNKNOWN, )
[17:43:00] [Client thread/DEBUG] [FML]: Sorting recipes
[17:43:00] [Client thread/TRACE] [FML]: Sent event FMLLoadCompleteEvent to mod forge
[17:43:00] [Client thread/DEBUG] [FML]: Bar Step: LoadComplete - Minecraft Forge took 0.003s
[17:43:00] [Client thread/TRACE] [FML]: Sending event FMLLoadCompleteEvent to mod appliedenergistics2
[17:43:00] [Client thread/TRACE] [FML]: Sent event FMLLoadCompleteEvent to mod appliedenergistics2
[17:43:00] [Client thread/DEBUG] [FML]: Bar Step: LoadComplete - AE2 Unofficial Extended Life took 0.000s
[17:43:00] [Client thread/TRACE] [FML]: Sending event FMLLoadCompleteEvent to mod open_file
[17:43:00] [Client thread/TRACE] [FML]: Sent event FMLLoadCompleteEvent to mod open_file
[17:43:00] [Client thread/DEBUG] [FML]: Bar Step: LoadComplete - OpenFile took 0.000s
[17:43:00] [Client thread/TRACE] [FML]: Sending event FMLLoadCompleteEvent to mod jei
[17:43:00] [Client thread/DEBUG] [FML]: Bar Finished: Loading Resource - ProxyCommonClient$$Lambda$479/177149721 took 0.000s
[17:43:00] [Client thread/INFO] [Had Enough Items]: Starting Had Enough Items...
[17:43:00] [Client thread/DEBUG] [FML]: Bar Finished: Registering item subtypes took 0.003s
[17:43:00] [Client thread/DEBUG] [FML]: Bar Finished: Registering ingredients took 0.055s
[17:43:00] [Client thread/INFO] [Had Enough Items]: Registering recipe categories...
[17:43:00] [Client thread/DEBUG] [Had Enough Items]: Registering categories: mezz.jei.plugins.vanilla.VanillaPlugin ...
[17:43:00] [Client thread/DEBUG] [Had Enough Items]: Registered  categories: mezz.jei.plugins.vanilla.VanillaPlugin in 17 ms
[17:43:00] [Client thread/DEBUG] [Had Enough Items]: Registering categories: mezz.jei.plugins.modsupport.ModSupportPlugin ...
[17:43:00] [Client thread/DEBUG] [Had Enough Items]: Registered  categories: mezz.jei.plugins.modsupport.ModSupportPlugin in 0 ms
[17:43:00] [Client thread/DEBUG] [Had Enough Items]: Registering categories: com.lw.OpenFile.integration.jei.OpenFileJeiPlugin ...
[17:43:00] [Client thread/DEBUG] [Had Enough Items]: Registered  categories: com.lw.OpenFile.integration.jei.OpenFileJeiPlugin in 0 ms
[17:43:00] [Client thread/DEBUG] [Had Enough Items]: Registering categories: appeng.integration.modules.jei.JEIPlugin ...
[17:43:00] [Client thread/DEBUG] [Had Enough Items]: Registered  categories: appeng.integration.modules.jei.JEIPlugin in 2 ms
[17:43:00] [Client thread/DEBUG] [Had Enough Items]: Registering categories: mezz.jei.plugins.jei.JEIInternalPlugin ...
[17:43:00] [Client thread/DEBUG] [Had Enough Items]: Registered  categories: mezz.jei.plugins.jei.JEIInternalPlugin in 0 ms
[17:43:00] [Client thread/DEBUG] [FML]: Bar Finished: Registering categories took 0.020s
[17:43:00] [Client thread/INFO] [Had Enough Items]: Registering recipe categories took 20.09 ms
[17:43:00] [Client thread/INFO] [Had Enough Items]: Registering mod plugins...
[17:43:00] [Client thread/DEBUG] [Had Enough Items]: Registering plugin: mezz.jei.plugins.vanilla.VanillaPlugin ...
[17:43:01] [Client thread/DEBUG] [Had Enough Items]: Registered vanilla repair recipes in 1.717 ms
[17:43:01] [Client thread/DEBUG] [Had Enough Items]: Registered enchantment recipes in 4.376 ms
[17:43:01] [Client thread/DEBUG] [Had Enough Items]: Registered  plugin: mezz.jei.plugins.vanilla.VanillaPlugin in 70 ms
[17:43:01] [Client thread/DEBUG] [Had Enough Items]: Registering plugin: mezz.jei.plugins.modsupport.ModSupportPlugin ...
[17:43:01] [Client thread/DEBUG] [Had Enough Items]: Registered  plugin: mezz.jei.plugins.modsupport.ModSupportPlugin in 0 ms
[17:43:01] [Client thread/DEBUG] [Had Enough Items]: Registering plugin: com.lw.OpenFile.integration.jei.OpenFileJeiPlugin ...
[17:43:01] [Client thread/DEBUG] [Had Enough Items]: Registered  plugin: com.lw.OpenFile.integration.jei.OpenFileJeiPlugin in 0 ms
[17:43:01] [Client thread/DEBUG] [Had Enough Items]: Registering plugin: appeng.integration.modules.jei.JEIPlugin ...
[17:43:01] [Client thread/INFO] [Had Enough Items]: Added recipe registry plugin: class appeng.integration.modules.jei.FacadeRegistryPlugin
[17:43:01] [Client thread/DEBUG] [Had Enough Items]: Registered  plugin: appeng.integration.modules.jei.JEIPlugin in 12 ms
[17:43:01] [Client thread/DEBUG] [Had Enough Items]: Registering plugin: mezz.jei.plugins.jei.JEIInternalPlugin ...
[17:43:01] [Client thread/DEBUG] [Had Enough Items]: Registered  plugin: mezz.jei.plugins.jei.JEIInternalPlugin in 7 ms
[17:43:01] [Client thread/DEBUG] [FML]: Bar Finished: Registering plugins took 0.091s
[17:43:01] [Client thread/INFO] [Had Enough Items]: Registering mod plugins took 90.59 ms
[17:43:01] [Client thread/INFO] [Had Enough Items]: Building recipe registry...
[17:43:01] [Client thread/DEBUG] [Had Enough Items]: No recipe wrapper for recipe: Minecraft minecraft:armordye class net.minecraft.item.crafting.RecipesArmorDyes
[17:43:01] [Client thread/DEBUG] [Had Enough Items]: No recipe wrapper for recipe: Minecraft minecraft:bookcloning class net.minecraft.item.crafting.RecipeBookCloning
[17:43:01] [Client thread/DEBUG] [Had Enough Items]: No recipe wrapper for recipe: Minecraft minecraft:mapcloning class net.minecraft.item.crafting.RecipesMapCloning
[17:43:01] [Client thread/DEBUG] [Had Enough Items]: No recipe wrapper for recipe: Minecraft minecraft:fireworks class net.minecraft.item.crafting.RecipeFireworks
[17:43:01] [Client thread/DEBUG] [Had Enough Items]: No recipe wrapper for recipe: Minecraft minecraft:repairitem class net.minecraft.item.crafting.RecipeRepairItem
[17:43:01] [Client thread/DEBUG] [Had Enough Items]: No recipe wrapper for recipe: Minecraft minecraft:tippedarrow class net.minecraft.item.crafting.RecipeTippedArrow
[17:43:01] [Client thread/DEBUG] [Had Enough Items]: No recipe wrapper for recipe: Minecraft minecraft:bannerduplicate class net.minecraft.item.crafting.RecipesBanners$RecipeDuplicatePattern
[17:43:01] [Client thread/DEBUG] [Had Enough Items]: No recipe wrapper for recipe: Minecraft minecraft:banneraddpattern class net.minecraft.item.crafting.RecipesBanners$RecipeAddPattern
[17:43:01] [Client thread/DEBUG] [Had Enough Items]: No recipe wrapper for recipe: Minecraft minecraft:shielddecoration class net.minecraft.item.crafting.ShieldRecipes$Decoration
[17:43:01] [Client thread/DEBUG] [Had Enough Items]: No recipe wrapper for recipe: Minecraft minecraft:shulkerboxcoloring class net.minecraft.item.crafting.ShulkerBoxRecipes$ShulkerBoxColoring
[17:43:01] [Client thread/DEBUG] [Had Enough Items]: No recipe wrapper for recipe: AE2 Unofficial Extended Life appliedenergistics2:disassemble class appeng.recipes.game.DisassembleRecipe
[17:43:01] [Client thread/DEBUG] [Had Enough Items]: No recipe wrapper for recipe: AE2 Unofficial Extended Life appliedenergistics2:facade class appeng.recipes.game.FacadeRecipe
[17:43:01] [Client thread/DEBUG] [FML]: Bar Finished: Loading recipes took 0.041s
[17:43:01] [Client thread/INFO] [Had Enough Items]: Building recipe registry took 66.76 ms
[17:43:01] [Client thread/INFO] [Had Enough Items]: Building ingredient filter and search trees...
[17:43:01] [Client thread/DEBUG] [FML]: Bar Finished: Registering ingredients: EnchantmentData took 0.007s
[17:43:01] [Client thread/DEBUG] [FML]: Bar Finished: Registering ingredients: FluidStack took 0.000s
[17:43:01] [Client thread/DEBUG] [FML]: Bar Finished: Registering ingredients: ItemStack took 0.019s
[17:43:01] [Client thread/INFO] [Had Enough Items]: Building [default] search tree...
[17:43:01] [Client thread/DEBUG] [FML]: Bar Finished: Indexing ingredients took 0.024s
[17:43:01] [Client thread/INFO] [Had Enough Items]: Building [default] search tree took 27.84 ms
[17:43:01] [Client thread/INFO] [Had Enough Items]: Building [tooltip] search tree...
[17:43:01] [Client thread/DEBUG] [FML]: Bar Finished: Indexing ingredients took 0.033s
[17:43:01] [Client thread/INFO] [Had Enough Items]: Building [tooltip] search tree took 33.32 ms
[17:43:01] [pool-3-thread-1/INFO] [Had Enough Items]: Asynchronously building [resource_id] search tree...
[17:43:01] [pool-3-thread-1/INFO] [Had Enough Items]: Asynchronously building [resource_id] search tree took 1.233 ms
[17:43:01] [pool-3-thread-1/INFO] [Had Enough Items]: Asynchronously building [color] search tree...
[17:43:01] [pool-3-thread-1/INFO] [Had Enough Items]: Asynchronously building [color] search tree took 144.1 μs
[17:43:01] [pool-3-thread-1/INFO] [Had Enough Items]: Asynchronously building [oredict] search tree...
[17:43:01] [pool-3-thread-1/INFO] [Had Enough Items]: Asynchronously building [oredict] search tree took 124.9 μs
[17:43:01] [pool-3-thread-1/INFO] [Had Enough Items]: Asynchronously building [mod_name] search tree...
[17:43:01] [Client thread/INFO] [Had Enough Items]: Building ingredient filter and search trees took 125.1 ms
[17:43:01] [Client thread/DEBUG] [Had Enough Items]: Registering collapsible groups: mezz.jei.plugins.vanilla.VanillaPlugin ...
[17:43:01] [Client thread/DEBUG] [Had Enough Items]: Registered  collapsible groups: mezz.jei.plugins.vanilla.VanillaPlugin in 0 ms
[17:43:01] [Client thread/DEBUG] [Had Enough Items]: Registering collapsible groups: mezz.jei.plugins.modsupport.ModSupportPlugin ...
[17:43:01] [Client thread/DEBUG] [Had Enough Items]: Registered  collapsible groups: mezz.jei.plugins.modsupport.ModSupportPlugin in 0 ms
[17:43:01] [Client thread/DEBUG] [Had Enough Items]: Registering collapsible groups: com.lw.OpenFile.integration.jei.OpenFileJeiPlugin ...
[17:43:01] [Client thread/DEBUG] [Had Enough Items]: Registered  collapsible groups: com.lw.OpenFile.integration.jei.OpenFileJeiPlugin in 0 ms
[17:43:01] [Client thread/DEBUG] [Had Enough Items]: Registering collapsible groups: appeng.integration.modules.jei.JEIPlugin ...
[17:43:01] [Client thread/DEBUG] [Had Enough Items]: Registered  collapsible groups: appeng.integration.modules.jei.JEIPlugin in 0 ms
[17:43:01] [Client thread/DEBUG] [Had Enough Items]: Registering collapsible groups: mezz.jei.plugins.jei.JEIInternalPlugin ...
[17:43:01] [pool-3-thread-1/INFO] [Had Enough Items]: Asynchronously building [mod_name] search tree took 4.293 ms
[17:43:01] [pool-3-thread-1/INFO] [Had Enough Items]: Asynchronously building [creative_tab] search tree...
[17:43:01] [pool-3-thread-1/INFO] [Had Enough Items]: Asynchronously building [creative_tab] search tree took 220.3 μs
[17:43:01] [Client thread/DEBUG] [Had Enough Items]: Registered  collapsible groups: mezz.jei.plugins.jei.JEIInternalPlugin in 4 ms
[17:43:01] [Client thread/DEBUG] [FML]: Bar Finished: Registering collapsible groups took 0.005s
[17:43:01] [Client thread/INFO] [Had Enough Items]: Loaded 0 custom collapsible groups
[17:43:01] [Client thread/INFO] [Had Enough Items]: Building runtime...
[17:43:01] [Client thread/INFO] [Had Enough Items]: Building runtime took 57.07 ms
[17:43:01] [Client thread/DEBUG] [Had Enough Items]: Sending runtime to plugin: mezz.jei.plugins.vanilla.VanillaPlugin ...
[17:43:01] [Client thread/DEBUG] [Had Enough Items]: Sending runtime to plugin: mezz.jei.plugins.modsupport.ModSupportPlugin ...
[17:43:01] [Client thread/DEBUG] [Had Enough Items]: Sending runtime to plugin: com.lw.OpenFile.integration.jei.OpenFileJeiPlugin ...
[17:43:01] [Client thread/DEBUG] [Had Enough Items]: Sending runtime to plugin: appeng.integration.modules.jei.JEIPlugin ...
[17:43:01] [Client thread/DEBUG] [Had Enough Items]: Sending runtime to plugin: mezz.jei.plugins.jei.JEIInternalPlugin ...
[17:43:01] [Client thread/DEBUG] [FML]: Bar Finished: Sending Runtime took 0.001s
[17:43:01] [Client thread/INFO] [Had Enough Items]: Building favorites...
[17:43:01] [Client thread/INFO] [Had Enough Items]: Building favorites took 4.495 ms
[17:43:01] [Client thread/INFO] [Had Enough Items]: Building bookmarks...
[17:43:01] [Client thread/INFO] [Had Enough Items]: Building bookmarks took 5.130 ms
[17:43:01] [Client thread/INFO] [Had Enough Items]: Starting Had Enough Items took 556.4 ms
[17:43:01] [Client thread/TRACE] [FML]: Sent event FMLLoadCompleteEvent to mod jei
[17:43:01] [Client thread/DEBUG] [FML]: Bar Step: LoadComplete - Had Enough Items took 0.558s
[17:43:01] [Client thread/DEBUG] [FML]: Bar Finished: LoadComplete took 0.562s
[17:43:01] [Client thread/DEBUG] [FML]: Freezing registries
[17:43:01] [Client thread/TRACE] [FML]: Sending event FMLModIdMappingEvent to mod minecraft
[17:43:01] [Client thread/TRACE] [FML]: Sent event FMLModIdMappingEvent to mod minecraft
[17:43:01] [Client thread/DEBUG] [FML]: Bar Step: ModIdMapping - Minecraft took 0.000s
[17:43:01] [Client thread/TRACE] [FML]: Sending event FMLModIdMappingEvent to mod mcp
[17:43:01] [Client thread/TRACE] [FML]: Sent event FMLModIdMappingEvent to mod mcp
[17:43:01] [Client thread/DEBUG] [FML]: Bar Step: ModIdMapping - Minecraft Coder Pack took 0.000s
[17:43:01] [Client thread/TRACE] [FML]: Sending event FMLModIdMappingEvent to mod mixinbooter
[17:43:01] [Client thread/TRACE] [FML]: Sent event FMLModIdMappingEvent to mod mixinbooter
[17:43:01] [Client thread/DEBUG] [FML]: Bar Step: ModIdMapping - MixinBooter took 0.000s
[17:43:01] [Client thread/TRACE] [FML]: Sending event FMLModIdMappingEvent to mod FML
[17:43:01] [Client thread/TRACE] [FML]: Sent event FMLModIdMappingEvent to mod FML
[17:43:01] [Client thread/DEBUG] [FML]: Bar Step: ModIdMapping - Forge Mod Loader took 0.000s
[17:43:01] [Client thread/TRACE] [FML]: Sending event FMLModIdMappingEvent to mod forge
[17:43:01] [Client thread/TRACE] [FML]: Sent event FMLModIdMappingEvent to mod forge
[17:43:01] [Client thread/DEBUG] [FML]: Bar Step: ModIdMapping - Minecraft Forge took 0.096s
[17:43:01] [Client thread/TRACE] [FML]: Sending event FMLModIdMappingEvent to mod appliedenergistics2
[17:43:01] [Client thread/TRACE] [FML]: Sent event FMLModIdMappingEvent to mod appliedenergistics2
[17:43:01] [Client thread/DEBUG] [FML]: Bar Step: ModIdMapping - AE2 Unofficial Extended Life took 0.000s
[17:43:01] [Client thread/TRACE] [FML]: Sending event FMLModIdMappingEvent to mod open_file
[17:43:01] [Client thread/TRACE] [FML]: Sent event FMLModIdMappingEvent to mod open_file
[17:43:01] [Client thread/DEBUG] [FML]: Bar Step: ModIdMapping - OpenFile took 0.000s
[17:43:01] [Client thread/TRACE] [FML]: Sending event FMLModIdMappingEvent to mod jei
[17:43:01] [Client thread/TRACE] [FML]: Sent event FMLModIdMappingEvent to mod jei
[17:43:01] [Client thread/DEBUG] [FML]: Bar Step: ModIdMapping - Had Enough Items took 0.000s
[17:43:01] [Client thread/DEBUG] [FML]: Bar Finished: ModIdMapping took 0.098s
[17:43:01] [Client thread/DEBUG] [FML]: All registries frozen
[17:43:01] [Client thread/INFO] [FML]: Forge Mod Loader has successfully loaded 8 mods
[17:43:01] [Client thread/WARN] [net.minecraft.client.settings.GameSettings]: Skipping bad option: lastServer:
[17:43:01] [Client thread/DEBUG] [FML]: Bar Finished: Loading took 6.333s
[17:43:01] [Client thread/DEBUG] [mixin]: Mixing NarratorMixin from mixins.osxnarratorblocker.json into com.mojang.text2speech.Narrator
[17:43:01] [Client thread/TRACE] [mixin]: Added class metadata for com/sun/jna/Platform to metadata cache
[17:43:01] [Client thread/TRACE] [mixin]: Added class metadata for org/apache/logging/log4j/LogManager to metadata cache
[17:43:01] [Client thread/TRACE] [mixin]: Added class metadata for com/mojang/text2speech/NarratorDummy to metadata cache
[17:43:01] [Client thread/DEBUG] [mixin]: mixins.osxnarratorblocker.json:NarratorMixin from owner unknown-owner->@Inject::getNarrator(Lorg/spongepowered/asm/mixin/injection/callback/CallbackInfoReturnable;)V does use it's CallbackInfoReturnable
[17:43:01] [Client thread/INFO] [com.mojang.text2speech.NarratorWindows]: Narrator library for x64 successfully loaded
[17:43:01] [Client thread/DEBUG] [FML]: Bar Finished: Loading Resource - CloudRenderer took 0.003s
[17:43:03] [Realms Notification Availability checker #1/INFO] [com.mojang.realmsclient.client.RealmsClient]: Could not authorize you against Realms server: java.lang.RuntimeException: Failed to parse into SignedJWT: 0
[17:44:32] [Server thread/INFO] [net.minecraft.server.integrated.IntegratedServer]: Starting integrated minecraft server version 1.12.2
[17:44:32] [Server thread/INFO] [net.minecraft.server.integrated.IntegratedServer]: Generating keypair
[17:44:32] [Server thread/TRACE] [FML]: Sending event FMLServerAboutToStartEvent to mod minecraft
[17:44:32] [Server thread/TRACE] [FML]: Sent event FMLServerAboutToStartEvent to mod minecraft
[17:44:32] [Server thread/DEBUG] [FML]: Bar Step: ServerAboutToStart - Minecraft took 0.000s
[17:44:32] [Server thread/TRACE] [FML]: Sending event FMLServerAboutToStartEvent to mod mcp
[17:44:32] [Server thread/TRACE] [FML]: Sent event FMLServerAboutToStartEvent to mod mcp
[17:44:32] [Server thread/DEBUG] [FML]: Bar Step: ServerAboutToStart - Minecraft Coder Pack took 0.000s
[17:44:32] [Server thread/TRACE] [FML]: Sending event FMLServerAboutToStartEvent to mod mixinbooter
[17:44:32] [Server thread/TRACE] [FML]: Sent event FMLServerAboutToStartEvent to mod mixinbooter
[17:44:32] [Server thread/DEBUG] [FML]: Bar Step: ServerAboutToStart - MixinBooter took 0.000s
[17:44:32] [Server thread/TRACE] [FML]: Sending event FMLServerAboutToStartEvent to mod FML
[17:44:32] [Server thread/TRACE] [FML]: Sent event FMLServerAboutToStartEvent to mod FML
[17:44:32] [Server thread/DEBUG] [FML]: Bar Step: ServerAboutToStart - Forge Mod Loader took 0.000s
[17:44:32] [Server thread/TRACE] [FML]: Sending event FMLServerAboutToStartEvent to mod forge
[17:44:32] [Server thread/TRACE] [FML]: Sent event FMLServerAboutToStartEvent to mod forge
[17:44:32] [Server thread/DEBUG] [FML]: Bar Step: ServerAboutToStart - Minecraft Forge took 0.000s
[17:44:32] [Server thread/TRACE] [FML]: Sending event FMLServerAboutToStartEvent to mod appliedenergistics2
[17:44:32] [Server thread/TRACE] [FML]: Sent event FMLServerAboutToStartEvent to mod appliedenergistics2
[17:44:32] [Server thread/DEBUG] [FML]: Bar Step: ServerAboutToStart - AE2 Unofficial Extended Life took 0.016s
[17:44:32] [Server thread/TRACE] [FML]: Sending event FMLServerAboutToStartEvent to mod open_file
[17:44:32] [Server thread/TRACE] [FML]: Sent event FMLServerAboutToStartEvent to mod open_file
[17:44:32] [Server thread/DEBUG] [FML]: Bar Step: ServerAboutToStart - OpenFile took 0.000s
[17:44:32] [Server thread/TRACE] [FML]: Sending event FMLServerAboutToStartEvent to mod jei
[17:44:32] [Server thread/TRACE] [FML]: Sent event FMLServerAboutToStartEvent to mod jei
[17:44:32] [Server thread/DEBUG] [FML]: Bar Step: ServerAboutToStart - Had Enough Items took 0.000s
[17:44:32] [Server thread/DEBUG] [FML]: Bar Finished: ServerAboutToStart took 0.017s
[17:44:32] [Server thread/INFO] [FML]: Injecting existing registry data into this server instance
[17:44:32] [Server thread/TRACE] [FML]: Registry Name : minecraft:blocks
[17:44:32] [Server thread/TRACE] [FML]:   Registry: 0 minecraft:air Block{minecraft:air}
[17:44:32] [Server thread/TRACE] [FML]:   Registry: 1 minecraft:stone Block{minecraft:stone}
[17:44:32] [Server thread/TRACE] [FML]:   Registry: 2 minecraft:grass Block{minecraft:grass}
[17:44:32] [Server thread/TRACE] [FML]:   Registry: 3 minecraft:dirt Block{minecraft:dirt}
[17:44:32] [Server thread/TRACE] [FML]:   Registry: 4 minecraft:cobblestone Block{minecraft:cobblestone}
[17:44:32] [Server thread/TRACE] [FML]:   Registry: 5 minecraft:planks Block{minecraft:planks}
[17:44:32] [Server thread/TRACE] [FML]:   Registry: 6 minecraft:sapling Block{minecraft:sapling}
[17:44:32] [Server thread/TRACE] [FML]:   Registry: 7 minecraft:bedrock Block{minecraft:bedrock}
[17:44:32] [Server thread/TRACE] [FML]:   Registry: 8 minecraft:flowing_water Block{minecraft:flowing_water}
[17:44:32] [Server thread/TRACE] [FML]:   Registry: 9 minecraft:water Block{minecraft:water}
[17:44:32] [Server thread/TRACE] [FML]:   Registry: 10 minecraft:flowing_lava Block{minecraft:flowing_lava}
[17:44:32] [Server thread/TRACE] [FML]:   Registry: 11 minecraft:lava Block{minecraft:lava}
[17:44:32] [Server thread/TRACE] [FML]:   Registry: 12 minecraft:sand Block{minecraft:sand}
[17:44:32] [Server thread/TRACE] [FML]:   Registry: 13 minecraft:gravel Block{minecraft:gravel}
[17:44:32] [Server thread/TRACE] [FML]:   Registry: 14 minecraft:gold_ore Block{minecraft:gold_ore}
[17:44:32] [Server thread/TRACE] [FML]:   Registry: 15 minecraft:iron_ore Block{minecraft:iron_ore}
[17:44:32] [Server thread/TRACE] [FML]:   Registry: 16 minecraft:coal_ore Block{minecraft:coal_ore}
[17:44:32] [Server thread/TRACE] [FML]:   Registry: 17 minecraft:log Block{minecraft:log}
[17:44:32] [Server thread/TRACE] [FML]:   Registry: 18 minecraft:leaves Block{minecraft:leaves}
[17:44:32] [Server thread/TRACE] [FML]:   Registry: 19 minecraft:sponge Block{minecraft:sponge}
[17:44:32] [Server thread/TRACE] [FML]:   Registry: 20 minecraft:glass Block{minecraft:glass}
[17:44:32] [Server thread/TRACE] [FML]:   Registry: 21 minecraft:lapis_ore Block{minecraft:lapis_ore}
[17:44:32] [Server thread/TRACE] [FML]:   Registry: 22 minecraft:lapis_block Block{minecraft:lapis_block}
[17:44:32] [Server thread/TRACE] [FML]:   Registry: 23 minecraft:dispenser Block{minecraft:dispenser}
[17:44:32] [Server thread/TRACE] [FML]:   Registry: 24 minecraft:sandstone Block{minecraft:sandstone}
[17:44:32] [Server thread/TRACE] [FML]:   Registry: 25 minecraft:noteblock Block{minecraft:noteblock}
[17:44:32] [Server thread/TRACE] [FML]:   Registry: 26 minecraft:bed Block{minecraft:bed}
[17:44:32] [Server thread/TRACE] [FML]:   Registry: 27 minecraft:golden_rail Block{minecraft:golden_rail}
[17:44:32] [Server thread/TRACE] [FML]:   Registry: 28 minecraft:detector_rail Block{minecraft:detector_rail}
[17:44:32] [Server thread/TRACE] [FML]:   Registry: 29 minecraft:sticky_piston Block{minecraft:sticky_piston}
[17:44:32] [Server thread/TRACE] [FML]:   Registry: 30 minecraft:web Block{minecraft:web}
[17:44:32] [Server thread/TRACE] [FML]:   Registry: 31 minecraft:tallgrass Block{minecraft:tallgrass}
[17:44:32] [Server thread/TRACE] [FML]:   Registry: 32 minecraft:deadbush Block{minecraft:deadbush}
[17:44:32] [Server thread/TRACE] [FML]:   Registry: 33 minecraft:piston Block{minecraft:piston}
[17:44:32] [Server thread/TRACE] [FML]:   Registry: 34 minecraft:piston_head Block{minecraft:piston_head}
[17:44:32] [Server thread/TRACE] [FML]:   Registry: 35 minecraft:wool Block{minecraft:wool}
[17:44:32] [Server thread/TRACE] [FML]:   Registry: 36 minecraft:piston_extension Block{minecraft:piston_extension}
[17:44:32] [Server thread/TRACE] [FML]:   Registry: 37 minecraft:yellow_flower Block{minecraft:yellow_flower}
[17:44:32] [Server thread/TRACE] [FML]:   Registry: 38 minecraft:red_flower Block{minecraft:red_flower}
[17:44:32] [Server thread/TRACE] [FML]:   Registry: 39 minecraft:brown_mushroom Block{minecraft:brown_mushroom}
[17:44:32] [Server thread/TRACE] [FML]:   Registry: 40 minecraft:red_mushroom Block{minecraft:red_mushroom}
[17:44:32] [Server thread/TRACE] [FML]:   Registry: 41 minecraft:gold_block Block{minecraft:gold_block}
[17:44:32] [Server thread/TRACE] [FML]:   Registry: 42 minecraft:iron_block Block{minecraft:iron_block}
[17:44:32] [Server thread/TRACE] [FML]:   Registry: 43 minecraft:double_stone_slab Block{minecraft:double_stone_slab}
[17:44:32] [Server thread/TRACE] [FML]:   Registry: 44 minecraft:stone_slab Block{minecraft:stone_slab}
[17:44:32] [Server thread/TRACE] [FML]:   Registry: 45 minecraft:brick_block Block{minecraft:brick_block}
[17:44:32] [Server thread/TRACE] [FML]:   Registry: 46 minecraft:tnt Block{minecraft:tnt}
[17:44:32] [Server thread/TRACE] [FML]:   Registry: 47 minecraft:bookshelf Block{minecraft:bookshelf}
[17:44:32] [Server thread/TRACE] [FML]:   Registry: 48 minecraft:mossy_cobblestone Block{minecraft:mossy_cobblestone}
[17:44:32] [Server thread/TRACE] [FML]:   Registry: 49 minecraft:obsidian Block{minecraft:obsidian}
[17:44:32] [Server thread/TRACE] [FML]:   Registry: 50 minecraft:torch Block{minecraft:torch}
[17:44:32] [Server thread/TRACE] [FML]:   Registry: 51 minecraft:fire Block{minecraft:fire}
[17:44:32] [Server thread/TRACE] [FML]:   Registry: 52 minecraft:mob_spawner Block{minecraft:mob_spawner}
[17:44:32] [Server thread/TRACE] [FML]:   Registry: 53 minecraft:oak_stairs Block{minecraft:oak_stairs}
[17:44:32] [Server thread/TRACE] [FML]:   Registry: 54 minecraft:chest Block{minecraft:chest}
[17:44:32] [Server thread/TRACE] [FML]:   Registry: 55 minecraft:redstone_wire Block{minecraft:redstone_wire}
[17:44:32] [Server thread/TRACE] [FML]:   Registry: 56 minecraft:diamond_ore Block{minecraft:diamond_ore}
[17:44:32] [Server thread/TRACE] [FML]:   Registry: 57 minecraft:diamond_block Block{minecraft:diamond_block}
[17:44:32] [Server thread/TRACE] [FML]:   Registry: 58 minecraft:crafting_table Block{minecraft:crafting_table}
[17:44:32] [Server thread/TRACE] [FML]:   Registry: 59 minecraft:wheat Block{minecraft:wheat}
[17:44:32] [Server thread/TRACE] [FML]:   Registry: 60 minecraft:farmland Block{minecraft:farmland}
[17:44:32] [Server thread/TRACE] [FML]:   Registry: 61 minecraft:furnace Block{minecraft:furnace}
[17:44:32] [Server thread/TRACE] [FML]:   Registry: 62 minecraft:lit_furnace Block{minecraft:lit_furnace}
[17:44:32] [Server thread/TRACE] [FML]:   Registry: 63 minecraft:standing_sign Block{minecraft:standing_sign}
[17:44:32] [Server thread/TRACE] [FML]:   Registry: 64 minecraft:wooden_door Block{minecraft:wooden_door}
[17:44:32] [Server thread/TRACE] [FML]:   Registry: 65 minecraft:ladder Block{minecraft:ladder}
[17:44:32] [Server thread/TRACE] [FML]:   Registry: 66 minecraft:rail Block{minecraft:rail}
[17:44:32] [Server thread/TRACE] [FML]:   Registry: 67 minecraft:stone_stairs Block{minecraft:stone_stairs}
[17:44:32] [Server thread/TRACE] [FML]:   Registry: 68 minecraft:wall_sign Block{minecraft:wall_sign}
[17:44:32] [Server thread/TRACE] [FML]:   Registry: 69 minecraft:lever Block{minecraft:lever}
[17:44:32] [Server thread/TRACE] [FML]:   Registry: 70 minecraft:stone_pressure_plate Block{minecraft:stone_pressure_plate}
[17:44:32] [Server thread/TRACE] [FML]:   Registry: 71 minecraft:iron_door Block{minecraft:iron_door}
[17:44:32] [Server thread/TRACE] [FML]:   Registry: 72 minecraft:wooden_pressure_plate Block{minecraft:wooden_pressure_plate}
[17:44:32] [Server thread/TRACE] [FML]:   Registry: 73 minecraft:redstone_ore Block{minecraft:redstone_ore}
[17:44:32] [Server thread/TRACE] [FML]:   Registry: 74 minecraft:lit_redstone_ore Block{minecraft:lit_redstone_ore}
[17:44:32] [Server thread/TRACE] [FML]:   Registry: 75 minecraft:unlit_redstone_torch Block{minecraft:unlit_redstone_torch}
[17:44:32] [Server thread/TRACE] [FML]:   Registry: 76 minecraft:redstone_torch Block{minecraft:redstone_torch}
[17:44:32] [Server thread/TRACE] [FML]:   Registry: 77 minecraft:stone_button Block{minecraft:stone_button}
[17:44:32] [Server thread/TRACE] [FML]:   Registry: 78 minecraft:snow_layer Block{minecraft:snow_layer}
[17:44:32] [Server thread/TRACE] [FML]:   Registry: 79 minecraft:ice Block{minecraft:ice}
[17:44:32] [Server thread/TRACE] [FML]:   Registry: 80 minecraft:snow Block{minecraft:snow}
[17:44:32] [Server thread/TRACE] [FML]:   Registry: 81 minecraft:cactus Block{minecraft:cactus}
[17:44:32] [Server thread/TRACE] [FML]:   Registry: 82 minecraft:clay Block{minecraft:clay}
[17:44:32] [Server thread/TRACE] [FML]:   Registry: 83 minecraft:reeds Block{minecraft:reeds}
[17:44:32] [Server thread/TRACE] [FML]:   Registry: 84 minecraft:jukebox Block{minecraft:jukebox}
[17:44:32] [Server thread/TRACE] [FML]:   Registry: 85 minecraft:fence Block{minecraft:fence}
[17:44:32] [Server thread/TRACE] [FML]:   Registry: 86 minecraft:pumpkin Block{minecraft:pumpkin}
[17:44:32] [Server thread/TRACE] [FML]:   Registry: 87 minecraft:netherrack Block{minecraft:netherrack}
[17:44:32] [Server thread/TRACE] [FML]:   Registry: 88 minecraft:soul_sand Block{minecraft:soul_sand}
[17:44:32] [Server thread/TRACE] [FML]:   Registry: 89 minecraft:glowstone Block{minecraft:glowstone}
[17:44:32] [Server thread/TRACE] [FML]:   Registry: 90 minecraft:portal Block{minecraft:portal}
[17:44:32] [Server thread/TRACE] [FML]:   Registry: 91 minecraft:lit_pumpkin Block{minecraft:lit_pumpkin}
[17:44:32] [Server thread/TRACE] [FML]:   Registry: 92 minecraft:cake Block{minecraft:cake}
[17:44:32] [Server thread/TRACE] [FML]:   Registry: 93 minecraft:unpowered_repeater Block{minecraft:unpowered_repeater}
[17:44:32] [Server thread/TRACE] [FML]:   Registry: 94 minecraft:powered_repeater Block{minecraft:powered_repeater}
[17:44:32] [Server thread/TRACE] [FML]:   Registry: 95 minecraft:stained_glass Block{minecraft:stained_glass}
[17:44:32] [Server thread/TRACE] [FML]:   Registry: 96 minecraft:trapdoor Block{minecraft:trapdoor}
[17:44:32] [Server thread/TRACE] [FML]:   Registry: 97 minecraft:monster_egg Block{minecraft:monster_egg}
[17:44:32] [Server thread/TRACE] [FML]:   Registry: 98 minecraft:stonebrick Block{minecraft:stonebrick}
[17:44:32] [Server thread/TRACE] [FML]:   Registry: 99 minecraft:brown_mushroom_block Block{minecraft:brown_mushroom_block}
[17:44:32] [Server thread/TRACE] [FML]:   Registry: 100 minecraft:red_mushroom_block Block{minecraft:red_mushroom_block}
[17:44:32] [Server thread/TRACE] [FML]:   Registry: 101 minecraft:iron_bars Block{minecraft:iron_bars}
[17:44:32] [Server thread/TRACE] [FML]:   Registry: 102 minecraft:glass_pane Block{minecraft:glass_pane}
[17:44:32] [Server thread/TRACE] [FML]:   Registry: 103 minecraft:melon_block Block{minecraft:melon_block}
[17:44:32] [Server thread/TRACE] [FML]:   Registry: 104 minecraft:pumpkin_stem Block{minecraft:pumpkin_stem}
[17:44:32] [Server thread/TRACE] [FML]:   Registry: 105 minecraft:melon_stem Block{minecraft:melon_stem}
[17:44:32] [Server thread/TRACE] [FML]:   Registry: 106 minecraft:vine Block{minecraft:vine}
[17:44:32] [Server thread/TRACE] [FML]:   Registry: 107 minecraft:fence_gate Block{minecraft:fence_gate}
[17:44:32] [Server thread/TRACE] [FML]:   Registry: 108 minecraft:brick_stairs Block{minecraft:brick_stairs}
[17:44:32] [Server thread/TRACE] [FML]:   Registry: 109 minecraft:stone_brick_stairs Block{minecraft:stone_brick_stairs}
[17:44:32] [Server thread/TRACE] [FML]:   Registry: 110 minecraft:mycelium Block{minecraft:mycelium}
[17:44:32] [Server thread/TRACE] [FML]:   Registry: 111 minecraft:waterlily Block{minecraft:waterlily}
[17:44:32] [Server thread/TRACE] [FML]:   Registry: 112 minecraft:nether_brick Block{minecraft:nether_brick}
[17:44:32] [Server thread/TRACE] [FML]:   Registry: 113 minecraft:nether_brick_fence Block{minecraft:nether_brick_fence}
[17:44:32] [Server thread/TRACE] [FML]:   Registry: 114 minecraft:nether_brick_stairs Block{minecraft:nether_brick_stairs}
[17:44:32] [Server thread/TRACE] [FML]:   Registry: 115 minecraft:nether_wart Block{minecraft:nether_wart}
[17:44:32] [Server thread/TRACE] [FML]:   Registry: 116 minecraft:enchanting_table Block{minecraft:enchanting_table}
[17:44:32] [Server thread/TRACE] [FML]:   Registry: 117 minecraft:brewing_stand Block{minecraft:brewing_stand}
[17:44:32] [Server thread/TRACE] [FML]:   Registry: 118 minecraft:cauldron Block{minecraft:cauldron}
[17:44:32] [Server thread/TRACE] [FML]:   Registry: 119 minecraft:end_portal Block{minecraft:end_portal}
[17:44:32] [Server thread/TRACE] [FML]:   Registry: 120 minecraft:end_portal_frame Block{minecraft:end_portal_frame}
[17:44:32] [Server thread/TRACE] [FML]:   Registry: 121 minecraft:end_stone Block{minecraft:end_stone}
[17:44:32] [Server thread/TRACE] [FML]:   Registry: 122 minecraft:dragon_egg Block{minecraft:dragon_egg}
[17:44:32] [Server thread/TRACE] [FML]:   Registry: 123 minecraft:redstone_lamp Block{minecraft:redstone_lamp}
[17:44:32] [Server thread/TRACE] [FML]:   Registry: 124 minecraft:lit_redstone_lamp Block{minecraft:lit_redstone_lamp}
[17:44:32] [Server thread/TRACE] [FML]:   Registry: 125 minecraft:double_wooden_slab Block{minecraft:double_wooden_slab}
[17:44:32] [Server thread/TRACE] [FML]:   Registry: 126 minecraft:wooden_slab Block{minecraft:wooden_slab}
[17:44:32] [Server thread/TRACE] [FML]:   Registry: 127 minecraft:cocoa Block{minecraft:cocoa}
[17:44:32] [Server thread/TRACE] [FML]:   Registry: 128 minecraft:sandstone_stairs Block{minecraft:sandstone_stairs}
[17:44:32] [Server thread/TRACE] [FML]:   Registry: 129 minecraft:emerald_ore Block{minecraft:emerald_ore}
[17:44:32] [Server thread/TRACE] [FML]:   Registry: 130 minecraft:ender_chest Block{minecraft:ender_chest}
[17:44:32] [Server thread/TRACE] [FML]:   Registry: 131 minecraft:tripwire_hook Block{minecraft:tripwire_hook}
[17:44:32] [Server thread/TRACE] [FML]:   Registry: 132 minecraft:tripwire Block{minecraft:tripwire}
[17:44:32] [Server thread/TRACE] [FML]:   Registry: 133 minecraft:emerald_block Block{minecraft:emerald_block}
[17:44:32] [Server thread/TRACE] [FML]:   Registry: 134 minecraft:spruce_stairs Block{minecraft:spruce_stairs}
[17:44:32] [Server thread/TRACE] [FML]:   Registry: 135 minecraft:birch_stairs Block{minecraft:birch_stairs}
[17:44:32] [Server thread/TRACE] [FML]:   Registry: 136 minecraft:jungle_stairs Block{minecraft:jungle_stairs}
[17:44:32] [Server thread/TRACE] [FML]:   Registry: 137 minecraft:command_block Block{minecraft:command_block}
[17:44:32] [Server thread/TRACE] [FML]:   Registry: 138 minecraft:beacon Block{minecraft:beacon}
[17:44:32] [Server thread/TRACE] [FML]:   Registry: 139 minecraft:cobblestone_wall Block{minecraft:cobblestone_wall}
[17:44:32] [Server thread/TRACE] [FML]:   Registry: 140 minecraft:flower_pot Block{minecraft:flower_pot}
[17:44:32] [Server thread/TRACE] [FML]:   Registry: 141 minecraft:carrots Block{minecraft:carrots}
[17:44:32] [Server thread/TRACE] [FML]:   Registry: 142 minecraft:potatoes Block{minecraft:potatoes}
[17:44:32] [Server thread/TRACE] [FML]:   Registry: 143 minecraft:wooden_button Block{minecraft:wooden_button}
[17:44:32] [Server thread/TRACE] [FML]:   Registry: 144 minecraft:skull Block{minecraft:skull}
[17:44:32] [Server thread/TRACE] [FML]:   Registry: 145 minecraft:anvil Block{minecraft:anvil}
[17:44:32] [Server thread/TRACE] [FML]:   Registry: 146 minecraft:trapped_chest Block{minecraft:trapped_chest}
[17:44:32] [Server thread/TRACE] [FML]:   Registry: 147 minecraft:light_weighted_pressure_plate Block{minecraft:light_weighted_pressure_plate}
[17:44:32] [Server thread/TRACE] [FML]:   Registry: 148 minecraft:heavy_weighted_pressure_plate Block{minecraft:heavy_weighted_pressure_plate}
[17:44:32] [Server thread/TRACE] [FML]:   Registry: 149 minecraft:unpowered_comparator Block{minecraft:unpowered_comparator}
[17:44:32] [Server thread/TRACE] [FML]:   Registry: 150 minecraft:powered_comparator Block{minecraft:powered_comparator}
[17:44:32] [Server thread/TRACE] [FML]:   Registry: 151 minecraft:daylight_detector Block{minecraft:daylight_detector}
[17:44:32] [Server thread/TRACE] [FML]:   Registry: 152 minecraft:redstone_block Block{minecraft:redstone_block}
[17:44:32] [Server thread/TRACE] [FML]:   Registry: 153 minecraft:quartz_ore Block{minecraft:quartz_ore}
[17:44:32] [Server thread/TRACE] [FML]:   Registry: 154 minecraft:hopper Block{minecraft:hopper}
[17:44:32] [Server thread/TRACE] [FML]:   Registry: 155 minecraft:quartz_block Block{minecraft:quartz_block}
[17:44:32] [Server thread/TRACE] [FML]:   Registry: 156 minecraft:quartz_stairs Block{minecraft:quartz_stairs}
[17:44:32] [Server thread/TRACE] [FML]:   Registry: 157 minecraft:activator_rail Block{minecraft:activator_rail}
[17:44:32] [Server thread/TRACE] [FML]:   Registry: 158 minecraft:dropper Block{minecraft:dropper}
[17:44:32] [Server thread/TRACE] [FML]:   Registry: 159 minecraft:stained_hardened_clay Block{minecraft:stained_hardened_clay}
[17:44:32] [Server thread/TRACE] [FML]:   Registry: 160 minecraft:stained_glass_pane Block{minecraft:stained_glass_pane}
[17:44:32] [Server thread/TRACE] [FML]:   Registry: 161 minecraft:leaves2 Block{minecraft:leaves2}
[17:44:32] [Server thread/TRACE] [FML]:   Registry: 162 minecraft:log2 Block{minecraft:log2}
[17:44:32] [Server thread/TRACE] [FML]:   Registry: 163 minecraft:acacia_stairs Block{minecraft:acacia_stairs}
[17:44:32] [Server thread/TRACE] [FML]:   Registry: 164 minecraft:dark_oak_stairs Block{minecraft:dark_oak_stairs}
[17:44:32] [Server thread/TRACE] [FML]:   Registry: 165 minecraft:slime Block{minecraft:slime}
[17:44:32] [Server thread/TRACE] [FML]:   Registry: 166 minecraft:barrier Block{minecraft:barrier}
[17:44:32] [Server thread/TRACE] [FML]:   Registry: 167 minecraft:iron_trapdoor Block{minecraft:iron_trapdoor}
[17:44:32] [Server thread/TRACE] [FML]:   Registry: 168 minecraft:prismarine Block{minecraft:prismarine}
[17:44:32] [Server thread/TRACE] [FML]:   Registry: 169 minecraft:sea_lantern Block{minecraft:sea_lantern}
[17:44:32] [Server thread/TRACE] [FML]:   Registry: 170 minecraft:hay_block Block{minecraft:hay_block}
[17:44:32] [Server thread/TRACE] [FML]:   Registry: 171 minecraft:carpet Block{minecraft:carpet}
[17:44:32] [Server thread/TRACE] [FML]:   Registry: 172 minecraft:hardened_clay Block{minecraft:hardened_clay}
[17:44:32] [Server thread/TRACE] [FML]:   Registry: 173 minecraft:coal_block Block{minecraft:coal_block}
[17:44:32] [Server thread/TRACE] [FML]:   Registry: 174 minecraft:packed_ice Block{minecraft:packed_ice}
[17:44:32] [Server thread/TRACE] [FML]:   Registry: 175 minecraft:double_plant Block{minecraft:double_plant}
[17:44:32] [Server thread/TRACE] [FML]:   Registry: 176 minecraft:standing_banner Block{minecraft:standing_banner}
[17:44:32] [Server thread/TRACE] [FML]:   Registry: 177 minecraft:wall_banner Block{minecraft:wall_banner}
[17:44:32] [Server thread/TRACE] [FML]:   Registry: 178 minecraft:daylight_detector_inverted Block{minecraft:daylight_detector_inverted}
[17:44:32] [Server thread/TRACE] [FML]:   Registry: 179 minecraft:red_sandstone Block{minecraft:red_sandstone}
[17:44:32] [Server thread/TRACE] [FML]:   Registry: 180 minecraft:red_sandstone_stairs Block{minecraft:red_sandstone_stairs}
[17:44:32] [Server thread/TRACE] [FML]:   Registry: 181 minecraft:double_stone_slab2 Block{minecraft:double_stone_slab2}
[17:44:32] [Server thread/TRACE] [FML]:   Registry: 182 minecraft:stone_slab2 Block{minecraft:stone_slab2}
[17:44:32] [Server thread/TRACE] [FML]:   Registry: 183 minecraft:spruce_fence_gate Block{minecraft:spruce_fence_gate}
[17:44:32] [Server thread/TRACE] [FML]:   Registry: 184 minecraft:birch_fence_gate Block{minecraft:birch_fence_gate}
[17:44:32] [Server thread/TRACE] [FML]:   Registry: 185 minecraft:jungle_fence_gate Block{minecraft:jungle_fence_gate}
[17:44:32] [Server thread/TRACE] [FML]:   Registry: 186 minecraft:dark_oak_fence_gate Block{minecraft:dark_oak_fence_gate}
[17:44:32] [Server thread/TRACE] [FML]:   Registry: 187 minecraft:acacia_fence_gate Block{minecraft:acacia_fence_gate}
[17:44:32] [Server thread/TRACE] [FML]:   Registry: 188 minecraft:spruce_fence Block{minecraft:spruce_fence}
[17:44:32] [Server thread/TRACE] [FML]:   Registry: 189 minecraft:birch_fence Block{minecraft:birch_fence}
[17:44:32] [Server thread/TRACE] [FML]:   Registry: 190 minecraft:jungle_fence Block{minecraft:jungle_fence}
[17:44:32] [Server thread/TRACE] [FML]:   Registry: 191 minecraft:dark_oak_fence Block{minecraft:dark_oak_fence}
[17:44:32] [Server thread/TRACE] [FML]:   Registry: 192 minecraft:acacia_fence Block{minecraft:acacia_fence}
[17:44:32] [Server thread/TRACE] [FML]:   Registry: 193 minecraft:spruce_door Block{minecraft:spruce_door}
[17:44:32] [Server thread/TRACE] [FML]:   Registry: 194 minecraft:birch_door Block{minecraft:birch_door}
[17:44:32] [Server thread/TRACE] [FML]:   Registry: 195 minecraft:jungle_door Block{minecraft:jungle_door}
[17:44:32] [Server thread/TRACE] [FML]:   Registry: 196 minecraft:acacia_door Block{minecraft:acacia_door}
[17:44:32] [Server thread/TRACE] [FML]:   Registry: 197 minecraft:dark_oak_door Block{minecraft:dark_oak_door}
[17:44:32] [Server thread/TRACE] [FML]:   Registry: 198 minecraft:end_rod Block{minecraft:end_rod}
[17:44:32] [Server thread/TRACE] [FML]:   Registry: 199 minecraft:chorus_plant Block{minecraft:chorus_plant}
[17:44:32] [Server thread/TRACE] [FML]:   Registry: 200 minecraft:chorus_flower Block{minecraft:chorus_flower}
[17:44:32] [Server thread/TRACE] [FML]:   Registry: 201 minecraft:purpur_block Block{minecraft:purpur_block}
[17:44:32] [Server thread/TRACE] [FML]:   Registry: 202 minecraft:purpur_pillar Block{minecraft:purpur_pillar}
[17:44:32] [Server thread/TRACE] [FML]:   Registry: 203 minecraft:purpur_stairs Block{minecraft:purpur_stairs}
[17:44:32] [Server thread/TRACE] [FML]:   Registry: 204 minecraft:purpur_double_slab Block{minecraft:purpur_double_slab}
[17:44:32] [Server thread/TRACE] [FML]:   Registry: 205 minecraft:purpur_slab Block{minecraft:purpur_slab}
[17:44:32] [Server thread/TRACE] [FML]:   Registry: 206 minecraft:end_bricks Block{minecraft:end_bricks}
[17:44:32] [Server thread/TRACE] [FML]:   Registry: 207 minecraft:beetroots Block{minecraft:beetroots}
[17:44:32] [Server thread/TRACE] [FML]:   Registry: 208 minecraft:grass_path Block{minecraft:grass_path}
[17:44:32] [Server thread/TRACE] [FML]:   Registry: 209 minecraft:end_gateway Block{minecraft:end_gateway}
[17:44:32] [Server thread/TRACE] [FML]:   Registry: 210 minecraft:repeating_command_block Block{minecraft:repeating_command_block}
[17:44:32] [Server thread/TRACE] [FML]:   Registry: 211 minecraft:chain_command_block Block{minecraft:chain_command_block}
[17:44:32] [Server thread/TRACE] [FML]:   Registry: 212 minecraft:frosted_ice Block{minecraft:frosted_ice}
[17:44:32] [Server thread/TRACE] [FML]:   Registry: 213 minecraft:magma Block{minecraft:magma}
[17:44:32] [Server thread/TRACE] [FML]:   Registry: 214 minecraft:nether_wart_block Block{minecraft:nether_wart_block}
[17:44:32] [Server thread/TRACE] [FML]:   Registry: 215 minecraft:red_nether_brick Block{minecraft:red_nether_brick}
[17:44:32] [Server thread/TRACE] [FML]:   Registry: 216 minecraft:bone_block Block{minecraft:bone_block}
[17:44:32] [Server thread/TRACE] [FML]:   Registry: 217 minecraft:structure_void Block{minecraft:structure_void}
[17:44:32] [Server thread/TRACE] [FML]:   Registry: 218 minecraft:observer Block{minecraft:observer}
[17:44:32] [Server thread/TRACE] [FML]:   Registry: 219 minecraft:white_shulker_box Block{minecraft:white_shulker_box}
[17:44:32] [Server thread/TRACE] [FML]:   Registry: 220 minecraft:orange_shulker_box Block{minecraft:orange_shulker_box}
[17:44:32] [Server thread/TRACE] [FML]:   Registry: 221 minecraft:magenta_shulker_box Block{minecraft:magenta_shulker_box}
[17:44:32] [Server thread/TRACE] [FML]:   Registry: 222 minecraft:light_blue_shulker_box Block{minecraft:light_blue_shulker_box}
[17:44:32] [Server thread/TRACE] [FML]:   Registry: 223 minecraft:yellow_shulker_box Block{minecraft:yellow_shulker_box}
[17:44:32] [Server thread/TRACE] [FML]:   Registry: 224 minecraft:lime_shulker_box Block{minecraft:lime_shulker_box}
[17:44:32] [Server thread/TRACE] [FML]:   Registry: 225 minecraft:pink_shulker_box Block{minecraft:pink_shulker_box}
[17:44:32] [Server thread/TRACE] [FML]:   Registry: 226 minecraft:gray_shulker_box Block{minecraft:gray_shulker_box}
[17:44:32] [Server thread/TRACE] [FML]:   Registry: 227 minecraft:silver_shulker_box Block{minecraft:silver_shulker_box}
[17:44:32] [Server thread/TRACE] [FML]:   Registry: 228 minecraft:cyan_shulker_box Block{minecraft:cyan_shulker_box}
[17:44:32] [Server thread/TRACE] [FML]:   Registry: 229 minecraft:purple_shulker_box Block{minecraft:purple_shulker_box}
[17:44:32] [Server thread/TRACE] [FML]:   Registry: 230 minecraft:blue_shulker_box Block{minecraft:blue_shulker_box}
[17:44:32] [Server thread/TRACE] [FML]:   Registry: 231 minecraft:brown_shulker_box Block{minecraft:brown_shulker_box}
[17:44:32] [Server thread/TRACE] [FML]:   Registry: 232 minecraft:green_shulker_box Block{minecraft:green_shulker_box}
[17:44:32] [Server thread/TRACE] [FML]:   Registry: 233 minecraft:red_shulker_box Block{minecraft:red_shulker_box}
[17:44:32] [Server thread/TRACE] [FML]:   Registry: 234 minecraft:black_shulker_box Block{minecraft:black_shulker_box}
[17:44:32] [Server thread/TRACE] [FML]:   Registry: 235 minecraft:white_glazed_terracotta Block{minecraft:white_glazed_terracotta}
[17:44:32] [Server thread/TRACE] [FML]:   Registry: 236 minecraft:orange_glazed_terracotta Block{minecraft:orange_glazed_terracotta}
[17:44:32] [Server thread/TRACE] [FML]:   Registry: 237 minecraft:magenta_glazed_terracotta Block{minecraft:magenta_glazed_terracotta}
[17:44:32] [Server thread/TRACE] [FML]:   Registry: 238 minecraft:light_blue_glazed_terracotta Block{minecraft:light_blue_glazed_terracotta}
[17:44:32] [Server thread/TRACE] [FML]:   Registry: 239 minecraft:yellow_glazed_terracotta Block{minecraft:yellow_glazed_terracotta}
[17:44:32] [Server thread/TRACE] [FML]:   Registry: 240 minecraft:lime_glazed_terracotta Block{minecraft:lime_glazed_terracotta}
[17:44:32] [Server thread/TRACE] [FML]:   Registry: 241 minecraft:pink_glazed_terracotta Block{minecraft:pink_glazed_terracotta}
[17:44:32] [Server thread/TRACE] [FML]:   Registry: 242 minecraft:gray_glazed_terracotta Block{minecraft:gray_glazed_terracotta}
[17:44:32] [Server thread/TRACE] [FML]:   Registry: 243 minecraft:silver_glazed_terracotta Block{minecraft:silver_glazed_terracotta}
[17:44:32] [Server thread/TRACE] [FML]:   Registry: 244 minecraft:cyan_glazed_terracotta Block{minecraft:cyan_glazed_terracotta}
[17:44:32] [Server thread/TRACE] [FML]:   Registry: 245 minecraft:purple_glazed_terracotta Block{minecraft:purple_glazed_terracotta}
[17:44:32] [Server thread/TRACE] [FML]:   Registry: 246 minecraft:blue_glazed_terracotta Block{minecraft:blue_glazed_terracotta}
[17:44:32] [Server thread/TRACE] [FML]:   Registry: 247 minecraft:brown_glazed_terracotta Block{minecraft:brown_glazed_terracotta}
[17:44:32] [Server thread/TRACE] [FML]:   Registry: 248 minecraft:green_glazed_terracotta Block{minecraft:green_glazed_terracotta}
[17:44:32] [Server thread/TRACE] [FML]:   Registry: 249 minecraft:red_glazed_terracotta Block{minecraft:red_glazed_terracotta}
[17:44:32] [Server thread/TRACE] [FML]:   Registry: 250 minecraft:black_glazed_terracotta Block{minecraft:black_glazed_terracotta}
[17:44:32] [Server thread/TRACE] [FML]:   Registry: 251 minecraft:concrete Block{minecraft:concrete}
[17:44:32] [Server thread/TRACE] [FML]:   Registry: 252 minecraft:concrete_powder Block{minecraft:concrete_powder}
[17:44:32] [Server thread/TRACE] [FML]:   Registry: 253 appliedenergistics2:quartz_ore BlockQuartzOre[quartz_ore]
[17:44:32] [Server thread/TRACE] [FML]:   Registry: 254 appliedenergistics2:charged_quartz_ore BlockChargedQuartzOre[charged_quartz_ore]
[17:44:32] [Server thread/TRACE] [FML]:   Registry: 255 minecraft:structure_block Block{minecraft:structure_block}
[17:44:32] [Server thread/TRACE] [FML]:   Registry: 256 appliedenergistics2:matrix_frame BlockMatrixFrame[matrix_frame]
[17:44:32] [Server thread/TRACE] [FML]:   Registry: 257 appliedenergistics2:quartz_block BlockQuartz[quartz_block]
[17:44:32] [Server thread/TRACE] [FML]:   Registry: 258 appliedenergistics2:quartz_pillar BlockQuartzPillar[quartz_pillar]
[17:44:32] [Server thread/TRACE] [FML]:   Registry: 259 appliedenergistics2:chiseled_quartz_block BlockChiseledQuartz[chiseled_quartz_block]
[17:44:32] [Server thread/TRACE] [FML]:   Registry: 260 appliedenergistics2:quartz_glass BlockQuartzGlass[quartz_glass]
[17:44:32] [Server thread/TRACE] [FML]:   Registry: 261 appliedenergistics2:quartz_vibrant_glass BlockQuartzLamp[quartz_vibrant_glass]
[17:44:32] [Server thread/TRACE] [FML]:   Registry: 262 appliedenergistics2:quartz_fixture BlockQuartzFixture[quartz_fixture]
[17:44:32] [Server thread/TRACE] [FML]:   Registry: 263 appliedenergistics2:fluix_block BlockFluix[fluix_block]
[17:44:32] [Server thread/TRACE] [FML]:   Registry: 264 appliedenergistics2:sky_stone_block BlockSkyStone[sky_stone_block]
[17:44:32] [Server thread/TRACE] [FML]:   Registry: 265 appliedenergistics2:smooth_sky_stone_block BlockSkyStone[smooth_sky_stone_block]
[17:44:32] [Server thread/TRACE] [FML]:   Registry: 266 appliedenergistics2:sky_stone_brick BlockSkyStone[sky_stone_brick]
[17:44:32] [Server thread/TRACE] [FML]:   Registry: 267 appliedenergistics2:sky_stone_small_brick BlockSkyStone[sky_stone_small_brick]
[17:44:32] [Server thread/TRACE] [FML]:   Registry: 268 appliedenergistics2:sky_stone_chest BlockSkyChest[sky_stone_chest]
[17:44:32] [Server thread/TRACE] [FML]:   Registry: 269 appliedenergistics2:smooth_sky_stone_chest BlockSkyChest[smooth_sky_stone_chest]
[17:44:32] [Server thread/TRACE] [FML]:   Registry: 270 appliedenergistics2:sky_compass BlockSkyCompass[sky_compass]
[17:44:32] [Server thread/TRACE] [FML]:   Registry: 271 appliedenergistics2:grindstone BlockGrinder[grindstone]
[17:44:32] [Server thread/TRACE] [FML]:   Registry: 272 appliedenergistics2:crank BlockCrank[crank]
[17:44:32] [Server thread/TRACE] [FML]:   Registry: 273 appliedenergistics2:inscriber BlockInscriber[inscriber]
[17:44:32] [Server thread/TRACE] [FML]:   Registry: 274 appliedenergistics2:wireless_access_point BlockWireless[wireless_access_point]
[17:44:32] [Server thread/TRACE] [FML]:   Registry: 275 appliedenergistics2:charger BlockCharger[charger]
[17:44:32] [Server thread/TRACE] [FML]:   Registry: 276 appliedenergistics2:tiny_tnt BlockTinyTNT[tiny_tnt]
[17:44:32] [Server thread/TRACE] [FML]:   Registry: 277 appliedenergistics2:security_station BlockSecurityStation[security_station]
[17:44:32] [Server thread/TRACE] [FML]:   Registry: 278 appliedenergistics2:quantum_ring BlockQuantumRing[quantum_ring]
[17:44:32] [Server thread/TRACE] [FML]:   Registry: 279 appliedenergistics2:quantum_link BlockQuantumLinkChamber[quantum_link]
[17:44:32] [Server thread/TRACE] [FML]:   Registry: 280 appliedenergistics2:spatial_pylon BlockSpatialPylon[spatial_pylon]
[17:44:32] [Server thread/TRACE] [FML]:   Registry: 281 appliedenergistics2:spatial_io_port BlockSpatialIOPort[spatial_io_port]
[17:44:32] [Server thread/TRACE] [FML]:   Registry: 282 appliedenergistics2:controller BlockController[controller]
[17:44:32] [Server thread/TRACE] [FML]:   Registry: 283 appliedenergistics2:drive BlockDrive[drive]
[17:44:32] [Server thread/TRACE] [FML]:   Registry: 284 appliedenergistics2:chest BlockChest[chest]
[17:44:32] [Server thread/TRACE] [FML]:   Registry: 285 appliedenergistics2:interface BlockInterface[interface]
[17:44:32] [Server thread/TRACE] [FML]:   Registry: 286 appliedenergistics2:fluid_interface BlockFluidInterface[fluid_interface]
[17:44:32] [Server thread/TRACE] [FML]:   Registry: 287 appliedenergistics2:cell_workbench BlockCellWorkbench[cell_workbench]
[17:44:32] [Server thread/TRACE] [FML]:   Registry: 288 appliedenergistics2:io_port BlockIOPort[io_port]
[17:44:32] [Server thread/TRACE] [FML]:   Registry: 289 appliedenergistics2:condenser BlockCondenser[condenser]
[17:44:32] [Server thread/TRACE] [FML]:   Registry: 290 appliedenergistics2:energy_acceptor BlockEnergyAcceptor[energy_acceptor]
[17:44:32] [Server thread/TRACE] [FML]:   Registry: 291 appliedenergistics2:vibration_chamber BlockVibrationChamber[vibration_chamber]
[17:44:32] [Server thread/TRACE] [FML]:   Registry: 292 appliedenergistics2:quartz_growth_accelerator BlockQuartzGrowthAccelerator[quartz_growth_accelerator]
[17:44:32] [Server thread/TRACE] [FML]:   Registry: 293 appliedenergistics2:energy_cell BlockEnergyCell[energy_cell]
[17:44:32] [Server thread/TRACE] [FML]:   Registry: 294 appliedenergistics2:dense_energy_cell BlockDenseEnergyCell[dense_energy_cell]
[17:44:32] [Server thread/TRACE] [FML]:   Registry: 295 appliedenergistics2:creative_energy_cell BlockCreativeEnergyCell[creative_energy_cell]
[17:44:32] [Server thread/TRACE] [FML]:   Registry: 296 appliedenergistics2:crafting_unit BlockCraftingUnit[crafting_unit]
[17:44:32] [Server thread/TRACE] [FML]:   Registry: 297 appliedenergistics2:crafting_accelerator BlockCraftingUnit[crafting_accelerator]
[17:44:32] [Server thread/TRACE] [FML]:   Registry: 298 appliedenergistics2:crafting_storage_1k BlockCraftingStorage[crafting_storage_1k]
[17:44:32] [Server thread/TRACE] [FML]:   Registry: 299 appliedenergistics2:crafting_storage_4k BlockCraftingStorage[crafting_storage_4k]
[17:44:32] [Server thread/TRACE] [FML]:   Registry: 300 appliedenergistics2:crafting_storage_16k BlockCraftingStorage[crafting_storage_16k]
[17:44:32] [Server thread/TRACE] [FML]:   Registry: 301 appliedenergistics2:crafting_storage_64k BlockCraftingStorage[crafting_storage_64k]
[17:44:32] [Server thread/TRACE] [FML]:   Registry: 302 appliedenergistics2:crafting_monitor BlockCraftingMonitor[crafting_monitor]
[17:44:32] [Server thread/TRACE] [FML]:   Registry: 303 appliedenergistics2:molecular_assembler BlockMolecularAssembler[molecular_assembler]
[17:44:32] [Server thread/TRACE] [FML]:   Registry: 304 appliedenergistics2:light_detector BlockLightDetector[light_detector]
[17:44:32] [Server thread/TRACE] [FML]:   Registry: 305 appliedenergistics2:paint BlockPaint[paint]
[17:44:32] [Server thread/TRACE] [FML]:   Registry: 306 appliedenergistics2:sky_stone_stairs BlockStairCommon[sky_stone_stairs]
[17:44:32] [Server thread/TRACE] [FML]:   Registry: 307 appliedenergistics2:smooth_sky_stone_stairs BlockStairCommon[smooth_sky_stone_stairs]
[17:44:32] [Server thread/TRACE] [FML]:   Registry: 308 appliedenergistics2:sky_stone_brick_stairs BlockStairCommon[sky_stone_brick_stairs]
[17:44:32] [Server thread/TRACE] [FML]:   Registry: 309 appliedenergistics2:sky_stone_small_brick_stairs BlockStairCommon[sky_stone_small_brick_stairs]
[17:44:32] [Server thread/TRACE] [FML]:   Registry: 310 appliedenergistics2:fluix_stairs BlockStairCommon[fluix_stairs]
[17:44:32] [Server thread/TRACE] [FML]:   Registry: 311 appliedenergistics2:quartz_stairs BlockStairCommon[quartz_stairs]
[17:44:32] [Server thread/TRACE] [FML]:   Registry: 312 appliedenergistics2:chiseled_quartz_stairs BlockStairCommon[chiseled_quartz_stairs]
[17:44:32] [Server thread/TRACE] [FML]:   Registry: 313 appliedenergistics2:quartz_pillar_stairs BlockStairCommon[quartz_pillar_stairs]
[17:44:32] [Server thread/TRACE] [FML]:   Registry: 314 appliedenergistics2:cable_bus BlockCableBus[cable_bus]
[17:44:32] [Server thread/TRACE] [FML]:   Registry: 315 appliedenergistics2:sky_stone_slab Block{appliedenergistics2:sky_stone_slab}
[17:44:32] [Server thread/TRACE] [FML]:   Registry: 316 appliedenergistics2:sky_stone_double_slab Block{appliedenergistics2:sky_stone_double_slab}
[17:44:32] [Server thread/TRACE] [FML]:   Registry: 317 appliedenergistics2:smooth_sky_stone_slab Block{appliedenergistics2:smooth_sky_stone_slab}
[17:44:32] [Server thread/TRACE] [FML]:   Registry: 318 appliedenergistics2:smooth_sky_stone_double_slab Block{appliedenergistics2:smooth_sky_stone_double_slab}
[17:44:32] [Server thread/TRACE] [FML]:   Registry: 319 appliedenergistics2:sky_stone_brick_slab Block{appliedenergistics2:sky_stone_brick_slab}
[17:44:32] [Server thread/TRACE] [FML]:   Registry: 320 appliedenergistics2:sky_stone_brick_double_slab Block{appliedenergistics2:sky_stone_brick_double_slab}
[17:44:32] [Server thread/TRACE] [FML]:   Registry: 321 appliedenergistics2:sky_stone_small_brick_slab Block{appliedenergistics2:sky_stone_small_brick_slab}
[17:44:32] [Server thread/TRACE] [FML]:   Registry: 322 appliedenergistics2:sky_stone_small_brick_double_slab Block{appliedenergistics2:sky_stone_small_brick_double_slab}
[17:44:32] [Server thread/TRACE] [FML]:   Registry: 323 appliedenergistics2:fluix_slab Block{appliedenergistics2:fluix_slab}
[17:44:32] [Server thread/TRACE] [FML]:   Registry: 324 appliedenergistics2:fluix_double_slab Block{appliedenergistics2:fluix_double_slab}
[17:44:32] [Server thread/TRACE] [FML]:   Registry: 325 appliedenergistics2:quartz_slab Block{appliedenergistics2:quartz_slab}
[17:44:32] [Server thread/TRACE] [FML]:   Registry: 326 appliedenergistics2:quartz_double_slab Block{appliedenergistics2:quartz_double_slab}
[17:44:32] [Server thread/TRACE] [FML]:   Registry: 327 appliedenergistics2:chiseled_quartz_slab Block{appliedenergistics2:chiseled_quartz_slab}
[17:44:32] [Server thread/TRACE] [FML]:   Registry: 328 appliedenergistics2:chiseled_quartz_double_slab Block{appliedenergistics2:chiseled_quartz_double_slab}
[17:44:32] [Server thread/TRACE] [FML]:   Registry: 329 appliedenergistics2:quartz_pillar_slab Block{appliedenergistics2:quartz_pillar_slab}
[17:44:32] [Server thread/TRACE] [FML]:   Registry: 330 appliedenergistics2:quartz_pillar_double_slab Block{appliedenergistics2:quartz_pillar_double_slab}
[17:44:32] [Server thread/TRACE] [FML]: Registry Name : minecraft:items
[17:44:32] [Server thread/TRACE] [FML]:   Registry: 0 minecraft:air net.minecraft.item.ItemAir@c5a2d5
[17:44:32] [Server thread/TRACE] [FML]:   Registry: 1 minecraft:stone net.minecraft.item.ItemMultiTexture@7b2e931
[17:44:32] [Server thread/TRACE] [FML]:   Registry: 2 minecraft:grass net.minecraft.item.ItemColored@7e89eba7
[17:44:32] [Server thread/TRACE] [FML]:   Registry: 3 minecraft:dirt net.minecraft.item.ItemMultiTexture@3eedd0e3
[17:44:32] [Server thread/TRACE] [FML]:   Registry: 4 minecraft:cobblestone net.minecraft.item.ItemBlock@478089b6
[17:44:32] [Server thread/TRACE] [FML]:   Registry: 5 minecraft:planks net.minecraft.item.ItemMultiTexture@28b5d5dc
[17:44:32] [Server thread/TRACE] [FML]:   Registry: 6 minecraft:sapling net.minecraft.item.ItemMultiTexture@4377ed24
[17:44:32] [Server thread/TRACE] [FML]:   Registry: 7 minecraft:bedrock net.minecraft.item.ItemBlock@7a30e30b
[17:44:32] [Server thread/TRACE] [FML]:   Registry: 12 minecraft:sand net.minecraft.item.ItemMultiTexture@f591271
[17:44:32] [Server thread/TRACE] [FML]:   Registry: 13 minecraft:gravel net.minecraft.item.ItemBlock@77cc6a28
[17:44:32] [Server thread/TRACE] [FML]:   Registry: 14 minecraft:gold_ore net.minecraft.item.ItemBlock@b339a08
[17:44:32] [Server thread/TRACE] [FML]:   Registry: 15 minecraft:iron_ore net.minecraft.item.ItemBlock@1d556461
[17:44:32] [Server thread/TRACE] [FML]:   Registry: 16 minecraft:coal_ore net.minecraft.item.ItemBlock@5a583720
[17:44:32] [Server thread/TRACE] [FML]:   Registry: 17 minecraft:log net.minecraft.item.ItemMultiTexture@749f61a3
[17:44:32] [Server thread/TRACE] [FML]:   Registry: 18 minecraft:leaves net.minecraft.item.ItemLeaves@27ec0d06
[17:44:32] [Server thread/TRACE] [FML]:   Registry: 19 minecraft:sponge net.minecraft.item.ItemMultiTexture@3a48c398
[17:44:32] [Server thread/TRACE] [FML]:   Registry: 20 minecraft:glass net.minecraft.item.ItemBlock@1b4ba615
[17:44:32] [Server thread/TRACE] [FML]:   Registry: 21 minecraft:lapis_ore net.minecraft.item.ItemBlock@4407b042
[17:44:32] [Server thread/TRACE] [FML]:   Registry: 22 minecraft:lapis_block net.minecraft.item.ItemBlock@41f686af
[17:44:32] [Server thread/TRACE] [FML]:   Registry: 23 minecraft:dispenser net.minecraft.item.ItemBlock@3dded90a
[17:44:32] [Server thread/TRACE] [FML]:   Registry: 24 minecraft:sandstone net.minecraft.item.ItemMultiTexture@3c743d40
[17:44:32] [Server thread/TRACE] [FML]:   Registry: 25 minecraft:noteblock net.minecraft.item.ItemBlock@5aac6f9f
[17:44:32] [Server thread/TRACE] [FML]:   Registry: 27 minecraft:golden_rail net.minecraft.item.ItemBlock@2444c3df
[17:44:32] [Server thread/TRACE] [FML]:   Registry: 28 minecraft:detector_rail net.minecraft.item.ItemBlock@1eb6037d
[17:44:32] [Server thread/TRACE] [FML]:   Registry: 29 minecraft:sticky_piston net.minecraft.item.ItemPiston@3a5ce4b8
[17:44:32] [Server thread/TRACE] [FML]:   Registry: 30 minecraft:web net.minecraft.item.ItemBlock@38848217
[17:44:32] [Server thread/TRACE] [FML]:   Registry: 31 minecraft:tallgrass net.minecraft.item.ItemColored@1607d391
[17:44:32] [Server thread/TRACE] [FML]:   Registry: 32 minecraft:deadbush net.minecraft.item.ItemBlock@38826984
[17:44:32] [Server thread/TRACE] [FML]:   Registry: 33 minecraft:piston net.minecraft.item.ItemPiston@65262308
[17:44:32] [Server thread/TRACE] [FML]:   Registry: 35 minecraft:wool net.minecraft.item.ItemCloth@23bd2f6e
[17:44:32] [Server thread/TRACE] [FML]:   Registry: 37 minecraft:yellow_flower net.minecraft.item.ItemMultiTexture@54997f67
[17:44:32] [Server thread/TRACE] [FML]:   Registry: 38 minecraft:red_flower net.minecraft.item.ItemMultiTexture@76b05c0
[17:44:32] [Server thread/TRACE] [FML]:   Registry: 39 minecraft:brown_mushroom net.minecraft.item.ItemBlock@2b974137
[17:44:32] [Server thread/TRACE] [FML]:   Registry: 40 minecraft:red_mushroom net.minecraft.item.ItemBlock@7402c49f
[17:44:32] [Server thread/TRACE] [FML]:   Registry: 41 minecraft:gold_block net.minecraft.item.ItemBlock@5d22604e
[17:44:32] [Server thread/TRACE] [FML]:   Registry: 42 minecraft:iron_block net.minecraft.item.ItemBlock@2382b2f
[17:44:32] [Server thread/TRACE] [FML]:   Registry: 44 minecraft:stone_slab net.minecraft.item.ItemSlab@55c46ec1
[17:44:32] [Server thread/TRACE] [FML]:   Registry: 45 minecraft:brick_block net.minecraft.item.ItemBlock@3eff6846
[17:44:32] [Server thread/TRACE] [FML]:   Registry: 46 minecraft:tnt net.minecraft.item.ItemBlock@6ae6d078
[17:44:32] [Server thread/TRACE] [FML]:   Registry: 47 minecraft:bookshelf net.minecraft.item.ItemBlock@6ca33187
[17:44:32] [Server thread/TRACE] [FML]:   Registry: 48 minecraft:mossy_cobblestone net.minecraft.item.ItemBlock@1a67f8b4
[17:44:32] [Server thread/TRACE] [FML]:   Registry: 49 minecraft:obsidian net.minecraft.item.ItemBlock@5f1f0ee6
[17:44:32] [Server thread/TRACE] [FML]:   Registry: 50 minecraft:torch net.minecraft.item.ItemBlock@326706d
[17:44:32] [Server thread/TRACE] [FML]:   Registry: 52 minecraft:mob_spawner net.minecraft.item.ItemBlock@430aae8e
[17:44:32] [Server thread/TRACE] [FML]:   Registry: 53 minecraft:oak_stairs net.minecraft.item.ItemBlock@78504ce9
[17:44:32] [Server thread/TRACE] [FML]:   Registry: 54 minecraft:chest net.minecraft.item.ItemBlock@4e52d2f2
[17:44:32] [Server thread/TRACE] [FML]:   Registry: 56 minecraft:diamond_ore net.minecraft.item.ItemBlock@12608986
[17:44:32] [Server thread/TRACE] [FML]:   Registry: 57 minecraft:diamond_block net.minecraft.item.ItemBlock@4882b9a
[17:44:32] [Server thread/TRACE] [FML]:   Registry: 58 minecraft:crafting_table net.minecraft.item.ItemBlock@7ec508e6
[17:44:32] [Server thread/TRACE] [FML]:   Registry: 60 minecraft:farmland net.minecraft.item.ItemBlock@26d8908e
[17:44:32] [Server thread/TRACE] [FML]:   Registry: 61 minecraft:furnace net.minecraft.item.ItemBlock@30e2016a
[17:44:32] [Server thread/TRACE] [FML]:   Registry: 65 minecraft:ladder net.minecraft.item.ItemBlock@75f32817
[17:44:32] [Server thread/TRACE] [FML]:   Registry: 66 minecraft:rail net.minecraft.item.ItemBlock@23a78c77
[17:44:32] [Server thread/TRACE] [FML]:   Registry: 67 minecraft:stone_stairs net.minecraft.item.ItemBlock@4119346d
[17:44:32] [Server thread/TRACE] [FML]:   Registry: 69 minecraft:lever net.minecraft.item.ItemBlock@61d09475
[17:44:32] [Server thread/TRACE] [FML]:   Registry: 70 minecraft:stone_pressure_plate net.minecraft.item.ItemBlock@d0fabc8
[17:44:32] [Server thread/TRACE] [FML]:   Registry: 72 minecraft:wooden_pressure_plate net.minecraft.item.ItemBlock@12d44a2a
[17:44:32] [Server thread/TRACE] [FML]:   Registry: 73 minecraft:redstone_ore net.minecraft.item.ItemBlock@1a66be41
[17:44:32] [Server thread/TRACE] [FML]:   Registry: 76 minecraft:redstone_torch net.minecraft.item.ItemBlock@7f70e244
[17:44:32] [Server thread/TRACE] [FML]:   Registry: 77 minecraft:stone_button net.minecraft.item.ItemBlock@fd14789
[17:44:32] [Server thread/TRACE] [FML]:   Registry: 78 minecraft:snow_layer net.minecraft.item.ItemSnow@105ffc58
[17:44:32] [Server thread/TRACE] [FML]:   Registry: 79 minecraft:ice net.minecraft.item.ItemBlock@68454ed5
[17:44:32] [Server thread/TRACE] [FML]:   Registry: 80 minecraft:snow net.minecraft.item.ItemBlock@6d2db15b
[17:44:32] [Server thread/TRACE] [FML]:   Registry: 81 minecraft:cactus net.minecraft.item.ItemBlock@749ad37c
[17:44:32] [Server thread/TRACE] [FML]:   Registry: 82 minecraft:clay net.minecraft.item.ItemBlock@1b485c8b
[17:44:32] [Server thread/TRACE] [FML]:   Registry: 84 minecraft:jukebox net.minecraft.item.ItemBlock@59b98ad1
[17:44:32] [Server thread/TRACE] [FML]:   Registry: 85 minecraft:fence net.minecraft.item.ItemBlock@591e5fd4
[17:44:32] [Server thread/TRACE] [FML]:   Registry: 86 minecraft:pumpkin net.minecraft.item.ItemBlock@68479e8b
[17:44:32] [Server thread/TRACE] [FML]:   Registry: 87 minecraft:netherrack net.minecraft.item.ItemBlock@4e951fb1
[17:44:32] [Server thread/TRACE] [FML]:   Registry: 88 minecraft:soul_sand net.minecraft.item.ItemBlock@1b317e7d
[17:44:32] [Server thread/TRACE] [FML]:   Registry: 89 minecraft:glowstone net.minecraft.item.ItemBlock@1bb4c431
[17:44:32] [Server thread/TRACE] [FML]:   Registry: 91 minecraft:lit_pumpkin net.minecraft.item.ItemBlock@4fd3b20a
[17:44:32] [Server thread/TRACE] [FML]:   Registry: 95 minecraft:stained_glass net.minecraft.item.ItemCloth@1fc5c0b2
[17:44:32] [Server thread/TRACE] [FML]:   Registry: 96 minecraft:trapdoor net.minecraft.item.ItemBlock@295d54d6
[17:44:32] [Server thread/TRACE] [FML]:   Registry: 97 minecraft:monster_egg net.minecraft.item.ItemMultiTexture@158e6fc2
[17:44:32] [Server thread/TRACE] [FML]:   Registry: 98 minecraft:stonebrick net.minecraft.item.ItemMultiTexture@6dbb3d7d
[17:44:32] [Server thread/TRACE] [FML]:   Registry: 99 minecraft:brown_mushroom_block net.minecraft.item.ItemBlock@7a3a49e5
[17:44:32] [Server thread/TRACE] [FML]:   Registry: 100 minecraft:red_mushroom_block net.minecraft.item.ItemBlock@6c1b82cd
[17:44:32] [Server thread/TRACE] [FML]:   Registry: 101 minecraft:iron_bars net.minecraft.item.ItemBlock@acd3460
[17:44:32] [Server thread/TRACE] [FML]:   Registry: 102 minecraft:glass_pane net.minecraft.item.ItemBlock@3ea9a091
[17:44:32] [Server thread/TRACE] [FML]:   Registry: 103 minecraft:melon_block net.minecraft.item.ItemBlock@16f4a3c0
[17:44:32] [Server thread/TRACE] [FML]:   Registry: 106 minecraft:vine net.minecraft.item.ItemColored@26495639
[17:44:32] [Server thread/TRACE] [FML]:   Registry: 107 minecraft:fence_gate net.minecraft.item.ItemBlock@45c408a4
[17:44:32] [Server thread/TRACE] [FML]:   Registry: 108 minecraft:brick_stairs net.minecraft.item.ItemBlock@75ee6f89
[17:44:32] [Server thread/TRACE] [FML]:   Registry: 109 minecraft:stone_brick_stairs net.minecraft.item.ItemBlock@210d3a42
[17:44:32] [Server thread/TRACE] [FML]:   Registry: 110 minecraft:mycelium net.minecraft.item.ItemBlock@356f20b7
[17:44:32] [Server thread/TRACE] [FML]:   Registry: 111 minecraft:waterlily net.minecraft.item.ItemLilyPad@69de72ec
[17:44:32] [Server thread/TRACE] [FML]:   Registry: 112 minecraft:nether_brick net.minecraft.item.ItemBlock@21c99abf
[17:44:32] [Server thread/TRACE] [FML]:   Registry: 113 minecraft:nether_brick_fence net.minecraft.item.ItemBlock@6d6f6ca9
[17:44:32] [Server thread/TRACE] [FML]:   Registry: 114 minecraft:nether_brick_stairs net.minecraft.item.ItemBlock@54496c2d
[17:44:32] [Server thread/TRACE] [FML]:   Registry: 116 minecraft:enchanting_table net.minecraft.item.ItemBlock@4e1a3d5a
[17:44:32] [Server thread/TRACE] [FML]:   Registry: 120 minecraft:end_portal_frame net.minecraft.item.ItemBlock@236b4a44
[17:44:32] [Server thread/TRACE] [FML]:   Registry: 121 minecraft:end_stone net.minecraft.item.ItemBlock@35f760a4
[17:44:32] [Server thread/TRACE] [FML]:   Registry: 122 minecraft:dragon_egg net.minecraft.item.ItemBlock@35af52dc
[17:44:32] [Server thread/TRACE] [FML]:   Registry: 123 minecraft:redstone_lamp net.minecraft.item.ItemBlock@4cef0747
[17:44:32] [Server thread/TRACE] [FML]:   Registry: 126 minecraft:wooden_slab net.minecraft.item.ItemSlab@4213bc3e
[17:44:32] [Server thread/TRACE] [FML]:   Registry: 128 minecraft:sandstone_stairs net.minecraft.item.ItemBlock@6aaa678d
[17:44:32] [Server thread/TRACE] [FML]:   Registry: 129 minecraft:emerald_ore net.minecraft.item.ItemBlock@25dcf1b6
[17:44:32] [Server thread/TRACE] [FML]:   Registry: 130 minecraft:ender_chest net.minecraft.item.ItemBlock@113d0f75
[17:44:32] [Server thread/TRACE] [FML]:   Registry: 131 minecraft:tripwire_hook net.minecraft.item.ItemBlock@4e10a320
[17:44:32] [Server thread/TRACE] [FML]:   Registry: 133 minecraft:emerald_block net.minecraft.item.ItemBlock@773f3360
[17:44:32] [Server thread/TRACE] [FML]:   Registry: 134 minecraft:spruce_stairs net.minecraft.item.ItemBlock@352c3d70
[17:44:32] [Server thread/TRACE] [FML]:   Registry: 135 minecraft:birch_stairs net.minecraft.item.ItemBlock@4c13ca07
[17:44:32] [Server thread/TRACE] [FML]:   Registry: 136 minecraft:jungle_stairs net.minecraft.item.ItemBlock@7d17906
[17:44:32] [Server thread/TRACE] [FML]:   Registry: 137 minecraft:command_block net.minecraft.item.ItemBlock@97beeaf
[17:44:32] [Server thread/TRACE] [FML]:   Registry: 138 minecraft:beacon net.minecraft.item.ItemBlock@5d68954d
[17:44:32] [Server thread/TRACE] [FML]:   Registry: 139 minecraft:cobblestone_wall net.minecraft.item.ItemMultiTexture@4c6fc3e7
[17:44:32] [Server thread/TRACE] [FML]:   Registry: 143 minecraft:wooden_button net.minecraft.item.ItemBlock@aa8dce8
[17:44:32] [Server thread/TRACE] [FML]:   Registry: 145 minecraft:anvil net.minecraft.item.ItemAnvilBlock@4d8f2cfd
[17:44:32] [Server thread/TRACE] [FML]:   Registry: 146 minecraft:trapped_chest net.minecraft.item.ItemBlock@6d4502ca
[17:44:32] [Server thread/TRACE] [FML]:   Registry: 147 minecraft:light_weighted_pressure_plate net.minecraft.item.ItemBlock@ab2009f
[17:44:32] [Server thread/TRACE] [FML]:   Registry: 148 minecraft:heavy_weighted_pressure_plate net.minecraft.item.ItemBlock@2a11ae0b
[17:44:32] [Server thread/TRACE] [FML]:   Registry: 151 minecraft:daylight_detector net.minecraft.item.ItemBlock@1e4d8770
[17:44:32] [Server thread/TRACE] [FML]:   Registry: 152 minecraft:redstone_block net.minecraft.item.ItemBlock@5b5b9521
[17:44:32] [Server thread/TRACE] [FML]:   Registry: 153 minecraft:quartz_ore net.minecraft.item.ItemBlock@41f7c02d
[17:44:32] [Server thread/TRACE] [FML]:   Registry: 154 minecraft:hopper net.minecraft.item.ItemBlock@66314fee
[17:44:32] [Server thread/TRACE] [FML]:   Registry: 155 minecraft:quartz_block net.minecraft.item.ItemMultiTexture@14b5325f
[17:44:32] [Server thread/TRACE] [FML]:   Registry: 156 minecraft:quartz_stairs net.minecraft.item.ItemBlock@13404f75
[17:44:32] [Server thread/TRACE] [FML]:   Registry: 157 minecraft:activator_rail net.minecraft.item.ItemBlock@6cc90398
[17:44:32] [Server thread/TRACE] [FML]:   Registry: 158 minecraft:dropper net.minecraft.item.ItemBlock@6b6fd0
[17:44:32] [Server thread/TRACE] [FML]:   Registry: 159 minecraft:stained_hardened_clay net.minecraft.item.ItemCloth@3d718248
[17:44:32] [Server thread/TRACE] [FML]:   Registry: 160 minecraft:stained_glass_pane net.minecraft.item.ItemCloth@45ad3cd8
[17:44:32] [Server thread/TRACE] [FML]:   Registry: 161 minecraft:leaves2 net.minecraft.item.ItemLeaves@2676d96a
[17:44:32] [Server thread/TRACE] [FML]:   Registry: 162 minecraft:log2 net.minecraft.item.ItemMultiTexture@fb5d334
[17:44:32] [Server thread/TRACE] [FML]:   Registry: 163 minecraft:acacia_stairs net.minecraft.item.ItemBlock@6adcf059
[17:44:32] [Server thread/TRACE] [FML]:   Registry: 164 minecraft:dark_oak_stairs net.minecraft.item.ItemBlock@7962a746
[17:44:32] [Server thread/TRACE] [FML]:   Registry: 165 minecraft:slime net.minecraft.item.ItemBlock@1c31de5d
[17:44:32] [Server thread/TRACE] [FML]:   Registry: 166 minecraft:barrier net.minecraft.item.ItemBlock@2cdb5974
[17:44:32] [Server thread/TRACE] [FML]:   Registry: 167 minecraft:iron_trapdoor net.minecraft.item.ItemBlock@8aa5ab4
[17:44:32] [Server thread/TRACE] [FML]:   Registry: 168 minecraft:prismarine net.minecraft.item.ItemMultiTexture@47b961e2
[17:44:32] [Server thread/TRACE] [FML]:   Registry: 169 minecraft:sea_lantern net.minecraft.item.ItemBlock@d2cb2d0
[17:44:32] [Server thread/TRACE] [FML]:   Registry: 170 minecraft:hay_block net.minecraft.item.ItemBlock@53e4a19e
[17:44:32] [Server thread/TRACE] [FML]:   Registry: 171 minecraft:carpet net.minecraft.item.ItemCloth@62360a68
[17:44:32] [Server thread/TRACE] [FML]:   Registry: 172 minecraft:hardened_clay net.minecraft.item.ItemBlock@1450ffa3
[17:44:32] [Server thread/TRACE] [FML]:   Registry: 173 minecraft:coal_block net.minecraft.item.ItemBlock@4e756867
[17:44:32] [Server thread/TRACE] [FML]:   Registry: 174 minecraft:packed_ice net.minecraft.item.ItemBlock@38ebc866
[17:44:32] [Server thread/TRACE] [FML]:   Registry: 175 minecraft:double_plant net.minecraft.item.ItemMultiTexture@f5ae29e
[17:44:32] [Server thread/TRACE] [FML]:   Registry: 179 minecraft:red_sandstone net.minecraft.item.ItemMultiTexture@54556723
[17:44:32] [Server thread/TRACE] [FML]:   Registry: 180 minecraft:red_sandstone_stairs net.minecraft.item.ItemBlock@6124dda2
[17:44:32] [Server thread/TRACE] [FML]:   Registry: 182 minecraft:stone_slab2 net.minecraft.item.ItemSlab@380e33c2
[17:44:32] [Server thread/TRACE] [FML]:   Registry: 183 minecraft:spruce_fence_gate net.minecraft.item.ItemBlock@369a95a5
[17:44:32] [Server thread/TRACE] [FML]:   Registry: 184 minecraft:birch_fence_gate net.minecraft.item.ItemBlock@543da15
[17:44:32] [Server thread/TRACE] [FML]:   Registry: 185 minecraft:jungle_fence_gate net.minecraft.item.ItemBlock@69d7bc1a
[17:44:32] [Server thread/TRACE] [FML]:   Registry: 186 minecraft:dark_oak_fence_gate net.minecraft.item.ItemBlock@cb318ac
[17:44:32] [Server thread/TRACE] [FML]:   Registry: 187 minecraft:acacia_fence_gate net.minecraft.item.ItemBlock@6e668322
[17:44:32] [Server thread/TRACE] [FML]:   Registry: 188 minecraft:spruce_fence net.minecraft.item.ItemBlock@7bbd76b8
[17:44:32] [Server thread/TRACE] [FML]:   Registry: 189 minecraft:birch_fence net.minecraft.item.ItemBlock@2248d140
[17:44:32] [Server thread/TRACE] [FML]:   Registry: 190 minecraft:jungle_fence net.minecraft.item.ItemBlock@37b238da
[17:44:32] [Server thread/TRACE] [FML]:   Registry: 191 minecraft:dark_oak_fence net.minecraft.item.ItemBlock@1c792107
[17:44:32] [Server thread/TRACE] [FML]:   Registry: 192 minecraft:acacia_fence net.minecraft.item.ItemBlock@ce19c86
[17:44:32] [Server thread/TRACE] [FML]:   Registry: 198 minecraft:end_rod net.minecraft.item.ItemBlock@76fc5687
[17:44:32] [Server thread/TRACE] [FML]:   Registry: 199 minecraft:chorus_plant net.minecraft.item.ItemBlock@53fbb2b4
[17:44:32] [Server thread/TRACE] [FML]:   Registry: 200 minecraft:chorus_flower net.minecraft.item.ItemBlock@7434ee13
[17:44:32] [Server thread/TRACE] [FML]:   Registry: 201 minecraft:purpur_block net.minecraft.item.ItemBlock@44a14de0
[17:44:32] [Server thread/TRACE] [FML]:   Registry: 202 minecraft:purpur_pillar net.minecraft.item.ItemBlock@50fd739d
[17:44:32] [Server thread/TRACE] [FML]:   Registry: 203 minecraft:purpur_stairs net.minecraft.item.ItemBlock@5e1d1524
[17:44:32] [Server thread/TRACE] [FML]:   Registry: 205 minecraft:purpur_slab net.minecraft.item.ItemSlab@d0a2c82
[17:44:32] [Server thread/TRACE] [FML]:   Registry: 206 minecraft:end_bricks net.minecraft.item.ItemBlock@2ac05a33
[17:44:32] [Server thread/TRACE] [FML]:   Registry: 208 minecraft:grass_path net.minecraft.item.ItemBlock@7a7f9d45
[17:44:32] [Server thread/TRACE] [FML]:   Registry: 210 minecraft:repeating_command_block net.minecraft.item.ItemBlock@3bc891f2
[17:44:32] [Server thread/TRACE] [FML]:   Registry: 211 minecraft:chain_command_block net.minecraft.item.ItemBlock@445b85d7
[17:44:32] [Server thread/TRACE] [FML]:   Registry: 213 minecraft:magma net.minecraft.item.ItemBlock@3d59933
[17:44:32] [Server thread/TRACE] [FML]:   Registry: 214 minecraft:nether_wart_block net.minecraft.item.ItemBlock@4a0c3aa8
[17:44:32] [Server thread/TRACE] [FML]:   Registry: 215 minecraft:red_nether_brick net.minecraft.item.ItemBlock@3534651a
[17:44:32] [Server thread/TRACE] [FML]:   Registry: 216 minecraft:bone_block net.minecraft.item.ItemBlock@2d593b56
[17:44:32] [Server thread/TRACE] [FML]:   Registry: 217 minecraft:structure_void net.minecraft.item.ItemBlock@26a33cf
[17:44:32] [Server thread/TRACE] [FML]:   Registry: 218 minecraft:observer net.minecraft.item.ItemBlock@29188050
[17:44:32] [Server thread/TRACE] [FML]:   Registry: 219 minecraft:white_shulker_box net.minecraft.item.ItemShulkerBox@5bf523e3
[17:44:32] [Server thread/TRACE] [FML]:   Registry: 220 minecraft:orange_shulker_box net.minecraft.item.ItemShulkerBox@8d29719
[17:44:32] [Server thread/TRACE] [FML]:   Registry: 221 minecraft:magenta_shulker_box net.minecraft.item.ItemShulkerBox@65259c53
[17:44:32] [Server thread/TRACE] [FML]:   Registry: 222 minecraft:light_blue_shulker_box net.minecraft.item.ItemShulkerBox@4bff28e7
[17:44:32] [Server thread/TRACE] [FML]:   Registry: 223 minecraft:yellow_shulker_box net.minecraft.item.ItemShulkerBox@39e7e040
[17:44:32] [Server thread/TRACE] [FML]:   Registry: 224 minecraft:lime_shulker_box net.minecraft.item.ItemShulkerBox@2591d23a
[17:44:32] [Server thread/TRACE] [FML]:   Registry: 225 minecraft:pink_shulker_box net.minecraft.item.ItemShulkerBox@6c1f15df
[17:44:32] [Server thread/TRACE] [FML]:   Registry: 226 minecraft:gray_shulker_box net.minecraft.item.ItemShulkerBox@5e95b0ab
[17:44:32] [Server thread/TRACE] [FML]:   Registry: 227 minecraft:silver_shulker_box net.minecraft.item.ItemShulkerBox@5876bed9
[17:44:32] [Server thread/TRACE] [FML]:   Registry: 228 minecraft:cyan_shulker_box net.minecraft.item.ItemShulkerBox@73ddb7ef
[17:44:32] [Server thread/TRACE] [FML]:   Registry: 229 minecraft:purple_shulker_box net.minecraft.item.ItemShulkerBox@67f8f5a6
[17:44:32] [Server thread/TRACE] [FML]:   Registry: 230 minecraft:blue_shulker_box net.minecraft.item.ItemShulkerBox@141b011a
[17:44:32] [Server thread/TRACE] [FML]:   Registry: 231 minecraft:brown_shulker_box net.minecraft.item.ItemShulkerBox@7976e536
[17:44:32] [Server thread/TRACE] [FML]:   Registry: 232 minecraft:green_shulker_box net.minecraft.item.ItemShulkerBox@670a4738
[17:44:32] [Server thread/TRACE] [FML]:   Registry: 233 minecraft:red_shulker_box net.minecraft.item.ItemShulkerBox@47ffdbba
[17:44:32] [Server thread/TRACE] [FML]:   Registry: 234 minecraft:black_shulker_box net.minecraft.item.ItemShulkerBox@ba0018e
[17:44:32] [Server thread/TRACE] [FML]:   Registry: 235 minecraft:white_glazed_terracotta net.minecraft.item.ItemBlock@45311a99
[17:44:32] [Server thread/TRACE] [FML]:   Registry: 236 minecraft:orange_glazed_terracotta net.minecraft.item.ItemBlock@7037a680
[17:44:32] [Server thread/TRACE] [FML]:   Registry: 237 minecraft:magenta_glazed_terracotta net.minecraft.item.ItemBlock@492c8137
[17:44:32] [Server thread/TRACE] [FML]:   Registry: 238 minecraft:light_blue_glazed_terracotta net.minecraft.item.ItemBlock@420b55ed
[17:44:32] [Server thread/TRACE] [FML]:   Registry: 239 minecraft:yellow_glazed_terracotta net.minecraft.item.ItemBlock@f237ae7
[17:44:32] [Server thread/TRACE] [FML]:   Registry: 240 minecraft:lime_glazed_terracotta net.minecraft.item.ItemBlock@42edde25
[17:44:32] [Server thread/TRACE] [FML]:   Registry: 241 minecraft:pink_glazed_terracotta net.minecraft.item.ItemBlock@6fe5da76
[17:44:32] [Server thread/TRACE] [FML]:   Registry: 242 minecraft:gray_glazed_terracotta net.minecraft.item.ItemBlock@77d95e5a
[17:44:32] [Server thread/TRACE] [FML]:   Registry: 243 minecraft:silver_glazed_terracotta net.minecraft.item.ItemBlock@6339e604
[17:44:32] [Server thread/TRACE] [FML]:   Registry: 244 minecraft:cyan_glazed_terracotta net.minecraft.item.ItemBlock@4f8900b0
[17:44:32] [Server thread/TRACE] [FML]:   Registry: 245 minecraft:purple_glazed_terracotta net.minecraft.item.ItemBlock@e7e455d
[17:44:32] [Server thread/TRACE] [FML]:   Registry: 246 minecraft:blue_glazed_terracotta net.minecraft.item.ItemBlock@33e8e146
[17:44:32] [Server thread/TRACE] [FML]:   Registry: 247 minecraft:brown_glazed_terracotta net.minecraft.item.ItemBlock@1f4d38f9
[17:44:32] [Server thread/TRACE] [FML]:   Registry: 248 minecraft:green_glazed_terracotta net.minecraft.item.ItemBlock@18463720
[17:44:32] [Server thread/TRACE] [FML]:   Registry: 249 minecraft:red_glazed_terracotta net.minecraft.item.ItemBlock@64eeddd8
[17:44:32] [Server thread/TRACE] [FML]:   Registry: 250 minecraft:black_glazed_terracotta net.minecraft.item.ItemBlock@10f8e2d2
[17:44:32] [Server thread/TRACE] [FML]:   Registry: 251 minecraft:concrete net.minecraft.item.ItemCloth@66048ac4
[17:44:32] [Server thread/TRACE] [FML]:   Registry: 252 minecraft:concrete_powder net.minecraft.item.ItemCloth@4f525e13
[17:44:32] [Server thread/TRACE] [FML]:   Registry: 255 minecraft:structure_block net.minecraft.item.ItemBlock@5d404a3c
[17:44:32] [Server thread/TRACE] [FML]:   Registry: 256 minecraft:iron_shovel net.minecraft.item.ItemSpade@57b33c29
[17:44:32] [Server thread/TRACE] [FML]:   Registry: 257 minecraft:iron_pickaxe net.minecraft.item.ItemPickaxe@13390a96
[17:44:32] [Server thread/TRACE] [FML]:   Registry: 258 minecraft:iron_axe net.minecraft.item.ItemAxe@7497a554
[17:44:32] [Server thread/TRACE] [FML]:   Registry: 259 minecraft:flint_and_steel net.minecraft.item.ItemFlintAndSteel@65015a49
[17:44:32] [Server thread/TRACE] [FML]:   Registry: 260 minecraft:apple net.minecraft.item.ItemFood@795faad
[17:44:32] [Server thread/TRACE] [FML]:   Registry: 261 minecraft:bow net.minecraft.item.ItemBow@2ecdcfe3
[17:44:32] [Server thread/TRACE] [FML]:   Registry: 262 minecraft:arrow net.minecraft.item.ItemArrow@83e635f
[17:44:32] [Server thread/TRACE] [FML]:   Registry: 263 minecraft:coal net.minecraft.item.ItemCoal@c82ad22
[17:44:32] [Server thread/TRACE] [FML]:   Registry: 264 minecraft:diamond net.minecraft.item.Item@3f80d8c
[17:44:32] [Server thread/TRACE] [FML]:   Registry: 265 minecraft:iron_ingot net.minecraft.item.Item@2d3b0978
[17:44:32] [Server thread/TRACE] [FML]:   Registry: 266 minecraft:gold_ingot net.minecraft.item.Item@5c60c08
[17:44:32] [Server thread/TRACE] [FML]:   Registry: 267 minecraft:iron_sword net.minecraft.item.ItemSword@212e39ee
[17:44:32] [Server thread/TRACE] [FML]:   Registry: 268 minecraft:wooden_sword net.minecraft.item.ItemSword@638d2ce3
[17:44:32] [Server thread/TRACE] [FML]:   Registry: 269 minecraft:wooden_shovel net.minecraft.item.ItemSpade@79617c3d
[17:44:32] [Server thread/TRACE] [FML]:   Registry: 270 minecraft:wooden_pickaxe net.minecraft.item.ItemPickaxe@49cceb19
[17:44:32] [Server thread/TRACE] [FML]:   Registry: 271 minecraft:wooden_axe net.minecraft.item.ItemAxe@197d5a87
[17:44:32] [Server thread/TRACE] [FML]:   Registry: 272 minecraft:stone_sword net.minecraft.item.ItemSword@131d977f
[17:44:32] [Server thread/TRACE] [FML]:   Registry: 273 minecraft:stone_shovel net.minecraft.item.ItemSpade@616f81b5
[17:44:32] [Server thread/TRACE] [FML]:   Registry: 274 minecraft:stone_pickaxe net.minecraft.item.ItemPickaxe@4f552aa2
[17:44:32] [Server thread/TRACE] [FML]:   Registry: 275 minecraft:stone_axe net.minecraft.item.ItemAxe@3c8fe8ad
[17:44:32] [Server thread/TRACE] [FML]:   Registry: 276 minecraft:diamond_sword net.minecraft.item.ItemSword@43d6262c
[17:44:32] [Server thread/TRACE] [FML]:   Registry: 277 minecraft:diamond_shovel net.minecraft.item.ItemSpade@5e2975ca
[17:44:32] [Server thread/TRACE] [FML]:   Registry: 278 minecraft:diamond_pickaxe net.minecraft.item.ItemPickaxe@38cf4497
[17:44:32] [Server thread/TRACE] [FML]:   Registry: 279 minecraft:diamond_axe net.minecraft.item.ItemAxe@7b4619a3
[17:44:32] [Server thread/TRACE] [FML]:   Registry: 280 minecraft:stick net.minecraft.item.Item@9d3a7a1
[17:44:32] [Server thread/TRACE] [FML]:   Registry: 281 minecraft:bowl net.minecraft.item.Item@1c411474
[17:44:32] [Server thread/TRACE] [FML]:   Registry: 282 minecraft:mushroom_stew net.minecraft.item.ItemSoup@b56c222
[17:44:32] [Server thread/TRACE] [FML]:   Registry: 283 minecraft:golden_sword net.minecraft.item.ItemSword@5a2035e1
[17:44:32] [Server thread/TRACE] [FML]:   Registry: 284 minecraft:golden_shovel net.minecraft.item.ItemSpade@4df7b4ac
[17:44:32] [Server thread/TRACE] [FML]:   Registry: 285 minecraft:golden_pickaxe net.minecraft.item.ItemPickaxe@7c47e077
[17:44:32] [Server thread/TRACE] [FML]:   Registry: 286 minecraft:golden_axe net.minecraft.item.ItemAxe@41bd6a0f
[17:44:32] [Server thread/TRACE] [FML]:   Registry: 287 minecraft:string net.minecraft.item.ItemBlockSpecial@57b130f6
[17:44:32] [Server thread/TRACE] [FML]:   Registry: 288 minecraft:feather net.minecraft.item.Item@67e4928c
[17:44:32] [Server thread/TRACE] [FML]:   Registry: 289 minecraft:gunpowder net.minecraft.item.Item@2cc61b3b
[17:44:32] [Server thread/TRACE] [FML]:   Registry: 290 minecraft:wooden_hoe net.minecraft.item.ItemHoe@3b2c8bda
[17:44:32] [Server thread/TRACE] [FML]:   Registry: 291 minecraft:stone_hoe net.minecraft.item.ItemHoe@688d619c
[17:44:32] [Server thread/TRACE] [FML]:   Registry: 292 minecraft:iron_hoe net.minecraft.item.ItemHoe@647ff23e
[17:44:32] [Server thread/TRACE] [FML]:   Registry: 293 minecraft:diamond_hoe net.minecraft.item.ItemHoe@6a04d2a4
[17:44:32] [Server thread/TRACE] [FML]:   Registry: 294 minecraft:golden_hoe net.minecraft.item.ItemHoe@35a9e665
[17:44:32] [Server thread/TRACE] [FML]:   Registry: 295 minecraft:wheat_seeds net.minecraft.item.ItemSeeds@7227926b
[17:44:32] [Server thread/TRACE] [FML]:   Registry: 296 minecraft:wheat net.minecraft.item.Item@2f75a9b1
[17:44:32] [Server thread/TRACE] [FML]:   Registry: 297 minecraft:bread net.minecraft.item.ItemFood@556aed22
[17:44:32] [Server thread/TRACE] [FML]:   Registry: 298 minecraft:leather_helmet net.minecraft.item.ItemArmor@5ad40184
[17:44:32] [Server thread/TRACE] [FML]:   Registry: 299 minecraft:leather_chestplate net.minecraft.item.ItemArmor@3359c3f6
[17:44:32] [Server thread/TRACE] [FML]:   Registry: 300 minecraft:leather_leggings net.minecraft.item.ItemArmor@3d3b272a
[17:44:32] [Server thread/TRACE] [FML]:   Registry: 301 minecraft:leather_boots net.minecraft.item.ItemArmor@45b27ad3
[17:44:32] [Server thread/TRACE] [FML]:   Registry: 302 minecraft:chainmail_helmet net.minecraft.item.ItemArmor@3f908bc0
[17:44:32] [Server thread/TRACE] [FML]:   Registry: 303 minecraft:chainmail_chestplate net.minecraft.item.ItemArmor@422ba9b7
[17:44:32] [Server thread/TRACE] [FML]:   Registry: 304 minecraft:chainmail_leggings net.minecraft.item.ItemArmor@26cdd4af
[17:44:32] [Server thread/TRACE] [FML]:   Registry: 305 minecraft:chainmail_boots net.minecraft.item.ItemArmor@707f4647
[17:44:32] [Server thread/TRACE] [FML]:   Registry: 306 minecraft:iron_helmet net.minecraft.item.ItemArmor@4b8a0d03
[17:44:32] [Server thread/TRACE] [FML]:   Registry: 307 minecraft:iron_chestplate net.minecraft.item.ItemArmor@54f373d4
[17:44:32] [Server thread/TRACE] [FML]:   Registry: 308 minecraft:iron_leggings net.minecraft.item.ItemArmor@1c53bd49
[17:44:32] [Server thread/TRACE] [FML]:   Registry: 309 minecraft:iron_boots net.minecraft.item.ItemArmor@16949dfa
[17:44:32] [Server thread/TRACE] [FML]:   Registry: 310 minecraft:diamond_helmet net.minecraft.item.ItemArmor@d6d683e
[17:44:32] [Server thread/TRACE] [FML]:   Registry: 311 minecraft:diamond_chestplate net.minecraft.item.ItemArmor@42cfd794
[17:44:32] [Server thread/TRACE] [FML]:   Registry: 312 minecraft:diamond_leggings net.minecraft.item.ItemArmor@43778371
[17:44:32] [Server thread/TRACE] [FML]:   Registry: 313 minecraft:diamond_boots net.minecraft.item.ItemArmor@71beada8
[17:44:32] [Server thread/TRACE] [FML]:   Registry: 314 minecraft:golden_helmet net.minecraft.item.ItemArmor@17f41739
[17:44:32] [Server thread/TRACE] [FML]:   Registry: 315 minecraft:golden_chestplate net.minecraft.item.ItemArmor@2b3b1124
[17:44:32] [Server thread/TRACE] [FML]:   Registry: 316 minecraft:golden_leggings net.minecraft.item.ItemArmor@54286339
[17:44:32] [Server thread/TRACE] [FML]:   Registry: 317 minecraft:golden_boots net.minecraft.item.ItemArmor@507f47f9
[17:44:32] [Server thread/TRACE] [FML]:   Registry: 318 minecraft:flint net.minecraft.item.Item@6785df10
[17:44:32] [Server thread/TRACE] [FML]:   Registry: 319 minecraft:porkchop net.minecraft.item.ItemFood@144440f5
[17:44:32] [Server thread/TRACE] [FML]:   Registry: 320 minecraft:cooked_porkchop net.minecraft.item.ItemFood@3e2c8ef
[17:44:32] [Server thread/TRACE] [FML]:   Registry: 321 minecraft:painting net.minecraft.item.ItemHangingEntity@4ff074a0
[17:44:32] [Server thread/TRACE] [FML]:   Registry: 322 minecraft:golden_apple net.minecraft.item.ItemAppleGold@fd69983
[17:44:32] [Server thread/TRACE] [FML]:   Registry: 323 minecraft:sign net.minecraft.item.ItemSign@2adc1e84
[17:44:32] [Server thread/TRACE] [FML]:   Registry: 324 minecraft:wooden_door net.minecraft.item.ItemDoor@323efafe
[17:44:32] [Server thread/TRACE] [FML]:   Registry: 325 minecraft:bucket net.minecraft.item.ItemBucket@4182a651
[17:44:32] [Server thread/TRACE] [FML]:   Registry: 326 minecraft:water_bucket net.minecraft.item.ItemBucket@7791ff50
[17:44:32] [Server thread/TRACE] [FML]:   Registry: 327 minecraft:lava_bucket net.minecraft.item.ItemBucket@46de118b
[17:44:32] [Server thread/TRACE] [FML]:   Registry: 328 minecraft:minecart net.minecraft.item.ItemMinecart@4ffa078d
[17:44:32] [Server thread/TRACE] [FML]:   Registry: 329 minecraft:saddle net.minecraft.item.ItemSaddle@3516b881
[17:44:32] [Server thread/TRACE] [FML]:   Registry: 330 minecraft:iron_door net.minecraft.item.ItemDoor@6be8ce1b
[17:44:32] [Server thread/TRACE] [FML]:   Registry: 331 minecraft:redstone net.minecraft.item.ItemRedstone@a7bbdbc
[17:44:32] [Server thread/TRACE] [FML]:   Registry: 332 minecraft:snowball net.minecraft.item.ItemSnowball@1dd64243
[17:44:32] [Server thread/TRACE] [FML]:   Registry: 333 minecraft:boat net.minecraft.item.ItemBoat@1d1b3620
[17:44:32] [Server thread/TRACE] [FML]:   Registry: 334 minecraft:leather net.minecraft.item.Item@71e7c13f
[17:44:32] [Server thread/TRACE] [FML]:   Registry: 335 minecraft:milk_bucket net.minecraft.item.ItemBucketMilk@14af73e1
[17:44:32] [Server thread/TRACE] [FML]:   Registry: 336 minecraft:brick net.minecraft.item.Item@73da303e
[17:44:32] [Server thread/TRACE] [FML]:   Registry: 337 minecraft:clay_ball net.minecraft.item.Item@24068086
[17:44:32] [Server thread/TRACE] [FML]:   Registry: 338 minecraft:reeds net.minecraft.item.ItemBlockSpecial@32513dea
[17:44:32] [Server thread/TRACE] [FML]:   Registry: 339 minecraft:paper net.minecraft.item.Item@5d0e703a
[17:44:32] [Server thread/TRACE] [FML]:   Registry: 340 minecraft:book net.minecraft.item.ItemBook@3a751535
[17:44:32] [Server thread/TRACE] [FML]:   Registry: 341 minecraft:slime_ball net.minecraft.item.Item@7fb82f73
[17:44:32] [Server thread/TRACE] [FML]:   Registry: 342 minecraft:chest_minecart net.minecraft.item.ItemMinecart@2f166d61
[17:44:32] [Server thread/TRACE] [FML]:   Registry: 343 minecraft:furnace_minecart net.minecraft.item.ItemMinecart@5896b9f5
[17:44:32] [Server thread/TRACE] [FML]:   Registry: 344 minecraft:egg net.minecraft.item.ItemEgg@1fe05fff
[17:44:32] [Server thread/TRACE] [FML]:   Registry: 345 minecraft:compass net.minecraft.item.ItemCompass@2b400bd0
[17:44:32] [Server thread/TRACE] [FML]:   Registry: 346 minecraft:fishing_rod net.minecraft.item.ItemFishingRod@41e7a544
[17:44:32] [Server thread/TRACE] [FML]:   Registry: 347 minecraft:clock net.minecraft.item.ItemClock@4bc21e34
[17:44:32] [Server thread/TRACE] [FML]:   Registry: 348 minecraft:glowstone_dust net.minecraft.item.Item@7544260a
[17:44:32] [Server thread/TRACE] [FML]:   Registry: 349 minecraft:fish net.minecraft.item.ItemFishFood@3573e19d
[17:44:32] [Server thread/TRACE] [FML]:   Registry: 350 minecraft:cooked_fish net.minecraft.item.ItemFishFood@5c1dd18
[17:44:32] [Server thread/TRACE] [FML]:   Registry: 351 minecraft:dye net.minecraft.item.ItemDye@3dec79f8
[17:44:32] [Server thread/TRACE] [FML]:   Registry: 352 minecraft:bone net.minecraft.item.Item@5bf7f15f
[17:44:32] [Server thread/TRACE] [FML]:   Registry: 353 minecraft:sugar net.minecraft.item.Item@14b26e90
[17:44:32] [Server thread/TRACE] [FML]:   Registry: 354 minecraft:cake net.minecraft.item.ItemBlockSpecial@11309dd4
[17:44:32] [Server thread/TRACE] [FML]:   Registry: 355 minecraft:bed net.minecraft.item.ItemBed@1e194966
[17:44:32] [Server thread/TRACE] [FML]:   Registry: 356 minecraft:repeater net.minecraft.item.ItemBlockSpecial@160546b1
[17:44:32] [Server thread/TRACE] [FML]:   Registry: 357 minecraft:cookie net.minecraft.item.ItemFood@103e7c7c
[17:44:32] [Server thread/TRACE] [FML]:   Registry: 358 minecraft:filled_map net.minecraft.item.ItemMap@270b8c2a
[17:44:32] [Server thread/TRACE] [FML]:   Registry: 359 minecraft:shears net.minecraft.item.ItemShears@2fea9a7b
[17:44:32] [Server thread/TRACE] [FML]:   Registry: 360 minecraft:melon net.minecraft.item.ItemFood@2aa07d80
[17:44:32] [Server thread/TRACE] [FML]:   Registry: 361 minecraft:pumpkin_seeds net.minecraft.item.ItemSeeds@69c1ea07
[17:44:32] [Server thread/TRACE] [FML]:   Registry: 362 minecraft:melon_seeds net.minecraft.item.ItemSeeds@5cbe72b9
[17:44:32] [Server thread/TRACE] [FML]:   Registry: 363 minecraft:beef net.minecraft.item.ItemFood@27fc0217
[17:44:32] [Server thread/TRACE] [FML]:   Registry: 364 minecraft:cooked_beef net.minecraft.item.ItemFood@e993715
[17:44:32] [Server thread/TRACE] [FML]:   Registry: 365 minecraft:chicken net.minecraft.item.ItemFood@413eaf5d
[17:44:32] [Server thread/TRACE] [FML]:   Registry: 366 minecraft:cooked_chicken net.minecraft.item.ItemFood@3e28af44
[17:44:32] [Server thread/TRACE] [FML]:   Registry: 367 minecraft:rotten_flesh net.minecraft.item.ItemFood@33891646
[17:44:32] [Server thread/TRACE] [FML]:   Registry: 368 minecraft:ender_pearl net.minecraft.item.ItemEnderPearl@40013051
[17:44:32] [Server thread/TRACE] [FML]:   Registry: 369 minecraft:blaze_rod net.minecraft.item.Item@71f29d91
[17:44:32] [Server thread/TRACE] [FML]:   Registry: 370 minecraft:ghast_tear net.minecraft.item.Item@6143b2b1
[17:44:32] [Server thread/TRACE] [FML]:   Registry: 371 minecraft:gold_nugget net.minecraft.item.Item@a63643e
[17:44:32] [Server thread/TRACE] [FML]:   Registry: 372 minecraft:nether_wart net.minecraft.item.ItemSeeds@43294e9b
[17:44:32] [Server thread/TRACE] [FML]:   Registry: 373 minecraft:potion net.minecraft.item.ItemPotion@5a78b52b
[17:44:32] [Server thread/TRACE] [FML]:   Registry: 374 minecraft:glass_bottle net.minecraft.item.ItemGlassBottle@79c1ccf7
[17:44:32] [Server thread/TRACE] [FML]:   Registry: 375 minecraft:spider_eye net.minecraft.item.ItemFood@4654e373
[17:44:32] [Server thread/TRACE] [FML]:   Registry: 376 minecraft:fermented_spider_eye net.minecraft.item.Item@2474df51
[17:44:32] [Server thread/TRACE] [FML]:   Registry: 377 minecraft:blaze_powder net.minecraft.item.Item@2864d34d
[17:44:32] [Server thread/TRACE] [FML]:   Registry: 378 minecraft:magma_cream net.minecraft.item.Item@5fb514c2
[17:44:32] [Server thread/TRACE] [FML]:   Registry: 379 minecraft:brewing_stand net.minecraft.item.ItemBlockSpecial@3e9b3b3c
[17:44:32] [Server thread/TRACE] [FML]:   Registry: 380 minecraft:cauldron net.minecraft.item.ItemBlockSpecial@3c97f5e9
[17:44:32] [Server thread/TRACE] [FML]:   Registry: 381 minecraft:ender_eye net.minecraft.item.ItemEnderEye@294ebe11
[17:44:32] [Server thread/TRACE] [FML]:   Registry: 382 minecraft:speckled_melon net.minecraft.item.Item@4e51eda7
[17:44:32] [Server thread/TRACE] [FML]:   Registry: 383 minecraft:spawn_egg net.minecraft.item.ItemMonsterPlacer@653e7b
[17:44:32] [Server thread/TRACE] [FML]:   Registry: 384 minecraft:experience_bottle net.minecraft.item.ItemExpBottle@6fdc2db6
[17:44:32] [Server thread/TRACE] [FML]:   Registry: 385 minecraft:fire_charge net.minecraft.item.ItemFireball@779b4f9c
[17:44:32] [Server thread/TRACE] [FML]:   Registry: 386 minecraft:writable_book net.minecraft.item.ItemWritableBook@2a531637
[17:44:32] [Server thread/TRACE] [FML]:   Registry: 387 minecraft:written_book net.minecraft.item.ItemWrittenBook@3a8640f7
[17:44:32] [Server thread/TRACE] [FML]:   Registry: 388 minecraft:emerald net.minecraft.item.Item@ca10069
[17:44:32] [Server thread/TRACE] [FML]:   Registry: 389 minecraft:item_frame net.minecraft.item.ItemHangingEntity@45e69324
[17:44:32] [Server thread/TRACE] [FML]:   Registry: 390 minecraft:flower_pot net.minecraft.item.ItemBlockSpecial@3c89b864
[17:44:32] [Server thread/TRACE] [FML]:   Registry: 391 minecraft:carrot net.minecraft.item.ItemSeedFood@2168def
[17:44:32] [Server thread/TRACE] [FML]:   Registry: 392 minecraft:potato net.minecraft.item.ItemSeedFood@3639b04
[17:44:32] [Server thread/TRACE] [FML]:   Registry: 393 minecraft:baked_potato net.minecraft.item.ItemFood@5cb8580
[17:44:32] [Server thread/TRACE] [FML]:   Registry: 394 minecraft:poisonous_potato net.minecraft.item.ItemFood@2ca1e49a
[17:44:32] [Server thread/TRACE] [FML]:   Registry: 395 minecraft:map net.minecraft.item.ItemEmptyMap@163df259
[17:44:32] [Server thread/TRACE] [FML]:   Registry: 396 minecraft:golden_carrot net.minecraft.item.ItemFood@405603b6
[17:44:32] [Server thread/TRACE] [FML]:   Registry: 397 minecraft:skull net.minecraft.item.ItemSkull@5b59c3d
[17:44:32] [Server thread/TRACE] [FML]:   Registry: 398 minecraft:carrot_on_a_stick net.minecraft.item.ItemCarrotOnAStick@1d0b447b
[17:44:32] [Server thread/TRACE] [FML]:   Registry: 399 minecraft:nether_star net.minecraft.item.ItemSimpleFoiled@d978ab9
[17:44:32] [Server thread/TRACE] [FML]:   Registry: 400 minecraft:pumpkin_pie net.minecraft.item.ItemFood@3cf06a01
[17:44:32] [Server thread/TRACE] [FML]:   Registry: 401 minecraft:fireworks net.minecraft.item.ItemFirework@36638b59
[17:44:32] [Server thread/TRACE] [FML]:   Registry: 402 minecraft:firework_charge net.minecraft.item.ItemFireworkCharge@229cb4d8
[17:44:32] [Server thread/TRACE] [FML]:   Registry: 403 minecraft:enchanted_book net.minecraft.item.ItemEnchantedBook@391dfe7c
[17:44:32] [Server thread/TRACE] [FML]:   Registry: 404 minecraft:comparator net.minecraft.item.ItemBlockSpecial@702cfbde
[17:44:32] [Server thread/TRACE] [FML]:   Registry: 405 minecraft:netherbrick net.minecraft.item.Item@7d3bcd3
[17:44:32] [Server thread/TRACE] [FML]:   Registry: 406 minecraft:quartz net.minecraft.item.Item@5dce5c03
[17:44:32] [Server thread/TRACE] [FML]:   Registry: 407 minecraft:tnt_minecart net.minecraft.item.ItemMinecart@b76b7d8
[17:44:32] [Server thread/TRACE] [FML]:   Registry: 408 minecraft:hopper_minecart net.minecraft.item.ItemMinecart@1c135f63
[17:44:32] [Server thread/TRACE] [FML]:   Registry: 409 minecraft:prismarine_shard net.minecraft.item.Item@63c4d16
[17:44:32] [Server thread/TRACE] [FML]:   Registry: 410 minecraft:prismarine_crystals net.minecraft.item.Item@29bd2796
[17:44:32] [Server thread/TRACE] [FML]:   Registry: 411 minecraft:rabbit net.minecraft.item.ItemFood@174b8d0e
[17:44:32] [Server thread/TRACE] [FML]:   Registry: 412 minecraft:cooked_rabbit net.minecraft.item.ItemFood@112530c3
[17:44:32] [Server thread/TRACE] [FML]:   Registry: 413 minecraft:rabbit_stew net.minecraft.item.ItemSoup@75959b0c
[17:44:32] [Server thread/TRACE] [FML]:   Registry: 414 minecraft:rabbit_foot net.minecraft.item.Item@355493bf
[17:44:32] [Server thread/TRACE] [FML]:   Registry: 415 minecraft:rabbit_hide net.minecraft.item.Item@7ebc5be6
[17:44:32] [Server thread/TRACE] [FML]:   Registry: 416 minecraft:armor_stand net.minecraft.item.ItemArmorStand@adc3344
[17:44:32] [Server thread/TRACE] [FML]:   Registry: 417 minecraft:iron_horse_armor net.minecraft.item.Item@484302ee
[17:44:32] [Server thread/TRACE] [FML]:   Registry: 418 minecraft:golden_horse_armor net.minecraft.item.Item@4e647f39
[17:44:32] [Server thread/TRACE] [FML]:   Registry: 419 minecraft:diamond_horse_armor net.minecraft.item.Item@778197c0
[17:44:32] [Server thread/TRACE] [FML]:   Registry: 420 minecraft:lead net.minecraft.item.ItemLead@7538cfe6
[17:44:32] [Server thread/TRACE] [FML]:   Registry: 421 minecraft:name_tag net.minecraft.item.ItemNameTag@598e5cb8
[17:44:32] [Server thread/TRACE] [FML]:   Registry: 422 minecraft:command_block_minecart net.minecraft.item.ItemMinecart@199806aa
[17:44:32] [Server thread/TRACE] [FML]:   Registry: 423 minecraft:mutton net.minecraft.item.ItemFood@300aa927
[17:44:32] [Server thread/TRACE] [FML]:   Registry: 424 minecraft:cooked_mutton net.minecraft.item.ItemFood@fa11fda
[17:44:32] [Server thread/TRACE] [FML]:   Registry: 425 minecraft:banner net.minecraft.item.ItemBanner@34695b23
[17:44:32] [Server thread/TRACE] [FML]:   Registry: 426 minecraft:end_crystal net.minecraft.item.ItemEndCrystal@6c9151c1
[17:44:32] [Server thread/TRACE] [FML]:   Registry: 427 minecraft:spruce_door net.minecraft.item.ItemDoor@2c3679e5
[17:44:32] [Server thread/TRACE] [FML]:   Registry: 428 minecraft:birch_door net.minecraft.item.ItemDoor@41f40dfa
[17:44:32] [Server thread/TRACE] [FML]:   Registry: 429 minecraft:jungle_door net.minecraft.item.ItemDoor@2548fc01
[17:44:32] [Server thread/TRACE] [FML]:   Registry: 430 minecraft:acacia_door net.minecraft.item.ItemDoor@4331be30
[17:44:32] [Server thread/TRACE] [FML]:   Registry: 431 minecraft:dark_oak_door net.minecraft.item.ItemDoor@5cd71ee2
[17:44:32] [Server thread/TRACE] [FML]:   Registry: 432 minecraft:chorus_fruit net.minecraft.item.ItemChorusFruit@224d537d
[17:44:32] [Server thread/TRACE] [FML]:   Registry: 433 minecraft:chorus_fruit_popped net.minecraft.item.Item@450d10cb
[17:44:32] [Server thread/TRACE] [FML]:   Registry: 434 minecraft:beetroot net.minecraft.item.ItemFood@1bd59b82
[17:44:32] [Server thread/TRACE] [FML]:   Registry: 435 minecraft:beetroot_seeds net.minecraft.item.ItemSeeds@6a9df5
[17:44:32] [Server thread/TRACE] [FML]:   Registry: 436 minecraft:beetroot_soup net.minecraft.item.ItemSoup@48f4f03e
[17:44:32] [Server thread/TRACE] [FML]:   Registry: 437 minecraft:dragon_breath net.minecraft.item.Item@65d23aa3
[17:44:32] [Server thread/TRACE] [FML]:   Registry: 438 minecraft:splash_potion net.minecraft.item.ItemSplashPotion@29532e91
[17:44:32] [Server thread/TRACE] [FML]:   Registry: 439 minecraft:spectral_arrow net.minecraft.item.ItemSpectralArrow@19739906
[17:44:32] [Server thread/TRACE] [FML]:   Registry: 440 minecraft:tipped_arrow net.minecraft.item.ItemTippedArrow@470c4229
[17:44:32] [Server thread/TRACE] [FML]:   Registry: 441 minecraft:lingering_potion net.minecraft.item.ItemLingeringPotion@549d14fe
[17:44:32] [Server thread/TRACE] [FML]:   Registry: 442 minecraft:shield net.minecraft.item.ItemShield@2bd2430f
[17:44:32] [Server thread/TRACE] [FML]:   Registry: 443 minecraft:elytra net.minecraft.item.ItemElytra@2a984952
[17:44:32] [Server thread/TRACE] [FML]:   Registry: 444 minecraft:spruce_boat net.minecraft.item.ItemBoat@16944b58
[17:44:32] [Server thread/TRACE] [FML]:   Registry: 445 minecraft:birch_boat net.minecraft.item.ItemBoat@1dbc607d
[17:44:32] [Server thread/TRACE] [FML]:   Registry: 446 minecraft:jungle_boat net.minecraft.item.ItemBoat@62b42406
[17:44:32] [Server thread/TRACE] [FML]:   Registry: 447 minecraft:acacia_boat net.minecraft.item.ItemBoat@a0e33db
[17:44:32] [Server thread/TRACE] [FML]:   Registry: 448 minecraft:dark_oak_boat net.minecraft.item.ItemBoat@3ef46749
[17:44:32] [Server thread/TRACE] [FML]:   Registry: 449 minecraft:totem_of_undying net.minecraft.item.Item@40b54762
[17:44:32] [Server thread/TRACE] [FML]:   Registry: 450 minecraft:shulker_shell net.minecraft.item.Item@362cf66
[17:44:32] [Server thread/TRACE] [FML]:   Registry: 452 minecraft:iron_nugget net.minecraft.item.Item@7809b43a
[17:44:32] [Server thread/TRACE] [FML]:   Registry: 453 minecraft:knowledge_book net.minecraft.item.ItemKnowledgeBook@181098bf
[17:44:32] [Server thread/TRACE] [FML]:   Registry: 2256 minecraft:record_13 net.minecraft.item.ItemRecord@1d2d4d7a
[17:44:32] [Server thread/TRACE] [FML]:   Registry: 2257 minecraft:record_cat net.minecraft.item.ItemRecord@5e020dd1
[17:44:32] [Server thread/TRACE] [FML]:   Registry: 2258 minecraft:record_blocks net.minecraft.item.ItemRecord@4bbc02ef
[17:44:32] [Server thread/TRACE] [FML]:   Registry: 2259 minecraft:record_chirp net.minecraft.item.ItemRecord@f0c1ae1
[17:44:32] [Server thread/TRACE] [FML]:   Registry: 2260 minecraft:record_far net.minecraft.item.ItemRecord@783dc0e7
[17:44:32] [Server thread/TRACE] [FML]:   Registry: 2261 minecraft:record_mall net.minecraft.item.ItemRecord@361f26b4
[17:44:32] [Server thread/TRACE] [FML]:   Registry: 2262 minecraft:record_mellohi net.minecraft.item.ItemRecord@1d9ff1e2
[17:44:32] [Server thread/TRACE] [FML]:   Registry: 2263 minecraft:record_stal net.minecraft.item.ItemRecord@722b3ba2
[17:44:32] [Server thread/TRACE] [FML]:   Registry: 2264 minecraft:record_strad net.minecraft.item.ItemRecord@6487f7f8
[17:44:32] [Server thread/TRACE] [FML]:   Registry: 2265 minecraft:record_ward net.minecraft.item.ItemRecord@2b62475a
[17:44:32] [Server thread/TRACE] [FML]:   Registry: 2266 minecraft:record_11 net.minecraft.item.ItemRecord@4990b335
[17:44:32] [Server thread/TRACE] [FML]:   Registry: 2267 minecraft:record_wait net.minecraft.item.ItemRecord@624d778e
[17:44:32] [Server thread/TRACE] [FML]:   Registry: 4096 appliedenergistics2:quartz_ore appeng.block.AEBaseItemBlock@4946dd4e
[17:44:32] [Server thread/TRACE] [FML]:   Registry: 4097 appliedenergistics2:charged_quartz_ore appeng.block.AEBaseItemBlock@230e2893
[17:44:32] [Server thread/TRACE] [FML]:   Registry: 4098 appliedenergistics2:matrix_frame appeng.block.AEBaseItemBlock@59f57462
[17:44:32] [Server thread/TRACE] [FML]:   Registry: 4099 appliedenergistics2:quartz_block appeng.block.AEBaseItemBlock@121a1a75
[17:44:32] [Server thread/TRACE] [FML]:   Registry: 4100 appliedenergistics2:quartz_pillar appeng.block.AEBaseItemBlock@6dc909d5
[17:44:32] [Server thread/TRACE] [FML]:   Registry: 4101 appliedenergistics2:chiseled_quartz_block appeng.block.AEBaseItemBlock@3f51ee4f
[17:44:32] [Server thread/TRACE] [FML]:   Registry: 4102 appliedenergistics2:quartz_glass appeng.block.AEBaseItemBlock@4d75dba3
[17:44:32] [Server thread/TRACE] [FML]:   Registry: 4103 appliedenergistics2:quartz_vibrant_glass appeng.block.AEBaseItemBlock@ffea9ca
[17:44:32] [Server thread/TRACE] [FML]:   Registry: 4104 appliedenergistics2:quartz_fixture appeng.block.AEBaseItemBlock@2adc8e41
[17:44:32] [Server thread/TRACE] [FML]:   Registry: 4105 appliedenergistics2:fluix_block appeng.block.AEBaseItemBlock@1a4f2ec3
[17:44:32] [Server thread/TRACE] [FML]:   Registry: 4106 appliedenergistics2:sky_stone_block appeng.block.AEBaseItemBlock@790446ea
[17:44:32] [Server thread/TRACE] [FML]:   Registry: 4107 appliedenergistics2:smooth_sky_stone_block appeng.block.AEBaseItemBlock@34e10f9
[17:44:32] [Server thread/TRACE] [FML]:   Registry: 4108 appliedenergistics2:sky_stone_brick appeng.block.AEBaseItemBlock@4dae3857
[17:44:32] [Server thread/TRACE] [FML]:   Registry: 4109 appliedenergistics2:sky_stone_small_brick appeng.block.AEBaseItemBlock@2ef43e17
[17:44:32] [Server thread/TRACE] [FML]:   Registry: 4110 appliedenergistics2:sky_stone_chest appeng.block.AEBaseItemBlock@751c1e35
[17:44:32] [Server thread/TRACE] [FML]:   Registry: 4111 appliedenergistics2:smooth_sky_stone_chest appeng.block.AEBaseItemBlock@6a611b7
[17:44:32] [Server thread/TRACE] [FML]:   Registry: 4112 appliedenergistics2:sky_compass appeng.block.AEBaseItemBlock@3af6edb4
[17:44:32] [Server thread/TRACE] [FML]:   Registry: 4113 appliedenergistics2:grindstone appeng.block.AEBaseItemBlock@357d787b
[17:44:32] [Server thread/TRACE] [FML]:   Registry: 4114 appliedenergistics2:crank appeng.block.AEBaseItemBlock@20852557
[17:44:32] [Server thread/TRACE] [FML]:   Registry: 4115 appliedenergistics2:inscriber appeng.block.AEBaseItemBlock@1618a359
[17:44:32] [Server thread/TRACE] [FML]:   Registry: 4116 appliedenergistics2:wireless_access_point appeng.block.AEBaseItemBlock@1b8e6763
[17:44:32] [Server thread/TRACE] [FML]:   Registry: 4117 appliedenergistics2:charger appeng.block.AEBaseItemBlock@45ee6ac9
[17:44:32] [Server thread/TRACE] [FML]:   Registry: 4118 appliedenergistics2:tiny_tnt appeng.block.AEBaseItemBlock@34bd5a51
[17:44:32] [Server thread/TRACE] [FML]:   Registry: 4119 appliedenergistics2:security_station appeng.block.AEBaseItemBlock@4c4850be
[17:44:32] [Server thread/TRACE] [FML]:   Registry: 4120 appliedenergistics2:quantum_ring appeng.block.AEBaseItemBlock@1f193005
[17:44:32] [Server thread/TRACE] [FML]:   Registry: 4121 appliedenergistics2:quantum_link appeng.block.AEBaseItemBlock@7744f9fa
[17:44:32] [Server thread/TRACE] [FML]:   Registry: 4122 appliedenergistics2:spatial_pylon appeng.block.AEBaseItemBlock@41ca7df9
[17:44:32] [Server thread/TRACE] [FML]:   Registry: 4123 appliedenergistics2:spatial_io_port appeng.block.AEBaseItemBlock@4f0908de
[17:44:32] [Server thread/TRACE] [FML]:   Registry: 4124 appliedenergistics2:controller appeng.block.AEBaseItemBlock@19469022
[17:44:32] [Server thread/TRACE] [FML]:   Registry: 4125 appliedenergistics2:drive appeng.block.AEBaseItemBlock@491d31d9
[17:44:32] [Server thread/TRACE] [FML]:   Registry: 4126 appliedenergistics2:chest appeng.block.AEBaseItemBlock@5baab8b6
[17:44:32] [Server thread/TRACE] [FML]:   Registry: 4127 appliedenergistics2:interface appeng.block.AEBaseItemBlock@5c6204e5
[17:44:32] [Server thread/TRACE] [FML]:   Registry: 4128 appliedenergistics2:fluid_interface appeng.block.AEBaseItemBlock@718858cb
[17:44:32] [Server thread/TRACE] [FML]:   Registry: 4129 appliedenergistics2:cell_workbench appeng.block.AEBaseItemBlock@513b2cda
[17:44:32] [Server thread/TRACE] [FML]:   Registry: 4130 appliedenergistics2:io_port appeng.block.AEBaseItemBlock@5f5a5143
[17:44:32] [Server thread/TRACE] [FML]:   Registry: 4131 appliedenergistics2:condenser appeng.block.AEBaseItemBlock@13d32361
[17:44:32] [Server thread/TRACE] [FML]:   Registry: 4132 appliedenergistics2:energy_acceptor appeng.block.AEBaseItemBlock@202e6fd0
[17:44:32] [Server thread/TRACE] [FML]:   Registry: 4133 appliedenergistics2:vibration_chamber appeng.block.AEBaseItemBlock@287bdaf3
[17:44:32] [Server thread/TRACE] [FML]:   Registry: 4134 appliedenergistics2:quartz_growth_accelerator appeng.block.AEBaseItemBlock@25a656f6
[17:44:32] [Server thread/TRACE] [FML]:   Registry: 4135 appliedenergistics2:energy_cell appeng.block.AEBaseItemBlockChargeable@2fe4a108
[17:44:32] [Server thread/TRACE] [FML]:   Registry: 4136 appliedenergistics2:dense_energy_cell appeng.block.AEBaseItemBlockChargeable@7c671bcb
[17:44:32] [Server thread/TRACE] [FML]:   Registry: 4137 appliedenergistics2:creative_energy_cell appeng.block.AEBaseItemBlock@abdeaf6
[17:44:32] [Server thread/TRACE] [FML]:   Registry: 4138 appliedenergistics2:crafting_unit appeng.block.AEBaseItemBlock@1d3b0cb1
[17:44:32] [Server thread/TRACE] [FML]:   Registry: 4139 appliedenergistics2:crafting_accelerator appeng.block.AEBaseItemBlock@17dd02ff
[17:44:32] [Server thread/TRACE] [FML]:   Registry: 4140 appliedenergistics2:crafting_storage_1k appeng.block.crafting.ItemCraftingStorage@53a0fa8c
[17:44:32] [Server thread/TRACE] [FML]:   Registry: 4141 appliedenergistics2:crafting_storage_4k appeng.block.crafting.ItemCraftingStorage@362f5054
[17:44:32] [Server thread/TRACE] [FML]:   Registry: 4142 appliedenergistics2:crafting_storage_16k appeng.block.crafting.ItemCraftingStorage@73b49ca4
[17:44:32] [Server thread/TRACE] [FML]:   Registry: 4143 appliedenergistics2:crafting_storage_64k appeng.block.crafting.ItemCraftingStorage@c81a2d7
[17:44:32] [Server thread/TRACE] [FML]:   Registry: 4144 appliedenergistics2:crafting_monitor appeng.block.AEBaseItemBlock@58215d51
[17:44:32] [Server thread/TRACE] [FML]:   Registry: 4145 appliedenergistics2:molecular_assembler appeng.block.AEBaseItemBlock@14400bf1
[17:44:32] [Server thread/TRACE] [FML]:   Registry: 4146 appliedenergistics2:light_detector appeng.block.AEBaseItemBlock@43c6f461
[17:44:32] [Server thread/TRACE] [FML]:   Registry: 4147 appliedenergistics2:paint appeng.block.AEBaseItemBlock@42d071d4
[17:44:32] [Server thread/TRACE] [FML]:   Registry: 4148 appliedenergistics2:sky_stone_stairs net.minecraft.item.ItemBlock@1049770a
[17:44:32] [Server thread/TRACE] [FML]:   Registry: 4149 appliedenergistics2:smooth_sky_stone_stairs net.minecraft.item.ItemBlock@4c2f971
[17:44:32] [Server thread/TRACE] [FML]:   Registry: 4150 appliedenergistics2:sky_stone_brick_stairs net.minecraft.item.ItemBlock@70d36074
[17:44:32] [Server thread/TRACE] [FML]:   Registry: 4151 appliedenergistics2:sky_stone_small_brick_stairs net.minecraft.item.ItemBlock@31cce16b
[17:44:32] [Server thread/TRACE] [FML]:   Registry: 4152 appliedenergistics2:fluix_stairs net.minecraft.item.ItemBlock@6ae6317f
[17:44:32] [Server thread/TRACE] [FML]:   Registry: 4153 appliedenergistics2:quartz_stairs net.minecraft.item.ItemBlock@79fc5423
[17:44:32] [Server thread/TRACE] [FML]:   Registry: 4154 appliedenergistics2:chiseled_quartz_stairs net.minecraft.item.ItemBlock@12c75ba8
[17:44:32] [Server thread/TRACE] [FML]:   Registry: 4155 appliedenergistics2:quartz_pillar_stairs net.minecraft.item.ItemBlock@44562722
[17:44:32] [Server thread/TRACE] [FML]:   Registry: 4156 appliedenergistics2:cable_bus appeng.block.AEBaseItemBlock@1fe08b1e
[17:44:32] [Server thread/TRACE] [FML]:   Registry: 4157 appliedenergistics2:sky_stone_slab net.minecraft.item.ItemSlab@4a6898d
[17:44:32] [Server thread/TRACE] [FML]:   Registry: 4158 appliedenergistics2:smooth_sky_stone_slab net.minecraft.item.ItemSlab@2c9498aa
[17:44:32] [Server thread/TRACE] [FML]:   Registry: 4159 appliedenergistics2:sky_stone_brick_slab net.minecraft.item.ItemSlab@590ed52d
[17:44:32] [Server thread/TRACE] [FML]:   Registry: 4160 appliedenergistics2:sky_stone_small_brick_slab net.minecraft.item.ItemSlab@422d1d69
[17:44:32] [Server thread/TRACE] [FML]:   Registry: 4161 appliedenergistics2:fluix_slab net.minecraft.item.ItemSlab@72770e40
[17:44:32] [Server thread/TRACE] [FML]:   Registry: 4162 appliedenergistics2:quartz_slab net.minecraft.item.ItemSlab@7a2e996c
[17:44:32] [Server thread/TRACE] [FML]:   Registry: 4163 appliedenergistics2:chiseled_quartz_slab net.minecraft.item.ItemSlab@55a68cb9
[17:44:32] [Server thread/TRACE] [FML]:   Registry: 4164 appliedenergistics2:quartz_pillar_slab net.minecraft.item.ItemSlab@7fca1531
[17:44:32] [Server thread/TRACE] [FML]:   Registry: 4165 appliedenergistics2:certus_quartz_axe appeng.items.tools.quartz.ToolQuartzAxe@35050186
[17:44:32] [Server thread/TRACE] [FML]:   Registry: 4166 appliedenergistics2:certus_quartz_hoe appeng.items.tools.quartz.ToolQuartzHoe@3bee1bb3
[17:44:32] [Server thread/TRACE] [FML]:   Registry: 4167 appliedenergistics2:certus_quartz_spade appeng.items.tools.quartz.ToolQuartzSpade@5a4c9b33
[17:44:32] [Server thread/TRACE] [FML]:   Registry: 4168 appliedenergistics2:certus_quartz_pickaxe appeng.items.tools.quartz.ToolQuartzPickaxe@75806ed6
[17:44:32] [Server thread/TRACE] [FML]:   Registry: 4169 appliedenergistics2:certus_quartz_sword appeng.items.tools.quartz.ToolQuartzSword@689448d1
[17:44:32] [Server thread/TRACE] [FML]:   Registry: 4170 appliedenergistics2:certus_quartz_wrench ToolQuartzWrench[certus_quartz_wrench]
[17:44:32] [Server thread/TRACE] [FML]:   Registry: 4171 appliedenergistics2:certus_quartz_cutting_knife ToolQuartzCuttingKnife[certus_quartz_cutting_knife]
[17:44:32] [Server thread/TRACE] [FML]:   Registry: 4172 appliedenergistics2:nether_quartz_axe appeng.items.tools.quartz.ToolQuartzAxe@6b475c1e
[17:44:32] [Server thread/TRACE] [FML]:   Registry: 4173 appliedenergistics2:nether_quartz_hoe appeng.items.tools.quartz.ToolQuartzHoe@21df4367
[17:44:32] [Server thread/TRACE] [FML]:   Registry: 4174 appliedenergistics2:nether_quartz_spade appeng.items.tools.quartz.ToolQuartzSpade@65d8f9d2
[17:44:32] [Server thread/TRACE] [FML]:   Registry: 4175 appliedenergistics2:nether_quartz_pickaxe appeng.items.tools.quartz.ToolQuartzPickaxe@43040840
[17:44:32] [Server thread/TRACE] [FML]:   Registry: 4176 appliedenergistics2:nether_quartz_sword appeng.items.tools.quartz.ToolQuartzSword@12f20b92
[17:44:32] [Server thread/TRACE] [FML]:   Registry: 4177 appliedenergistics2:nether_quartz_wrench ToolQuartzWrench[nether_quartz_wrench]
[17:44:32] [Server thread/TRACE] [FML]:   Registry: 4178 appliedenergistics2:nether_quartz_cutting_knife ToolQuartzCuttingKnife[nether_quartz_cutting_knife]
[17:44:32] [Server thread/TRACE] [FML]:   Registry: 4179 appliedenergistics2:entropy_manipulator ToolEntropyManipulator[entropy_manipulator]
[17:44:32] [Server thread/TRACE] [FML]:   Registry: 4180 appliedenergistics2:wireless_terminal ToolWirelessTerminal[wireless_terminal]
[17:44:32] [Server thread/TRACE] [FML]:   Registry: 4181 appliedenergistics2:wireless_crafting_terminal ToolWirelessCraftingTerminal[wireless_crafting_terminal]
[17:44:32] [Server thread/TRACE] [FML]:   Registry: 4182 appliedenergistics2:wireless_pattern_terminal ToolWirelessPatternTerminal[wireless_pattern_terminal]
[17:44:32] [Server thread/TRACE] [FML]:   Registry: 4183 appliedenergistics2:wireless_fluid_terminal ToolWirelessFluidTerminal[wireless_fluid_terminal]
[17:44:32] [Server thread/TRACE] [FML]:   Registry: 4184 appliedenergistics2:wireless_interface_terminal ToolWirelessInterfaceTerminal[wireless_interface_terminal]
[17:44:32] [Server thread/TRACE] [FML]:   Registry: 4185 appliedenergistics2:charged_staff ToolChargedStaff[charged_staff]
[17:44:32] [Server thread/TRACE] [FML]:   Registry: 4186 appliedenergistics2:matter_cannon ToolMatterCannon[matter_cannon]
[17:44:32] [Server thread/TRACE] [FML]:   Registry: 4187 appliedenergistics2:portable_cell ToolPortableCell[portable_cell]
[17:44:32] [Server thread/TRACE] [FML]:   Registry: 4188 appliedenergistics2:color_applicator ToolColorApplicator[color_applicator]
[17:44:32] [Server thread/TRACE] [FML]:   Registry: 4189 appliedenergistics2:biometric_card ToolBiometricCard[biometric_card]
[17:44:32] [Server thread/TRACE] [FML]:   Registry: 4190 appliedenergistics2:memory_card ToolMemoryCard[memory_card]
[17:44:32] [Server thread/TRACE] [FML]:   Registry: 4191 appliedenergistics2:network_tool ToolNetworkTool[network_tool]
[17:44:32] [Server thread/TRACE] [FML]:   Registry: 4192 appliedenergistics2:creative_storage_cell ItemCreativeStorageCell[creative_storage_cell]
[17:44:32] [Server thread/TRACE] [FML]:   Registry: 4193 appliedenergistics2:view_cell ItemViewCell[view_cell]
[17:44:32] [Server thread/TRACE] [FML]:   Registry: 4194 appliedenergistics2:storage_cell_1k BasicItemStorageCell[storage_cell_1k]
[17:44:32] [Server thread/TRACE] [FML]:   Registry: 4195 appliedenergistics2:storage_cell_4k BasicItemStorageCell[storage_cell_4k]
[17:44:32] [Server thread/TRACE] [FML]:   Registry: 4196 appliedenergistics2:storage_cell_16k BasicItemStorageCell[storage_cell_16k]
[17:44:32] [Server thread/TRACE] [FML]:   Registry: 4197 appliedenergistics2:storage_cell_64k BasicItemStorageCell[storage_cell_64k]
[17:44:32] [Server thread/TRACE] [FML]:   Registry: 4198 appliedenergistics2:fluid_storage_cell_1k BasicFluidStorageCell[fluid_storage_cell_1k]
[17:44:32] [Server thread/TRACE] [FML]:   Registry: 4199 appliedenergistics2:fluid_storage_cell_4k BasicFluidStorageCell[fluid_storage_cell_4k]
[17:44:32] [Server thread/TRACE] [FML]:   Registry: 4200 appliedenergistics2:fluid_storage_cell_16k BasicFluidStorageCell[fluid_storage_cell_16k]
[17:44:32] [Server thread/TRACE] [FML]:   Registry: 4201 appliedenergistics2:fluid_storage_cell_64k BasicFluidStorageCell[fluid_storage_cell_64k]
[17:44:32] [Server thread/TRACE] [FML]:   Registry: 4202 appliedenergistics2:spatial_storage_cell_2_cubed ItemSpatialStorageCell[spatial_storage_cell_2_cubed]
[17:44:32] [Server thread/TRACE] [FML]:   Registry: 4203 appliedenergistics2:spatial_storage_cell_16_cubed ItemSpatialStorageCell[spatial_storage_cell_16_cubed]
[17:44:32] [Server thread/TRACE] [FML]:   Registry: 4204 appliedenergistics2:spatial_storage_cell_128_cubed ItemSpatialStorageCell[spatial_storage_cell_128_cubed]
[17:44:32] [Server thread/TRACE] [FML]:   Registry: 4205 appliedenergistics2:facade ItemFacade[facade]
[17:44:32] [Server thread/TRACE] [FML]:   Registry: 4206 appliedenergistics2:crystal_seed ItemCrystalSeed[crystal_seed]
[17:44:32] [Server thread/TRACE] [FML]:   Registry: 4207 appliedenergistics2:encoded_pattern ItemEncodedPattern[encoded_pattern]
[17:44:32] [Server thread/TRACE] [FML]:   Registry: 4208 appliedenergistics2:paint_ball ItemPaintBall[paint_ball]
[17:44:32] [Server thread/TRACE] [FML]:   Registry: 4209 appliedenergistics2:dummy_fluid_item FluidDummyItem[dummy_fluid_item]
[17:44:32] [Server thread/TRACE] [FML]:   Registry: 4210 appliedenergistics2:material ItemMaterial[material]
[17:44:32] [Server thread/TRACE] [FML]:   Registry: 4211 appliedenergistics2:part ItemPart[part]
[17:44:32] [Server thread/TRACE] [FML]: Registry Name : minecraft:potions
[17:44:32] [Server thread/TRACE] [FML]:   Registry: 1 minecraft:speed net.minecraft.potion.Potion@6d9428f3
[17:44:32] [Server thread/TRACE] [FML]:   Registry: 2 minecraft:slowness net.minecraft.potion.Potion@4ac19bc6
[17:44:32] [Server thread/TRACE] [FML]:   Registry: 3 minecraft:haste net.minecraft.potion.Potion@2a075e70
[17:44:32] [Server thread/TRACE] [FML]:   Registry: 4 minecraft:mining_fatigue net.minecraft.potion.Potion@492c9892
[17:44:32] [Server thread/TRACE] [FML]:   Registry: 5 minecraft:strength net.minecraft.potion.PotionAttackDamage@6475e778
[17:44:32] [Server thread/TRACE] [FML]:   Registry: 6 minecraft:instant_health net.minecraft.potion.PotionHealth@356fa0d1
[17:44:32] [Server thread/TRACE] [FML]:   Registry: 7 minecraft:instant_damage net.minecraft.potion.PotionHealth@51508029
[17:44:32] [Server thread/TRACE] [FML]:   Registry: 8 minecraft:jump_boost net.minecraft.potion.Potion@5f20b6fe
[17:44:32] [Server thread/TRACE] [FML]:   Registry: 9 minecraft:nausea net.minecraft.potion.Potion@31880efa
[17:44:32] [Server thread/TRACE] [FML]:   Registry: 10 minecraft:regeneration net.minecraft.potion.Potion@79295932
[17:44:32] [Server thread/TRACE] [FML]:   Registry: 11 minecraft:resistance net.minecraft.potion.Potion@2cadcff6
[17:44:32] [Server thread/TRACE] [FML]:   Registry: 12 minecraft:fire_resistance net.minecraft.potion.Potion@76e00bdb
[17:44:32] [Server thread/TRACE] [FML]:   Registry: 13 minecraft:water_breathing net.minecraft.potion.Potion@7ee2423
[17:44:32] [Server thread/TRACE] [FML]:   Registry: 14 minecraft:invisibility net.minecraft.potion.Potion@343d1d25
[17:44:32] [Server thread/TRACE] [FML]:   Registry: 15 minecraft:blindness net.minecraft.potion.Potion@762da62b
[17:44:32] [Server thread/TRACE] [FML]:   Registry: 16 minecraft:night_vision net.minecraft.potion.Potion@e5c5e6
[17:44:32] [Server thread/TRACE] [FML]:   Registry: 17 minecraft:hunger net.minecraft.potion.Potion@76dc36e5
[17:44:32] [Server thread/TRACE] [FML]:   Registry: 18 minecraft:weakness net.minecraft.potion.PotionAttackDamage@2a54c92e
[17:44:32] [Server thread/TRACE] [FML]:   Registry: 19 minecraft:poison net.minecraft.potion.Potion@31533eb1
[17:44:32] [Server thread/TRACE] [FML]:   Registry: 20 minecraft:wither net.minecraft.potion.Potion@1fb71788
[17:44:32] [Server thread/TRACE] [FML]:   Registry: 21 minecraft:health_boost net.minecraft.potion.PotionHealthBoost@58ec8271
[17:44:32] [Server thread/TRACE] [FML]:   Registry: 22 minecraft:absorption net.minecraft.potion.PotionAbsorption@5eb2972f
[17:44:32] [Server thread/TRACE] [FML]:   Registry: 23 minecraft:saturation net.minecraft.potion.PotionHealth@29699283
[17:44:32] [Server thread/TRACE] [FML]:   Registry: 24 minecraft:glowing net.minecraft.potion.Potion@5d32c1c7
[17:44:32] [Server thread/TRACE] [FML]:   Registry: 25 minecraft:levitation net.minecraft.potion.Potion@a6dffdb
[17:44:32] [Server thread/TRACE] [FML]:   Registry: 26 minecraft:luck net.minecraft.potion.Potion@40ac0a56
[17:44:32] [Server thread/TRACE] [FML]:   Registry: 27 minecraft:unluck net.minecraft.potion.Potion@25b4754a
[17:44:32] [Server thread/TRACE] [FML]: Registry Name : minecraft:biomes
[17:44:32] [Server thread/TRACE] [FML]:   Registry: 0 minecraft:ocean net.minecraft.world.biome.BiomeOcean@3dee3a6c
[17:44:32] [Server thread/TRACE] [FML]:   Registry: 1 minecraft:plains net.minecraft.world.biome.BiomePlains@6109d880
[17:44:32] [Server thread/TRACE] [FML]:   Registry: 2 minecraft:desert net.minecraft.world.biome.BiomeDesert@6f976c
[17:44:32] [Server thread/TRACE] [FML]:   Registry: 3 minecraft:extreme_hills net.minecraft.world.biome.BiomeHills@14fff5e7
[17:44:32] [Server thread/TRACE] [FML]:   Registry: 4 minecraft:forest net.minecraft.world.biome.BiomeForest@8f09a02
[17:44:32] [Server thread/TRACE] [FML]:   Registry: 5 minecraft:taiga net.minecraft.world.biome.BiomeTaiga@6942ee48
[17:44:32] [Server thread/TRACE] [FML]:   Registry: 6 minecraft:swampland net.minecraft.world.biome.BiomeSwamp@6abd8bcd
[17:44:32] [Server thread/TRACE] [FML]:   Registry: 7 minecraft:river net.minecraft.world.biome.BiomeRiver@79424f25
[17:44:32] [Server thread/TRACE] [FML]:   Registry: 8 minecraft:hell net.minecraft.world.biome.BiomeHell@2b1a1a37
[17:44:32] [Server thread/TRACE] [FML]:   Registry: 9 minecraft:sky net.minecraft.world.biome.BiomeEnd@7131d668
[17:44:32] [Server thread/TRACE] [FML]:   Registry: 10 minecraft:frozen_ocean net.minecraft.world.biome.BiomeOcean@46a97805
[17:44:32] [Server thread/TRACE] [FML]:   Registry: 11 minecraft:frozen_river net.minecraft.world.biome.BiomeRiver@667dd150
[17:44:32] [Server thread/TRACE] [FML]:   Registry: 12 minecraft:ice_flats net.minecraft.world.biome.BiomeSnow@1293f8d7
[17:44:32] [Server thread/TRACE] [FML]:   Registry: 13 minecraft:ice_mountains net.minecraft.world.biome.BiomeSnow@58e5fbe5
[17:44:32] [Server thread/TRACE] [FML]:   Registry: 14 minecraft:mushroom_island net.minecraft.world.biome.BiomeMushroomIsland@6b33892a
[17:44:32] [Server thread/TRACE] [FML]:   Registry: 15 minecraft:mushroom_island_shore net.minecraft.world.biome.BiomeMushroomIsland@666b91db
[17:44:32] [Server thread/TRACE] [FML]:   Registry: 16 minecraft:beaches net.minecraft.world.biome.BiomeBeach@663cf5d7
[17:44:32] [Server thread/TRACE] [FML]:   Registry: 17 minecraft:desert_hills net.minecraft.world.biome.BiomeDesert@11b14ae3
[17:44:32] [Server thread/TRACE] [FML]:   Registry: 18 minecraft:forest_hills net.minecraft.world.biome.BiomeForest@2b6ee447
[17:44:32] [Server thread/TRACE] [FML]:   Registry: 19 minecraft:taiga_hills net.minecraft.world.biome.BiomeTaiga@9cb927e
[17:44:32] [Server thread/TRACE] [FML]:   Registry: 20 minecraft:smaller_extreme_hills net.minecraft.world.biome.BiomeHills@8585cdd
[17:44:32] [Server thread/TRACE] [FML]:   Registry: 21 minecraft:jungle net.minecraft.world.biome.BiomeJungle@6c9e74f3
[17:44:32] [Server thread/TRACE] [FML]:   Registry: 22 minecraft:jungle_hills net.minecraft.world.biome.BiomeJungle@813ab53
[17:44:32] [Server thread/TRACE] [FML]:   Registry: 23 minecraft:jungle_edge net.minecraft.world.biome.BiomeJungle@5030997b
[17:44:32] [Server thread/TRACE] [FML]:   Registry: 24 minecraft:deep_ocean net.minecraft.world.biome.BiomeOcean@62c47480
[17:44:32] [Server thread/TRACE] [FML]:   Registry: 25 minecraft:stone_beach net.minecraft.world.biome.BiomeStoneBeach@683ed81b
[17:44:32] [Server thread/TRACE] [FML]:   Registry: 26 minecraft:cold_beach net.minecraft.world.biome.BiomeBeach@3c116f26
[17:44:32] [Server thread/TRACE] [FML]:   Registry: 27 minecraft:birch_forest net.minecraft.world.biome.BiomeForest@7db06c50
[17:44:32] [Server thread/TRACE] [FML]:   Registry: 28 minecraft:birch_forest_hills net.minecraft.world.biome.BiomeForest@1554eaa4
[17:44:32] [Server thread/TRACE] [FML]:   Registry: 29 minecraft:roofed_forest net.minecraft.world.biome.BiomeForest@b340615
[17:44:32] [Server thread/TRACE] [FML]:   Registry: 30 minecraft:taiga_cold net.minecraft.world.biome.BiomeTaiga@3c6b300a
[17:44:32] [Server thread/TRACE] [FML]:   Registry: 31 minecraft:taiga_cold_hills net.minecraft.world.biome.BiomeTaiga@4247093b
[17:44:32] [Server thread/TRACE] [FML]:   Registry: 32 minecraft:redwood_taiga net.minecraft.world.biome.BiomeTaiga@7074da1d
[17:44:32] [Server thread/TRACE] [FML]:   Registry: 33 minecraft:redwood_taiga_hills net.minecraft.world.biome.BiomeTaiga@5bdb6ea8
[17:44:32] [Server thread/TRACE] [FML]:   Registry: 34 minecraft:extreme_hills_with_trees net.minecraft.world.biome.BiomeHills@3e55eeb9
[17:44:32] [Server thread/TRACE] [FML]:   Registry: 35 minecraft:savanna net.minecraft.world.biome.BiomeSavanna@1253b822
[17:44:32] [Server thread/TRACE] [FML]:   Registry: 36 minecraft:savanna_rock net.minecraft.world.biome.BiomeSavanna@127d2aee
[17:44:32] [Server thread/TRACE] [FML]:   Registry: 37 minecraft:mesa net.minecraft.world.biome.BiomeMesa@5807ea46
[17:44:32] [Server thread/TRACE] [FML]:   Registry: 38 minecraft:mesa_rock net.minecraft.world.biome.BiomeMesa@305289b3
[17:44:32] [Server thread/TRACE] [FML]:   Registry: 39 minecraft:mesa_clear_rock net.minecraft.world.biome.BiomeMesa@3ee68377
[17:44:32] [Server thread/TRACE] [FML]:   Registry: 40 appliedenergistics2:storage_biome appeng.spatial.BiomeGenStorage@2d252298
[17:44:32] [Server thread/TRACE] [FML]:   Registry: 127 minecraft:void net.minecraft.world.biome.BiomeVoid@776d8097
[17:44:32] [Server thread/TRACE] [FML]:   Registry: 129 minecraft:mutated_plains net.minecraft.world.biome.BiomePlains@7a34505a
[17:44:32] [Server thread/TRACE] [FML]:   Registry: 130 minecraft:mutated_desert net.minecraft.world.biome.BiomeDesert@b787274
[17:44:32] [Server thread/TRACE] [FML]:   Registry: 131 minecraft:mutated_extreme_hills net.minecraft.world.biome.BiomeHills@4ec616d6
[17:44:32] [Server thread/TRACE] [FML]:   Registry: 132 minecraft:mutated_forest net.minecraft.world.biome.BiomeForest@55b45ea1
[17:44:32] [Server thread/TRACE] [FML]:   Registry: 133 minecraft:mutated_taiga net.minecraft.world.biome.BiomeTaiga@d5a72cd
[17:44:32] [Server thread/TRACE] [FML]:   Registry: 134 minecraft:mutated_swampland net.minecraft.world.biome.BiomeSwamp@45f95ac0
[17:44:32] [Server thread/TRACE] [FML]:   Registry: 140 minecraft:mutated_ice_flats net.minecraft.world.biome.BiomeSnow@3b77940f
[17:44:32] [Server thread/TRACE] [FML]:   Registry: 149 minecraft:mutated_jungle net.minecraft.world.biome.BiomeJungle@4c418496
[17:44:32] [Server thread/TRACE] [FML]:   Registry: 151 minecraft:mutated_jungle_edge net.minecraft.world.biome.BiomeJungle@12d35bc9
[17:44:32] [Server thread/TRACE] [FML]:   Registry: 155 minecraft:mutated_birch_forest net.minecraft.world.biome.BiomeForestMutated@1aa31454
[17:44:32] [Server thread/TRACE] [FML]:   Registry: 156 minecraft:mutated_birch_forest_hills net.minecraft.world.biome.BiomeForestMutated@5a8656a2
[17:44:32] [Server thread/TRACE] [FML]:   Registry: 157 minecraft:mutated_roofed_forest net.minecraft.world.biome.BiomeForest@52035328
[17:44:32] [Server thread/TRACE] [FML]:   Registry: 158 minecraft:mutated_taiga_cold net.minecraft.world.biome.BiomeTaiga@5614ae05
[17:44:32] [Server thread/TRACE] [FML]:   Registry: 160 minecraft:mutated_redwood_taiga net.minecraft.world.biome.BiomeTaiga@54970127
[17:44:32] [Server thread/TRACE] [FML]:   Registry: 161 minecraft:mutated_redwood_taiga_hills net.minecraft.world.biome.BiomeTaiga@3c4c7e51
[17:44:32] [Server thread/TRACE] [FML]:   Registry: 162 minecraft:mutated_extreme_hills_with_trees net.minecraft.world.biome.BiomeHills@749ee0e3
[17:44:32] [Server thread/TRACE] [FML]:   Registry: 163 minecraft:mutated_savanna net.minecraft.world.biome.BiomeSavannaMutated@6bfbab1c
[17:44:32] [Server thread/TRACE] [FML]:   Registry: 164 minecraft:mutated_savanna_rock net.minecraft.world.biome.BiomeSavannaMutated@349aeec4
[17:44:32] [Server thread/TRACE] [FML]:   Registry: 165 minecraft:mutated_mesa net.minecraft.world.biome.BiomeMesa@3700994c
[17:44:32] [Server thread/TRACE] [FML]:   Registry: 166 minecraft:mutated_mesa_rock net.minecraft.world.biome.BiomeMesa@78a165db
[17:44:32] [Server thread/TRACE] [FML]:   Registry: 167 minecraft:mutated_mesa_clear_rock net.minecraft.world.biome.BiomeMesa@4eb48298
[17:44:32] [Server thread/TRACE] [FML]: Registry Name : minecraft:soundevents
[17:44:32] [Server thread/TRACE] [FML]:   Registry: 0 minecraft:ambient.cave net.minecraft.util.SoundEvent@61514735
[17:44:32] [Server thread/TRACE] [FML]:   Registry: 1 minecraft:block.anvil.break net.minecraft.util.SoundEvent@28369db0
[17:44:32] [Server thread/TRACE] [FML]:   Registry: 2 minecraft:block.anvil.destroy net.minecraft.util.SoundEvent@30893e08
[17:44:32] [Server thread/TRACE] [FML]:   Registry: 3 minecraft:block.anvil.fall net.minecraft.util.SoundEvent@2e86807a
[17:44:32] [Server thread/TRACE] [FML]:   Registry: 4 minecraft:block.anvil.hit net.minecraft.util.SoundEvent@4548d254
[17:44:32] [Server thread/TRACE] [FML]:   Registry: 5 minecraft:block.anvil.land net.minecraft.util.SoundEvent@590f0c50
[17:44:32] [Server thread/TRACE] [FML]:   Registry: 6 minecraft:block.anvil.place net.minecraft.util.SoundEvent@208f0007
[17:44:32] [Server thread/TRACE] [FML]:   Registry: 7 minecraft:block.anvil.step net.minecraft.util.SoundEvent@3a90c13c
[17:44:32] [Server thread/TRACE] [FML]:   Registry: 8 minecraft:block.anvil.use net.minecraft.util.SoundEvent@39c96e48
[17:44:32] [Server thread/TRACE] [FML]:   Registry: 9 minecraft:block.brewing_stand.brew net.minecraft.util.SoundEvent@188598ad
[17:44:32] [Server thread/TRACE] [FML]:   Registry: 10 minecraft:block.chest.close net.minecraft.util.SoundEvent@40d23c82
[17:44:32] [Server thread/TRACE] [FML]:   Registry: 11 minecraft:block.chest.locked net.minecraft.util.SoundEvent@7cf78c85
[17:44:32] [Server thread/TRACE] [FML]:   Registry: 12 minecraft:block.chest.open net.minecraft.util.SoundEvent@ebe067d
[17:44:32] [Server thread/TRACE] [FML]:   Registry: 13 minecraft:block.chorus_flower.death net.minecraft.util.SoundEvent@3a4ab7f7
[17:44:32] [Server thread/TRACE] [FML]:   Registry: 14 minecraft:block.chorus_flower.grow net.minecraft.util.SoundEvent@6badba10
[17:44:32] [Server thread/TRACE] [FML]:   Registry: 15 minecraft:block.cloth.break net.minecraft.util.SoundEvent@2b7e8044
[17:44:32] [Server thread/TRACE] [FML]:   Registry: 16 minecraft:block.cloth.fall net.minecraft.util.SoundEvent@550de6b8
[17:44:32] [Server thread/TRACE] [FML]:   Registry: 17 minecraft:block.cloth.hit net.minecraft.util.SoundEvent@3a1706e1
[17:44:32] [Server thread/TRACE] [FML]:   Registry: 18 minecraft:block.cloth.place net.minecraft.util.SoundEvent@3c6c4689
[17:44:32] [Server thread/TRACE] [FML]:   Registry: 19 minecraft:block.cloth.step net.minecraft.util.SoundEvent@63cf9de0
[17:44:32] [Server thread/TRACE] [FML]:   Registry: 20 minecraft:block.comparator.click net.minecraft.util.SoundEvent@594d9f07
[17:44:32] [Server thread/TRACE] [FML]:   Registry: 21 minecraft:block.dispenser.dispense net.minecraft.util.SoundEvent@5befbac1
[17:44:32] [Server thread/TRACE] [FML]:   Registry: 22 minecraft:block.dispenser.fail net.minecraft.util.SoundEvent@5e9f73b
[17:44:32] [Server thread/TRACE] [FML]:   Registry: 23 minecraft:block.dispenser.launch net.minecraft.util.SoundEvent@1a565afb
[17:44:32] [Server thread/TRACE] [FML]:   Registry: 24 minecraft:block.enchantment_table.use net.minecraft.util.SoundEvent@2fd64b11
[17:44:32] [Server thread/TRACE] [FML]:   Registry: 25 minecraft:block.end_gateway.spawn net.minecraft.util.SoundEvent@949c598
[17:44:32] [Server thread/TRACE] [FML]:   Registry: 26 minecraft:block.end_portal.spawn net.minecraft.util.SoundEvent@43d3aba5
[17:44:32] [Server thread/TRACE] [FML]:   Registry: 27 minecraft:block.end_portal_frame.fill net.minecraft.util.SoundEvent@6bfaa0a6
[17:44:32] [Server thread/TRACE] [FML]:   Registry: 28 minecraft:block.enderchest.close net.minecraft.util.SoundEvent@76e9f00b
[17:44:32] [Server thread/TRACE] [FML]:   Registry: 29 minecraft:block.enderchest.open net.minecraft.util.SoundEvent@314b9e4b
[17:44:32] [Server thread/TRACE] [FML]:   Registry: 30 minecraft:block.fence_gate.close net.minecraft.util.SoundEvent@6f1b8544
[17:44:32] [Server thread/TRACE] [FML]:   Registry: 31 minecraft:block.fence_gate.open net.minecraft.util.SoundEvent@51dae791
[17:44:32] [Server thread/TRACE] [FML]:   Registry: 32 minecraft:block.fire.ambient net.minecraft.util.SoundEvent@688a2c09
[17:44:32] [Server thread/TRACE] [FML]:   Registry: 33 minecraft:block.fire.extinguish net.minecraft.util.SoundEvent@5de5e95
[17:44:32] [Server thread/TRACE] [FML]:   Registry: 34 minecraft:block.furnace.fire_crackle net.minecraft.util.SoundEvent@365cdacf
[17:44:32] [Server thread/TRACE] [FML]:   Registry: 35 minecraft:block.glass.break net.minecraft.util.SoundEvent@303c55fa
[17:44:32] [Server thread/TRACE] [FML]:   Registry: 36 minecraft:block.glass.fall net.minecraft.util.SoundEvent@9efcd90
[17:44:32] [Server thread/TRACE] [FML]:   Registry: 37 minecraft:block.glass.hit net.minecraft.util.SoundEvent@7eb200ce
[17:44:32] [Server thread/TRACE] [FML]:   Registry: 38 minecraft:block.glass.place net.minecraft.util.SoundEvent@2ee83775
[17:44:32] [Server thread/TRACE] [FML]:   Registry: 39 minecraft:block.glass.step net.minecraft.util.SoundEvent@7c2924d7
[17:44:32] [Server thread/TRACE] [FML]:   Registry: 40 minecraft:block.grass.break net.minecraft.util.SoundEvent@b5de58f
[17:44:32] [Server thread/TRACE] [FML]:   Registry: 41 minecraft:block.grass.fall net.minecraft.util.SoundEvent@6587305a
[17:44:32] [Server thread/TRACE] [FML]:   Registry: 42 minecraft:block.grass.hit net.minecraft.util.SoundEvent@abbe000
[17:44:32] [Server thread/TRACE] [FML]:   Registry: 43 minecraft:block.grass.place net.minecraft.util.SoundEvent@3f81621c
[17:44:32] [Server thread/TRACE] [FML]:   Registry: 44 minecraft:block.grass.step net.minecraft.util.SoundEvent@5b9499fe
[17:44:32] [Server thread/TRACE] [FML]:   Registry: 45 minecraft:block.gravel.break net.minecraft.util.SoundEvent@74d6736
[17:44:32] [Server thread/TRACE] [FML]:   Registry: 46 minecraft:block.gravel.fall net.minecraft.util.SoundEvent@52a33c3f
[17:44:32] [Server thread/TRACE] [FML]:   Registry: 47 minecraft:block.gravel.hit net.minecraft.util.SoundEvent@668625f5
[17:44:32] [Server thread/TRACE] [FML]:   Registry: 48 minecraft:block.gravel.place net.minecraft.util.SoundEvent@19a20bb2
[17:44:32] [Server thread/TRACE] [FML]:   Registry: 49 minecraft:block.gravel.step net.minecraft.util.SoundEvent@75babb67
[17:44:32] [Server thread/TRACE] [FML]:   Registry: 50 minecraft:block.iron_door.close net.minecraft.util.SoundEvent@3eb3232b
[17:44:32] [Server thread/TRACE] [FML]:   Registry: 51 minecraft:block.iron_door.open net.minecraft.util.SoundEvent@69cd1085
[17:44:32] [Server thread/TRACE] [FML]:   Registry: 52 minecraft:block.iron_trapdoor.close net.minecraft.util.SoundEvent@60bb7995
[17:44:32] [Server thread/TRACE] [FML]:   Registry: 53 minecraft:block.iron_trapdoor.open net.minecraft.util.SoundEvent@40fa8766
[17:44:32] [Server thread/TRACE] [FML]:   Registry: 54 minecraft:block.ladder.break net.minecraft.util.SoundEvent@67774e29
[17:44:32] [Server thread/TRACE] [FML]:   Registry: 55 minecraft:block.ladder.fall net.minecraft.util.SoundEvent@663f237a
[17:44:32] [Server thread/TRACE] [FML]:   Registry: 56 minecraft:block.ladder.hit net.minecraft.util.SoundEvent@5d7399f9
[17:44:32] [Server thread/TRACE] [FML]:   Registry: 57 minecraft:block.ladder.place net.minecraft.util.SoundEvent@49a6f486
[17:44:32] [Server thread/TRACE] [FML]:   Registry: 58 minecraft:block.ladder.step net.minecraft.util.SoundEvent@14fded9d
[17:44:32] [Server thread/TRACE] [FML]:   Registry: 59 minecraft:block.lava.ambient net.minecraft.util.SoundEvent@bc6288b
[17:44:32] [Server thread/TRACE] [FML]:   Registry: 60 minecraft:block.lava.extinguish net.minecraft.util.SoundEvent@4a3bd45b
[17:44:32] [Server thread/TRACE] [FML]:   Registry: 61 minecraft:block.lava.pop net.minecraft.util.SoundEvent@34c70b5e
[17:44:32] [Server thread/TRACE] [FML]:   Registry: 62 minecraft:block.lever.click net.minecraft.util.SoundEvent@4f2d995e
[17:44:32] [Server thread/TRACE] [FML]:   Registry: 63 minecraft:block.metal.break net.minecraft.util.SoundEvent@75156240
[17:44:32] [Server thread/TRACE] [FML]:   Registry: 64 minecraft:block.metal.fall net.minecraft.util.SoundEvent@6198e9b5
[17:44:32] [Server thread/TRACE] [FML]:   Registry: 65 minecraft:block.metal.hit net.minecraft.util.SoundEvent@6d099323
[17:44:32] [Server thread/TRACE] [FML]:   Registry: 66 minecraft:block.metal.place net.minecraft.util.SoundEvent@4ecd00b5
[17:44:32] [Server thread/TRACE] [FML]:   Registry: 67 minecraft:block.metal.step net.minecraft.util.SoundEvent@10947c4e
[17:44:32] [Server thread/TRACE] [FML]:   Registry: 68 minecraft:block.metal_pressureplate.click_off net.minecraft.util.SoundEvent@3667faa8
[17:44:32] [Server thread/TRACE] [FML]:   Registry: 69 minecraft:block.metal_pressureplate.click_on net.minecraft.util.SoundEvent@1756f7cc
[17:44:32] [Server thread/TRACE] [FML]:   Registry: 70 minecraft:block.note.basedrum net.minecraft.util.SoundEvent@3138953b
[17:44:32] [Server thread/TRACE] [FML]:   Registry: 71 minecraft:block.note.bass net.minecraft.util.SoundEvent@27df95e
[17:44:32] [Server thread/TRACE] [FML]:   Registry: 72 minecraft:block.note.bell net.minecraft.util.SoundEvent@b46e103
[17:44:32] [Server thread/TRACE] [FML]:   Registry: 73 minecraft:block.note.chime net.minecraft.util.SoundEvent@2b0e9f30
[17:44:32] [Server thread/TRACE] [FML]:   Registry: 74 minecraft:block.note.flute net.minecraft.util.SoundEvent@5eea5627
[17:44:32] [Server thread/TRACE] [FML]:   Registry: 75 minecraft:block.note.guitar net.minecraft.util.SoundEvent@3330f3ad
[17:44:32] [Server thread/TRACE] [FML]:   Registry: 76 minecraft:block.note.harp net.minecraft.util.SoundEvent@f425231
[17:44:32] [Server thread/TRACE] [FML]:   Registry: 77 minecraft:block.note.hat net.minecraft.util.SoundEvent@506aabf6
[17:44:32] [Server thread/TRACE] [FML]:   Registry: 78 minecraft:block.note.pling net.minecraft.util.SoundEvent@5cbd94b2
[17:44:32] [Server thread/TRACE] [FML]:   Registry: 79 minecraft:block.note.snare net.minecraft.util.SoundEvent@6824b913
[17:44:32] [Server thread/TRACE] [FML]:   Registry: 80 minecraft:block.note.xylophone net.minecraft.util.SoundEvent@756aadfc
[17:44:32] [Server thread/TRACE] [FML]:   Registry: 81 minecraft:block.piston.contract net.minecraft.util.SoundEvent@705a8dbc
[17:44:32] [Server thread/TRACE] [FML]:   Registry: 82 minecraft:block.piston.extend net.minecraft.util.SoundEvent@40729f01
[17:44:32] [Server thread/TRACE] [FML]:   Registry: 83 minecraft:block.portal.ambient net.minecraft.util.SoundEvent@d535a3d
[17:44:32] [Server thread/TRACE] [FML]:   Registry: 84 minecraft:block.portal.travel net.minecraft.util.SoundEvent@2d760326
[17:44:32] [Server thread/TRACE] [FML]:   Registry: 85 minecraft:block.portal.trigger net.minecraft.util.SoundEvent@9e54c59
[17:44:32] [Server thread/TRACE] [FML]:   Registry: 86 minecraft:block.redstone_torch.burnout net.minecraft.util.SoundEvent@5dbb50f3
[17:44:32] [Server thread/TRACE] [FML]:   Registry: 87 minecraft:block.sand.break net.minecraft.util.SoundEvent@4a2e7bcb
[17:44:32] [Server thread/TRACE] [FML]:   Registry: 88 minecraft:block.sand.fall net.minecraft.util.SoundEvent@575c3e9b
[17:44:32] [Server thread/TRACE] [FML]:   Registry: 89 minecraft:block.sand.hit net.minecraft.util.SoundEvent@74f827ad
[17:44:32] [Server thread/TRACE] [FML]:   Registry: 90 minecraft:block.sand.place net.minecraft.util.SoundEvent@73c3cd09
[17:44:32] [Server thread/TRACE] [FML]:   Registry: 91 minecraft:block.sand.step net.minecraft.util.SoundEvent@4a8a0099
[17:44:32] [Server thread/TRACE] [FML]:   Registry: 92 minecraft:block.shulker_box.close net.minecraft.util.SoundEvent@7c1447b5
[17:44:32] [Server thread/TRACE] [FML]:   Registry: 93 minecraft:block.shulker_box.open net.minecraft.util.SoundEvent@49e4c2d5
[17:44:32] [Server thread/TRACE] [FML]:   Registry: 94 minecraft:block.slime.break net.minecraft.util.SoundEvent@24a2e565
[17:44:32] [Server thread/TRACE] [FML]:   Registry: 95 minecraft:block.slime.fall net.minecraft.util.SoundEvent@3e36b7a0
[17:44:32] [Server thread/TRACE] [FML]:   Registry: 96 minecraft:block.slime.hit net.minecraft.util.SoundEvent@60c1663c
[17:44:32] [Server thread/TRACE] [FML]:   Registry: 97 minecraft:block.slime.place net.minecraft.util.SoundEvent@f5cf29b
[17:44:32] [Server thread/TRACE] [FML]:   Registry: 98 minecraft:block.slime.step net.minecraft.util.SoundEvent@3c66b7d8
[17:44:32] [Server thread/TRACE] [FML]:   Registry: 99 minecraft:block.snow.break net.minecraft.util.SoundEvent@37e69c43
[17:44:32] [Server thread/TRACE] [FML]:   Registry: 100 minecraft:block.snow.fall net.minecraft.util.SoundEvent@5c7dfc05
[17:44:32] [Server thread/TRACE] [FML]:   Registry: 101 minecraft:block.snow.hit net.minecraft.util.SoundEvent@345d053b
[17:44:32] [Server thread/TRACE] [FML]:   Registry: 102 minecraft:block.snow.place net.minecraft.util.SoundEvent@3d0cac1f
[17:44:32] [Server thread/TRACE] [FML]:   Registry: 103 minecraft:block.snow.step net.minecraft.util.SoundEvent@3e8b3b79
[17:44:32] [Server thread/TRACE] [FML]:   Registry: 104 minecraft:block.stone.break net.minecraft.util.SoundEvent@d257579
[17:44:32] [Server thread/TRACE] [FML]:   Registry: 105 minecraft:block.stone.fall net.minecraft.util.SoundEvent@518ddd3b
[17:44:32] [Server thread/TRACE] [FML]:   Registry: 106 minecraft:block.stone.hit net.minecraft.util.SoundEvent@939ff41
[17:44:32] [Server thread/TRACE] [FML]:   Registry: 107 minecraft:block.stone.place net.minecraft.util.SoundEvent@6e0e5dec
[17:44:32] [Server thread/TRACE] [FML]:   Registry: 108 minecraft:block.stone.step net.minecraft.util.SoundEvent@48a663e9
[17:44:32] [Server thread/TRACE] [FML]:   Registry: 109 minecraft:block.stone_button.click_off net.minecraft.util.SoundEvent@777d0bc3
[17:44:32] [Server thread/TRACE] [FML]:   Registry: 110 minecraft:block.stone_button.click_on net.minecraft.util.SoundEvent@3178219a
[17:44:32] [Server thread/TRACE] [FML]:   Registry: 111 minecraft:block.stone_pressureplate.click_off net.minecraft.util.SoundEvent@2d85fb64
[17:44:32] [Server thread/TRACE] [FML]:   Registry: 112 minecraft:block.stone_pressureplate.click_on net.minecraft.util.SoundEvent@56476c16
[17:44:32] [Server thread/TRACE] [FML]:   Registry: 113 minecraft:block.tripwire.attach net.minecraft.util.SoundEvent@497b560e
[17:44:32] [Server thread/TRACE] [FML]:   Registry: 114 minecraft:block.tripwire.click_off net.minecraft.util.SoundEvent@39ffda4a
[17:44:32] [Server thread/TRACE] [FML]:   Registry: 115 minecraft:block.tripwire.click_on net.minecraft.util.SoundEvent@3ba348ca
[17:44:32] [Server thread/TRACE] [FML]:   Registry: 116 minecraft:block.tripwire.detach net.minecraft.util.SoundEvent@56e9a474
[17:44:32] [Server thread/TRACE] [FML]:   Registry: 117 minecraft:block.water.ambient net.minecraft.util.SoundEvent@45b15381
[17:44:32] [Server thread/TRACE] [FML]:   Registry: 118 minecraft:block.waterlily.place net.minecraft.util.SoundEvent@2dbfcf7
[17:44:32] [Server thread/TRACE] [FML]:   Registry: 119 minecraft:block.wood.break net.minecraft.util.SoundEvent@239f017e
[17:44:32] [Server thread/TRACE] [FML]:   Registry: 120 minecraft:block.wood.fall net.minecraft.util.SoundEvent@38cedb7d
[17:44:32] [Server thread/TRACE] [FML]:   Registry: 121 minecraft:block.wood.hit net.minecraft.util.SoundEvent@772caabe
[17:44:32] [Server thread/TRACE] [FML]:   Registry: 122 minecraft:block.wood.place net.minecraft.util.SoundEvent@2acdcce8
[17:44:32] [Server thread/TRACE] [FML]:   Registry: 123 minecraft:block.wood.step net.minecraft.util.SoundEvent@7102ac3e
[17:44:32] [Server thread/TRACE] [FML]:   Registry: 124 minecraft:block.wood_button.click_off net.minecraft.util.SoundEvent@3f598450
[17:44:32] [Server thread/TRACE] [FML]:   Registry: 125 minecraft:block.wood_button.click_on net.minecraft.util.SoundEvent@2db2a05f
[17:44:32] [Server thread/TRACE] [FML]:   Registry: 126 minecraft:block.wood_pressureplate.click_off net.minecraft.util.SoundEvent@695c938d
[17:44:32] [Server thread/TRACE] [FML]:   Registry: 127 minecraft:block.wood_pressureplate.click_on net.minecraft.util.SoundEvent@d5bb1c4
[17:44:32] [Server thread/TRACE] [FML]:   Registry: 128 minecraft:block.wooden_door.close net.minecraft.util.SoundEvent@7ed3df3b
[17:44:32] [Server thread/TRACE] [FML]:   Registry: 129 minecraft:block.wooden_door.open net.minecraft.util.SoundEvent@465b38e6
[17:44:32] [Server thread/TRACE] [FML]:   Registry: 130 minecraft:block.wooden_trapdoor.close net.minecraft.util.SoundEvent@4b960b5b
[17:44:32] [Server thread/TRACE] [FML]:   Registry: 131 minecraft:block.wooden_trapdoor.open net.minecraft.util.SoundEvent@1b13467c
[17:44:32] [Server thread/TRACE] [FML]:   Registry: 132 minecraft:enchant.thorns.hit net.minecraft.util.SoundEvent@7bd96822
[17:44:32] [Server thread/TRACE] [FML]:   Registry: 133 minecraft:entity.armorstand.break net.minecraft.util.SoundEvent@64dae3b7
[17:44:32] [Server thread/TRACE] [FML]:   Registry: 134 minecraft:entity.armorstand.fall net.minecraft.util.SoundEvent@1fedf0a4
[17:44:32] [Server thread/TRACE] [FML]:   Registry: 135 minecraft:entity.armorstand.hit net.minecraft.util.SoundEvent@1e4c6583
[17:44:32] [Server thread/TRACE] [FML]:   Registry: 136 minecraft:entity.armorstand.place net.minecraft.util.SoundEvent@2ee48610
[17:44:32] [Server thread/TRACE] [FML]:   Registry: 137 minecraft:entity.arrow.hit net.minecraft.util.SoundEvent@1d901f20
[17:44:32] [Server thread/TRACE] [FML]:   Registry: 138 minecraft:entity.arrow.hit_player net.minecraft.util.SoundEvent@6d08b4e6
[17:44:32] [Server thread/TRACE] [FML]:   Registry: 139 minecraft:entity.arrow.shoot net.minecraft.util.SoundEvent@1015a4b9
[17:44:32] [Server thread/TRACE] [FML]:   Registry: 140 minecraft:entity.bat.ambient net.minecraft.util.SoundEvent@1acb74ad
[17:44:32] [Server thread/TRACE] [FML]:   Registry: 141 minecraft:entity.bat.death net.minecraft.util.SoundEvent@7bf01cb
[17:44:32] [Server thread/TRACE] [FML]:   Registry: 142 minecraft:entity.bat.hurt net.minecraft.util.SoundEvent@2f382a5e
[17:44:32] [Server thread/TRACE] [FML]:   Registry: 143 minecraft:entity.bat.loop net.minecraft.util.SoundEvent@12b5736c
[17:44:32] [Server thread/TRACE] [FML]:   Registry: 144 minecraft:entity.bat.takeoff net.minecraft.util.SoundEvent@539a138b
[17:44:32] [Server thread/TRACE] [FML]:   Registry: 145 minecraft:entity.blaze.ambient net.minecraft.util.SoundEvent@2cd4e16a
[17:44:32] [Server thread/TRACE] [FML]:   Registry: 146 minecraft:entity.blaze.burn net.minecraft.util.SoundEvent@42505474
[17:44:32] [Server thread/TRACE] [FML]:   Registry: 147 minecraft:entity.blaze.death net.minecraft.util.SoundEvent@7b477141
[17:44:32] [Server thread/TRACE] [FML]:   Registry: 148 minecraft:entity.blaze.hurt net.minecraft.util.SoundEvent@784223e9
[17:44:32] [Server thread/TRACE] [FML]:   Registry: 149 minecraft:entity.blaze.shoot net.minecraft.util.SoundEvent@7316523a
[17:44:32] [Server thread/TRACE] [FML]:   Registry: 150 minecraft:entity.boat.paddle_land net.minecraft.util.SoundEvent@33a55bd8
[17:44:32] [Server thread/TRACE] [FML]:   Registry: 151 minecraft:entity.boat.paddle_water net.minecraft.util.SoundEvent@73a8e994
[17:44:32] [Server thread/TRACE] [FML]:   Registry: 152 minecraft:entity.bobber.retrieve net.minecraft.util.SoundEvent@1a1cc163
[17:44:32] [Server thread/TRACE] [FML]:   Registry: 153 minecraft:entity.bobber.splash net.minecraft.util.SoundEvent@5b5ac798
[17:44:32] [Server thread/TRACE] [FML]:   Registry: 154 minecraft:entity.bobber.throw net.minecraft.util.SoundEvent@42383cb0
[17:44:32] [Server thread/TRACE] [FML]:   Registry: 155 minecraft:entity.cat.ambient net.minecraft.util.SoundEvent@7668892a
[17:44:32] [Server thread/TRACE] [FML]:   Registry: 156 minecraft:entity.cat.death net.minecraft.util.SoundEvent@a83495d
[17:44:32] [Server thread/TRACE] [FML]:   Registry: 157 minecraft:entity.cat.hiss net.minecraft.util.SoundEvent@7e83992
[17:44:32] [Server thread/TRACE] [FML]:   Registry: 158 minecraft:entity.cat.hurt net.minecraft.util.SoundEvent@4364863
[17:44:32] [Server thread/TRACE] [FML]:   Registry: 159 minecraft:entity.cat.purr net.minecraft.util.SoundEvent@3625a016
[17:44:32] [Server thread/TRACE] [FML]:   Registry: 160 minecraft:entity.cat.purreow net.minecraft.util.SoundEvent@267cde2e
[17:44:32] [Server thread/TRACE] [FML]:   Registry: 161 minecraft:entity.chicken.ambient net.minecraft.util.SoundEvent@609e57da
[17:44:32] [Server thread/TRACE] [FML]:   Registry: 162 minecraft:entity.chicken.death net.minecraft.util.SoundEvent@56dd6efa
[17:44:32] [Server thread/TRACE] [FML]:   Registry: 163 minecraft:entity.chicken.egg net.minecraft.util.SoundEvent@4d634127
[17:44:32] [Server thread/TRACE] [FML]:   Registry: 164 minecraft:entity.chicken.hurt net.minecraft.util.SoundEvent@d2e6b0b
[17:44:32] [Server thread/TRACE] [FML]:   Registry: 165 minecraft:entity.chicken.step net.minecraft.util.SoundEvent@1f1cddf3
[17:44:32] [Server thread/TRACE] [FML]:   Registry: 166 minecraft:entity.cow.ambient net.minecraft.util.SoundEvent@228bda54
[17:44:32] [Server thread/TRACE] [FML]:   Registry: 167 minecraft:entity.cow.death net.minecraft.util.SoundEvent@75b6dd5b
[17:44:32] [Server thread/TRACE] [FML]:   Registry: 168 minecraft:entity.cow.hurt net.minecraft.util.SoundEvent@b3e86d5
[17:44:32] [Server thread/TRACE] [FML]:   Registry: 169 minecraft:entity.cow.milk net.minecraft.util.SoundEvent@72b43104
[17:44:32] [Server thread/TRACE] [FML]:   Registry: 170 minecraft:entity.cow.step net.minecraft.util.SoundEvent@e111c7c
[17:44:32] [Server thread/TRACE] [FML]:   Registry: 171 minecraft:entity.creeper.death net.minecraft.util.SoundEvent@4d0e54e0
[17:44:32] [Server thread/TRACE] [FML]:   Registry: 172 minecraft:entity.creeper.hurt net.minecraft.util.SoundEvent@32f96bba
[17:44:32] [Server thread/TRACE] [FML]:   Registry: 173 minecraft:entity.creeper.primed net.minecraft.util.SoundEvent@611640f0
[17:44:32] [Server thread/TRACE] [FML]:   Registry: 174 minecraft:entity.donkey.ambient net.minecraft.util.SoundEvent@67e25252
[17:44:32] [Server thread/TRACE] [FML]:   Registry: 175 minecraft:entity.donkey.angry net.minecraft.util.SoundEvent@58f4b31a
[17:44:32] [Server thread/TRACE] [FML]:   Registry: 176 minecraft:entity.donkey.chest net.minecraft.util.SoundEvent@21a9a705
[17:44:32] [Server thread/TRACE] [FML]:   Registry: 177 minecraft:entity.donkey.death net.minecraft.util.SoundEvent@72eb6200
[17:44:32] [Server thread/TRACE] [FML]:   Registry: 178 minecraft:entity.donkey.hurt net.minecraft.util.SoundEvent@76ececd
[17:44:32] [Server thread/TRACE] [FML]:   Registry: 179 minecraft:entity.egg.throw net.minecraft.util.SoundEvent@7affc159
[17:44:32] [Server thread/TRACE] [FML]:   Registry: 180 minecraft:entity.elder_guardian.ambient net.minecraft.util.SoundEvent@1682c08c
[17:44:32] [Server thread/TRACE] [FML]:   Registry: 181 minecraft:entity.elder_guardian.ambient_land net.minecraft.util.SoundEvent@3fd05b3e
[17:44:32] [Server thread/TRACE] [FML]:   Registry: 182 minecraft:entity.elder_guardian.curse net.minecraft.util.SoundEvent@4eb9f2af
[17:44:32] [Server thread/TRACE] [FML]:   Registry: 183 minecraft:entity.elder_guardian.death net.minecraft.util.SoundEvent@4a481728
[17:44:32] [Server thread/TRACE] [FML]:   Registry: 184 minecraft:entity.elder_guardian.death_land net.minecraft.util.SoundEvent@4ace284d
[17:44:32] [Server thread/TRACE] [FML]:   Registry: 185 minecraft:entity.elder_guardian.flop net.minecraft.util.SoundEvent@77fa9381
[17:44:32] [Server thread/TRACE] [FML]:   Registry: 186 minecraft:entity.elder_guardian.hurt net.minecraft.util.SoundEvent@76d72b5b
[17:44:32] [Server thread/TRACE] [FML]:   Registry: 187 minecraft:entity.elder_guardian.hurt_land net.minecraft.util.SoundEvent@7cac93fe
[17:44:32] [Server thread/TRACE] [FML]:   Registry: 188 minecraft:entity.enderdragon.ambient net.minecraft.util.SoundEvent@479b5066
[17:44:32] [Server thread/TRACE] [FML]:   Registry: 189 minecraft:entity.enderdragon.death net.minecraft.util.SoundEvent@64deb58f
[17:44:32] [Server thread/TRACE] [FML]:   Registry: 190 minecraft:entity.enderdragon.flap net.minecraft.util.SoundEvent@2b1cd7bc
[17:44:32] [Server thread/TRACE] [FML]:   Registry: 191 minecraft:entity.enderdragon.growl net.minecraft.util.SoundEvent@33379242
[17:44:32] [Server thread/TRACE] [FML]:   Registry: 192 minecraft:entity.enderdragon.hurt net.minecraft.util.SoundEvent@2e32fc22
[17:44:32] [Server thread/TRACE] [FML]:   Registry: 193 minecraft:entity.enderdragon.shoot net.minecraft.util.SoundEvent@3f5156a6
[17:44:32] [Server thread/TRACE] [FML]:   Registry: 194 minecraft:entity.enderdragon_fireball.explode net.minecraft.util.SoundEvent@72bdd7c7
[17:44:32] [Server thread/TRACE] [FML]:   Registry: 195 minecraft:entity.endereye.death net.minecraft.util.SoundEvent@7d17ee50
[17:44:32] [Server thread/TRACE] [FML]:   Registry: 196 minecraft:entity.endereye.launch net.minecraft.util.SoundEvent@44fdce3c
[17:44:32] [Server thread/TRACE] [FML]:   Registry: 197 minecraft:entity.endermen.ambient net.minecraft.util.SoundEvent@712c5463
[17:44:32] [Server thread/TRACE] [FML]:   Registry: 198 minecraft:entity.endermen.death net.minecraft.util.SoundEvent@6d33a66e
[17:44:32] [Server thread/TRACE] [FML]:   Registry: 199 minecraft:entity.endermen.hurt net.minecraft.util.SoundEvent@2f14b0f6
[17:44:32] [Server thread/TRACE] [FML]:   Registry: 200 minecraft:entity.endermen.scream net.minecraft.util.SoundEvent@5b20706
[17:44:32] [Server thread/TRACE] [FML]:   Registry: 201 minecraft:entity.endermen.stare net.minecraft.util.SoundEvent@16aed49f
[17:44:32] [Server thread/TRACE] [FML]:   Registry: 202 minecraft:entity.endermen.teleport net.minecraft.util.SoundEvent@66de00f2
[17:44:32] [Server thread/TRACE] [FML]:   Registry: 203 minecraft:entity.endermite.ambient net.minecraft.util.SoundEvent@6c479fdf
[17:44:32] [Server thread/TRACE] [FML]:   Registry: 204 minecraft:entity.endermite.death net.minecraft.util.SoundEvent@79d82f66
[17:44:32] [Server thread/TRACE] [FML]:   Registry: 205 minecraft:entity.endermite.hurt net.minecraft.util.SoundEvent@19b206ee
[17:44:32] [Server thread/TRACE] [FML]:   Registry: 206 minecraft:entity.endermite.step net.minecraft.util.SoundEvent@ffd4cba
[17:44:32] [Server thread/TRACE] [FML]:   Registry: 207 minecraft:entity.enderpearl.throw net.minecraft.util.SoundEvent@5f1483fd
[17:44:32] [Server thread/TRACE] [FML]:   Registry: 208 minecraft:entity.evocation_fangs.attack net.minecraft.util.SoundEvent@670f2466
[17:44:32] [Server thread/TRACE] [FML]:   Registry: 209 minecraft:entity.evocation_illager.ambient net.minecraft.util.SoundEvent@6e03db1f
[17:44:32] [Server thread/TRACE] [FML]:   Registry: 210 minecraft:entity.evocation_illager.cast_spell net.minecraft.util.SoundEvent@bfec2f9
[17:44:32] [Server thread/TRACE] [FML]:   Registry: 211 minecraft:entity.evocation_illager.death net.minecraft.util.SoundEvent@708eb310
[17:44:32] [Server thread/TRACE] [FML]:   Registry: 212 minecraft:entity.evocation_illager.hurt net.minecraft.util.SoundEvent@6ebc9573
[17:44:32] [Server thread/TRACE] [FML]:   Registry: 213 minecraft:entity.evocation_illager.prepare_attack net.minecraft.util.SoundEvent@1e977098
[17:44:32] [Server thread/TRACE] [FML]:   Registry: 214 minecraft:entity.evocation_illager.prepare_summon net.minecraft.util.SoundEvent@630390b9
[17:44:32] [Server thread/TRACE] [FML]:   Registry: 215 minecraft:entity.evocation_illager.prepare_wololo net.minecraft.util.SoundEvent@6690b9fa
[17:44:32] [Server thread/TRACE] [FML]:   Registry: 216 minecraft:entity.experience_bottle.throw net.minecraft.util.SoundEvent@6c8dbf56
[17:44:32] [Server thread/TRACE] [FML]:   Registry: 217 minecraft:entity.experience_orb.pickup net.minecraft.util.SoundEvent@493b01ef
[17:44:32] [Server thread/TRACE] [FML]:   Registry: 218 minecraft:entity.firework.blast net.minecraft.util.SoundEvent@36c2d629
[17:44:32] [Server thread/TRACE] [FML]:   Registry: 219 minecraft:entity.firework.blast_far net.minecraft.util.SoundEvent@55fee662
[17:44:32] [Server thread/TRACE] [FML]:   Registry: 220 minecraft:entity.firework.large_blast net.minecraft.util.SoundEvent@54089484
[17:44:32] [Server thread/TRACE] [FML]:   Registry: 221 minecraft:entity.firework.large_blast_far net.minecraft.util.SoundEvent@45adc393
[17:44:32] [Server thread/TRACE] [FML]:   Registry: 222 minecraft:entity.firework.launch net.minecraft.util.SoundEvent@65fe2691
[17:44:32] [Server thread/TRACE] [FML]:   Registry: 223 minecraft:entity.firework.shoot net.minecraft.util.SoundEvent@479111ba
[17:44:32] [Server thread/TRACE] [FML]:   Registry: 224 minecraft:entity.firework.twinkle net.minecraft.util.SoundEvent@57ad1178
[17:44:32] [Server thread/TRACE] [FML]:   Registry: 225 minecraft:entity.firework.twinkle_far net.minecraft.util.SoundEvent@7c37f145
[17:44:32] [Server thread/TRACE] [FML]:   Registry: 226 minecraft:entity.generic.big_fall net.minecraft.util.SoundEvent@68699afc
[17:44:32] [Server thread/TRACE] [FML]:   Registry: 227 minecraft:entity.generic.burn net.minecraft.util.SoundEvent@273a5a8a
[17:44:32] [Server thread/TRACE] [FML]:   Registry: 228 minecraft:entity.generic.death net.minecraft.util.SoundEvent@1823b9c4
[17:44:32] [Server thread/TRACE] [FML]:   Registry: 229 minecraft:entity.generic.drink net.minecraft.util.SoundEvent@5b5dce5c
[17:44:32] [Server thread/TRACE] [FML]:   Registry: 230 minecraft:entity.generic.eat net.minecraft.util.SoundEvent@7f4701b1
[17:44:32] [Server thread/TRACE] [FML]:   Registry: 231 minecraft:entity.generic.explode net.minecraft.util.SoundEvent@adcfad9
[17:44:32] [Server thread/TRACE] [FML]:   Registry: 232 minecraft:entity.generic.extinguish_fire net.minecraft.util.SoundEvent@fb49fdf
[17:44:32] [Server thread/TRACE] [FML]:   Registry: 233 minecraft:entity.generic.hurt net.minecraft.util.SoundEvent@3a2e9f5b
[17:44:32] [Server thread/TRACE] [FML]:   Registry: 234 minecraft:entity.generic.small_fall net.minecraft.util.SoundEvent@7da34b26
[17:44:32] [Server thread/TRACE] [FML]:   Registry: 235 minecraft:entity.generic.splash net.minecraft.util.SoundEvent@10c47c79
[17:44:32] [Server thread/TRACE] [FML]:   Registry: 236 minecraft:entity.generic.swim net.minecraft.util.SoundEvent@3b2553d9
[17:44:32] [Server thread/TRACE] [FML]:   Registry: 237 minecraft:entity.ghast.ambient net.minecraft.util.SoundEvent@753fd7a1
[17:44:32] [Server thread/TRACE] [FML]:   Registry: 238 minecraft:entity.ghast.death net.minecraft.util.SoundEvent@12a2585b
[17:44:32] [Server thread/TRACE] [FML]:   Registry: 239 minecraft:entity.ghast.hurt net.minecraft.util.SoundEvent@21b6c9c2
[17:44:32] [Server thread/TRACE] [FML]:   Registry: 240 minecraft:entity.ghast.scream net.minecraft.util.SoundEvent@309cedb6
[17:44:32] [Server thread/TRACE] [FML]:   Registry: 241 minecraft:entity.ghast.shoot net.minecraft.util.SoundEvent@3b95a6db
[17:44:32] [Server thread/TRACE] [FML]:   Registry: 242 minecraft:entity.ghast.warn net.minecraft.util.SoundEvent@3bf54172
[17:44:32] [Server thread/TRACE] [FML]:   Registry: 243 minecraft:entity.guardian.ambient net.minecraft.util.SoundEvent@2c9a6717
[17:44:32] [Server thread/TRACE] [FML]:   Registry: 244 minecraft:entity.guardian.ambient_land net.minecraft.util.SoundEvent@7b3cde6f
[17:44:32] [Server thread/TRACE] [FML]:   Registry: 245 minecraft:entity.guardian.attack net.minecraft.util.SoundEvent@6d091cad
[17:44:32] [Server thread/TRACE] [FML]:   Registry: 246 minecraft:entity.guardian.death net.minecraft.util.SoundEvent@7c663eaf
[17:44:32] [Server thread/TRACE] [FML]:   Registry: 247 minecraft:entity.guardian.death_land net.minecraft.util.SoundEvent@3bb5ceb
[17:44:32] [Server thread/TRACE] [FML]:   Registry: 248 minecraft:entity.guardian.flop net.minecraft.util.SoundEvent@1e692555
[17:44:32] [Server thread/TRACE] [FML]:   Registry: 249 minecraft:entity.guardian.hurt net.minecraft.util.SoundEvent@3ba0ae41
[17:44:32] [Server thread/TRACE] [FML]:   Registry: 250 minecraft:entity.guardian.hurt_land net.minecraft.util.SoundEvent@76fe6cdc
[17:44:32] [Server thread/TRACE] [FML]:   Registry: 251 minecraft:entity.horse.ambient net.minecraft.util.SoundEvent@2ffb3aec
[17:44:32] [Server thread/TRACE] [FML]:   Registry: 252 minecraft:entity.horse.angry net.minecraft.util.SoundEvent@786ff1cb
[17:44:32] [Server thread/TRACE] [FML]:   Registry: 253 minecraft:entity.horse.armor net.minecraft.util.SoundEvent@46039a21
[17:44:32] [Server thread/TRACE] [FML]:   Registry: 254 minecraft:entity.horse.breathe net.minecraft.util.SoundEvent@431e86b1
[17:44:32] [Server thread/TRACE] [FML]:   Registry: 255 minecraft:entity.horse.death net.minecraft.util.SoundEvent@35c4e864
[17:44:32] [Server thread/TRACE] [FML]:   Registry: 256 minecraft:entity.horse.eat net.minecraft.util.SoundEvent@32a2a6be
[17:44:32] [Server thread/TRACE] [FML]:   Registry: 257 minecraft:entity.horse.gallop net.minecraft.util.SoundEvent@682af059
[17:44:32] [Server thread/TRACE] [FML]:   Registry: 258 minecraft:entity.horse.hurt net.minecraft.util.SoundEvent@5f36c8e3
[17:44:32] [Server thread/TRACE] [FML]:   Registry: 259 minecraft:entity.horse.jump net.minecraft.util.SoundEvent@4da39ca9
[17:44:32] [Server thread/TRACE] [FML]:   Registry: 260 minecraft:entity.horse.land net.minecraft.util.SoundEvent@6a9344f5
[17:44:32] [Server thread/TRACE] [FML]:   Registry: 261 minecraft:entity.horse.saddle net.minecraft.util.SoundEvent@5584d9c6
[17:44:32] [Server thread/TRACE] [FML]:   Registry: 262 minecraft:entity.horse.step net.minecraft.util.SoundEvent@3c9c6245
[17:44:32] [Server thread/TRACE] [FML]:   Registry: 263 minecraft:entity.horse.step_wood net.minecraft.util.SoundEvent@6d0be7ab
[17:44:32] [Server thread/TRACE] [FML]:   Registry: 264 minecraft:entity.hostile.big_fall net.minecraft.util.SoundEvent@1d4fb213
[17:44:32] [Server thread/TRACE] [FML]:   Registry: 265 minecraft:entity.hostile.death net.minecraft.util.SoundEvent@6ef60295
[17:44:32] [Server thread/TRACE] [FML]:   Registry: 266 minecraft:entity.hostile.hurt net.minecraft.util.SoundEvent@3127cb44
[17:44:32] [Server thread/TRACE] [FML]:   Registry: 267 minecraft:entity.hostile.small_fall net.minecraft.util.SoundEvent@3234474
[17:44:32] [Server thread/TRACE] [FML]:   Registry: 268 minecraft:entity.hostile.splash net.minecraft.util.SoundEvent@631cb129
[17:44:32] [Server thread/TRACE] [FML]:   Registry: 269 minecraft:entity.hostile.swim net.minecraft.util.SoundEvent@3d20e575
[17:44:32] [Server thread/TRACE] [FML]:   Registry: 270 minecraft:entity.husk.ambient net.minecraft.util.SoundEvent@3252747e
[17:44:32] [Server thread/TRACE] [FML]:   Registry: 271 minecraft:entity.husk.death net.minecraft.util.SoundEvent@2b4b96a4
[17:44:32] [Server thread/TRACE] [FML]:   Registry: 272 minecraft:entity.husk.hurt net.minecraft.util.SoundEvent@2dd8ff1d
[17:44:32] [Server thread/TRACE] [FML]:   Registry: 273 minecraft:entity.husk.step net.minecraft.util.SoundEvent@17e9bc9e
[17:44:32] [Server thread/TRACE] [FML]:   Registry: 274 minecraft:entity.illusion_illager.ambient net.minecraft.util.SoundEvent@36b9cb99
[17:44:32] [Server thread/TRACE] [FML]:   Registry: 275 minecraft:entity.illusion_illager.cast_spell net.minecraft.util.SoundEvent@4130955c
[17:44:32] [Server thread/TRACE] [FML]:   Registry: 276 minecraft:entity.illusion_illager.death net.minecraft.util.SoundEvent@2bfaba70
[17:44:32] [Server thread/TRACE] [FML]:   Registry: 277 minecraft:entity.illusion_illager.hurt net.minecraft.util.SoundEvent@71adfedd
[17:44:32] [Server thread/TRACE] [FML]:   Registry: 278 minecraft:entity.illusion_illager.mirror_move net.minecraft.util.SoundEvent@9301672
[17:44:32] [Server thread/TRACE] [FML]:   Registry: 279 minecraft:entity.illusion_illager.prepare_blindness net.minecraft.util.SoundEvent@4ceff87d
[17:44:32] [Server thread/TRACE] [FML]:   Registry: 280 minecraft:entity.illusion_illager.prepare_mirror net.minecraft.util.SoundEvent@3238e2aa
[17:44:32] [Server thread/TRACE] [FML]:   Registry: 281 minecraft:entity.irongolem.attack net.minecraft.util.SoundEvent@2c7db926
[17:44:32] [Server thread/TRACE] [FML]:   Registry: 282 minecraft:entity.irongolem.death net.minecraft.util.SoundEvent@2577a95d
[17:44:32] [Server thread/TRACE] [FML]:   Registry: 283 minecraft:entity.irongolem.hurt net.minecraft.util.SoundEvent@1668919e
[17:44:32] [Server thread/TRACE] [FML]:   Registry: 284 minecraft:entity.irongolem.step net.minecraft.util.SoundEvent@63300c4b
[17:44:32] [Server thread/TRACE] [FML]:   Registry: 285 minecraft:entity.item.break net.minecraft.util.SoundEvent@22c53d82
[17:44:32] [Server thread/TRACE] [FML]:   Registry: 286 minecraft:entity.item.pickup net.minecraft.util.SoundEvent@3a6045c6
[17:44:32] [Server thread/TRACE] [FML]:   Registry: 287 minecraft:entity.itemframe.add_item net.minecraft.util.SoundEvent@68d6d775
[17:44:32] [Server thread/TRACE] [FML]:   Registry: 288 minecraft:entity.itemframe.break net.minecraft.util.SoundEvent@b67cc70
[17:44:32] [Server thread/TRACE] [FML]:   Registry: 289 minecraft:entity.itemframe.place net.minecraft.util.SoundEvent@45c9b3
[17:44:32] [Server thread/TRACE] [FML]:   Registry: 290 minecraft:entity.itemframe.remove_item net.minecraft.util.SoundEvent@38b3f208
[17:44:32] [Server thread/TRACE] [FML]:   Registry: 291 minecraft:entity.itemframe.rotate_item net.minecraft.util.SoundEvent@6680f714
[17:44:32] [Server thread/TRACE] [FML]:   Registry: 292 minecraft:entity.leashknot.break net.minecraft.util.SoundEvent@53b1a3f8
[17:44:32] [Server thread/TRACE] [FML]:   Registry: 293 minecraft:entity.leashknot.place net.minecraft.util.SoundEvent@7d97e06c
[17:44:32] [Server thread/TRACE] [FML]:   Registry: 294 minecraft:entity.lightning.impact net.minecraft.util.SoundEvent@5a936e64
[17:44:32] [Server thread/TRACE] [FML]:   Registry: 295 minecraft:entity.lightning.thunder net.minecraft.util.SoundEvent@3b4a1a75
[17:44:32] [Server thread/TRACE] [FML]:   Registry: 296 minecraft:entity.lingeringpotion.throw net.minecraft.util.SoundEvent@65bad087
[17:44:32] [Server thread/TRACE] [FML]:   Registry: 297 minecraft:entity.llama.ambient net.minecraft.util.SoundEvent@276cc8dc
[17:44:32] [Server thread/TRACE] [FML]:   Registry: 298 minecraft:entity.llama.angry net.minecraft.util.SoundEvent@66cd621b
[17:44:32] [Server thread/TRACE] [FML]:   Registry: 299 minecraft:entity.llama.chest net.minecraft.util.SoundEvent@d3f4505
[17:44:32] [Server thread/TRACE] [FML]:   Registry: 300 minecraft:entity.llama.death net.minecraft.util.SoundEvent@3eb292cd
[17:44:32] [Server thread/TRACE] [FML]:   Registry: 301 minecraft:entity.llama.eat net.minecraft.util.SoundEvent@7fd987ef
[17:44:32] [Server thread/TRACE] [FML]:   Registry: 302 minecraft:entity.llama.hurt net.minecraft.util.SoundEvent@7209ffb5
[17:44:32] [Server thread/TRACE] [FML]:   Registry: 303 minecraft:entity.llama.spit net.minecraft.util.SoundEvent@5e99b9c
[17:44:32] [Server thread/TRACE] [FML]:   Registry: 304 minecraft:entity.llama.step net.minecraft.util.SoundEvent@2fe74516
[17:44:32] [Server thread/TRACE] [FML]:   Registry: 305 minecraft:entity.llama.swag net.minecraft.util.SoundEvent@1c3259fa
[17:44:32] [Server thread/TRACE] [FML]:   Registry: 306 minecraft:entity.magmacube.death net.minecraft.util.SoundEvent@217bf99e
[17:44:32] [Server thread/TRACE] [FML]:   Registry: 307 minecraft:entity.magmacube.hurt net.minecraft.util.SoundEvent@6807a356
[17:44:32] [Server thread/TRACE] [FML]:   Registry: 308 minecraft:entity.magmacube.jump net.minecraft.util.SoundEvent@7ddd84b5
[17:44:32] [Server thread/TRACE] [FML]:   Registry: 309 minecraft:entity.magmacube.squish net.minecraft.util.SoundEvent@73aeef7d
[17:44:32] [Server thread/TRACE] [FML]:   Registry: 310 minecraft:entity.minecart.inside net.minecraft.util.SoundEvent@d675f9f
[17:44:32] [Server thread/TRACE] [FML]:   Registry: 311 minecraft:entity.minecart.riding net.minecraft.util.SoundEvent@58af5076
[17:44:32] [Server thread/TRACE] [FML]:   Registry: 312 minecraft:entity.mooshroom.shear net.minecraft.util.SoundEvent@49469ffa
[17:44:32] [Server thread/TRACE] [FML]:   Registry: 313 minecraft:entity.mule.ambient net.minecraft.util.SoundEvent@4d9754a8
[17:44:32] [Server thread/TRACE] [FML]:   Registry: 314 minecraft:entity.mule.chest net.minecraft.util.SoundEvent@7a3b7122
[17:44:32] [Server thread/TRACE] [FML]:   Registry: 315 minecraft:entity.mule.death net.minecraft.util.SoundEvent@58b5a2f3
[17:44:32] [Server thread/TRACE] [FML]:   Registry: 316 minecraft:entity.mule.hurt net.minecraft.util.SoundEvent@25f15f50
[17:44:32] [Server thread/TRACE] [FML]:   Registry: 317 minecraft:entity.painting.break net.minecraft.util.SoundEvent@52b46d52
[17:44:32] [Server thread/TRACE] [FML]:   Registry: 318 minecraft:entity.painting.place net.minecraft.util.SoundEvent@7327a447
[17:44:32] [Server thread/TRACE] [FML]:   Registry: 319 minecraft:entity.parrot.ambient net.minecraft.util.SoundEvent@67022ea
[17:44:32] [Server thread/TRACE] [FML]:   Registry: 320 minecraft:entity.parrot.death net.minecraft.util.SoundEvent@2954f6ab
[17:44:32] [Server thread/TRACE] [FML]:   Registry: 321 minecraft:entity.parrot.eat net.minecraft.util.SoundEvent@58fbd02e
[17:44:32] [Server thread/TRACE] [FML]:   Registry: 322 minecraft:entity.parrot.fly net.minecraft.util.SoundEvent@163042ea
[17:44:32] [Server thread/TRACE] [FML]:   Registry: 323 minecraft:entity.parrot.hurt net.minecraft.util.SoundEvent@11d045b4
[17:44:32] [Server thread/TRACE] [FML]:   Registry: 324 minecraft:entity.parrot.imitate.blaze net.minecraft.util.SoundEvent@1fbf088b
[17:44:32] [Server thread/TRACE] [FML]:   Registry: 325 minecraft:entity.parrot.imitate.creeper net.minecraft.util.SoundEvent@1943c1f2
[17:44:32] [Server thread/TRACE] [FML]:   Registry: 326 minecraft:entity.parrot.imitate.elder_guardian net.minecraft.util.SoundEvent@d70f722
[17:44:32] [Server thread/TRACE] [FML]:   Registry: 327 minecraft:entity.parrot.imitate.enderdragon net.minecraft.util.SoundEvent@1e1eeedd
[17:44:32] [Server thread/TRACE] [FML]:   Registry: 328 minecraft:entity.parrot.imitate.enderman net.minecraft.util.SoundEvent@798256c5
[17:44:32] [Server thread/TRACE] [FML]:   Registry: 329 minecraft:entity.parrot.imitate.endermite net.minecraft.util.SoundEvent@7ec95456
[17:44:32] [Server thread/TRACE] [FML]:   Registry: 330 minecraft:entity.parrot.imitate.evocation_illager net.minecraft.util.SoundEvent@748a654a
[17:44:32] [Server thread/TRACE] [FML]:   Registry: 331 minecraft:entity.parrot.imitate.ghast net.minecraft.util.SoundEvent@1d8b0500
[17:44:32] [Server thread/TRACE] [FML]:   Registry: 332 minecraft:entity.parrot.imitate.husk net.minecraft.util.SoundEvent@76544c0a
[17:44:32] [Server thread/TRACE] [FML]:   Registry: 333 minecraft:entity.parrot.imitate.illusion_illager net.minecraft.util.SoundEvent@428bdd72
[17:44:32] [Server thread/TRACE] [FML]:   Registry: 334 minecraft:entity.parrot.imitate.magmacube net.minecraft.util.SoundEvent@650c405c
[17:44:32] [Server thread/TRACE] [FML]:   Registry: 335 minecraft:entity.parrot.imitate.polar_bear net.minecraft.util.SoundEvent@20eaeaf8
[17:44:32] [Server thread/TRACE] [FML]:   Registry: 336 minecraft:entity.parrot.imitate.shulker net.minecraft.util.SoundEvent@748ac6f3
[17:44:32] [Server thread/TRACE] [FML]:   Registry: 337 minecraft:entity.parrot.imitate.silverfish net.minecraft.util.SoundEvent@68f6e55d
[17:44:32] [Server thread/TRACE] [FML]:   Registry: 338 minecraft:entity.parrot.imitate.skeleton net.minecraft.util.SoundEvent@6fff46bf
[17:44:32] [Server thread/TRACE] [FML]:   Registry: 339 minecraft:entity.parrot.imitate.slime net.minecraft.util.SoundEvent@1835dc92
[17:44:32] [Server thread/TRACE] [FML]:   Registry: 340 minecraft:entity.parrot.imitate.spider net.minecraft.util.SoundEvent@3aaa3c39
[17:44:32] [Server thread/TRACE] [FML]:   Registry: 341 minecraft:entity.parrot.imitate.stray net.minecraft.util.SoundEvent@65a9ea3c
[17:44:32] [Server thread/TRACE] [FML]:   Registry: 342 minecraft:entity.parrot.imitate.vex net.minecraft.util.SoundEvent@70f68288
[17:44:32] [Server thread/TRACE] [FML]:   Registry: 343 minecraft:entity.parrot.imitate.vindication_illager net.minecraft.util.SoundEvent@46911148
[17:44:32] [Server thread/TRACE] [FML]:   Registry: 344 minecraft:entity.parrot.imitate.witch net.minecraft.util.SoundEvent@2db1b657
[17:44:32] [Server thread/TRACE] [FML]:   Registry: 345 minecraft:entity.parrot.imitate.wither net.minecraft.util.SoundEvent@7e351d7
[17:44:32] [Server thread/TRACE] [FML]:   Registry: 346 minecraft:entity.parrot.imitate.wither_skeleton net.minecraft.util.SoundEvent@43c57161
[17:44:32] [Server thread/TRACE] [FML]:   Registry: 347 minecraft:entity.parrot.imitate.wolf net.minecraft.util.SoundEvent@d902300
[17:44:32] [Server thread/TRACE] [FML]:   Registry: 348 minecraft:entity.parrot.imitate.zombie net.minecraft.util.SoundEvent@2db33feb
[17:44:32] [Server thread/TRACE] [FML]:   Registry: 349 minecraft:entity.parrot.imitate.zombie_pigman net.minecraft.util.SoundEvent@30c3ae63
[17:44:32] [Server thread/TRACE] [FML]:   Registry: 350 minecraft:entity.parrot.imitate.zombie_villager net.minecraft.util.SoundEvent@58658f63
[17:44:32] [Server thread/TRACE] [FML]:   Registry: 351 minecraft:entity.parrot.step net.minecraft.util.SoundEvent@54e12f4c
[17:44:32] [Server thread/TRACE] [FML]:   Registry: 352 minecraft:entity.pig.ambient net.minecraft.util.SoundEvent@60990e5c
[17:44:32] [Server thread/TRACE] [FML]:   Registry: 353 minecraft:entity.pig.death net.minecraft.util.SoundEvent@4d84049a
[17:44:32] [Server thread/TRACE] [FML]:   Registry: 354 minecraft:entity.pig.hurt net.minecraft.util.SoundEvent@39ee94de
[17:44:32] [Server thread/TRACE] [FML]:   Registry: 355 minecraft:entity.pig.saddle net.minecraft.util.SoundEvent@642857e0
[17:44:32] [Server thread/TRACE] [FML]:   Registry: 356 minecraft:entity.pig.step net.minecraft.util.SoundEvent@4c6b4ed7
[17:44:32] [Server thread/TRACE] [FML]:   Registry: 357 minecraft:entity.player.attack.crit net.minecraft.util.SoundEvent@21263314
[17:44:32] [Server thread/TRACE] [FML]:   Registry: 358 minecraft:entity.player.attack.knockback net.minecraft.util.SoundEvent@6ca30b8a
[17:44:32] [Server thread/TRACE] [FML]:   Registry: 359 minecraft:entity.player.attack.nodamage net.minecraft.util.SoundEvent@4a92c6a9
[17:44:32] [Server thread/TRACE] [FML]:   Registry: 360 minecraft:entity.player.attack.strong net.minecraft.util.SoundEvent@5c9934da
[17:44:32] [Server thread/TRACE] [FML]:   Registry: 361 minecraft:entity.player.attack.sweep net.minecraft.util.SoundEvent@4cb702ce
[17:44:32] [Server thread/TRACE] [FML]:   Registry: 362 minecraft:entity.player.attack.weak net.minecraft.util.SoundEvent@383caf89
[17:44:32] [Server thread/TRACE] [FML]:   Registry: 363 minecraft:entity.player.big_fall net.minecraft.util.SoundEvent@64c781a9
[17:44:32] [Server thread/TRACE] [FML]:   Registry: 364 minecraft:entity.player.breath net.minecraft.util.SoundEvent@71ed560f
[17:44:32] [Server thread/TRACE] [FML]:   Registry: 365 minecraft:entity.player.burp net.minecraft.util.SoundEvent@5b88b8e
[17:44:32] [Server thread/TRACE] [FML]:   Registry: 366 minecraft:entity.player.death net.minecraft.util.SoundEvent@58253c57
[17:44:32] [Server thread/TRACE] [FML]:   Registry: 367 minecraft:entity.player.hurt net.minecraft.util.SoundEvent@b73433
[17:44:32] [Server thread/TRACE] [FML]:   Registry: 368 minecraft:entity.player.hurt_drown net.minecraft.util.SoundEvent@1bf14704
[17:44:32] [Server thread/TRACE] [FML]:   Registry: 369 minecraft:entity.player.hurt_on_fire net.minecraft.util.SoundEvent@5a545b0f
[17:44:32] [Server thread/TRACE] [FML]:   Registry: 370 minecraft:entity.player.levelup net.minecraft.util.SoundEvent@2be21396
[17:44:32] [Server thread/TRACE] [FML]:   Registry: 371 minecraft:entity.player.small_fall net.minecraft.util.SoundEvent@124dac75
[17:44:32] [Server thread/TRACE] [FML]:   Registry: 372 minecraft:entity.player.splash net.minecraft.util.SoundEvent@315105f
[17:44:32] [Server thread/TRACE] [FML]:   Registry: 373 minecraft:entity.player.swim net.minecraft.util.SoundEvent@7b61bf11
[17:44:32] [Server thread/TRACE] [FML]:   Registry: 374 minecraft:entity.polar_bear.ambient net.minecraft.util.SoundEvent@40247d48
[17:44:32] [Server thread/TRACE] [FML]:   Registry: 375 minecraft:entity.polar_bear.baby_ambient net.minecraft.util.SoundEvent@3ff54f3d
[17:44:32] [Server thread/TRACE] [FML]:   Registry: 376 minecraft:entity.polar_bear.death net.minecraft.util.SoundEvent@14c93774
[17:44:32] [Server thread/TRACE] [FML]:   Registry: 377 minecraft:entity.polar_bear.hurt net.minecraft.util.SoundEvent@62a68bcb
[17:44:32] [Server thread/TRACE] [FML]:   Registry: 378 minecraft:entity.polar_bear.step net.minecraft.util.SoundEvent@18b74ea
[17:44:32] [Server thread/TRACE] [FML]:   Registry: 379 minecraft:entity.polar_bear.warning net.minecraft.util.SoundEvent@14924f41
[17:44:32] [Server thread/TRACE] [FML]:   Registry: 380 minecraft:entity.rabbit.ambient net.minecraft.util.SoundEvent@493da830
[17:44:32] [Server thread/TRACE] [FML]:   Registry: 381 minecraft:entity.rabbit.attack net.minecraft.util.SoundEvent@1f939a0f
[17:44:32] [Server thread/TRACE] [FML]:   Registry: 382 minecraft:entity.rabbit.death net.minecraft.util.SoundEvent@45658133
[17:44:32] [Server thread/TRACE] [FML]:   Registry: 383 minecraft:entity.rabbit.hurt net.minecraft.util.SoundEvent@430b2699
[17:44:32] [Server thread/TRACE] [FML]:   Registry: 384 minecraft:entity.rabbit.jump net.minecraft.util.SoundEvent@67536ae0
[17:44:32] [Server thread/TRACE] [FML]:   Registry: 385 minecraft:entity.sheep.ambient net.minecraft.util.SoundEvent@6413d7e7
[17:44:32] [Server thread/TRACE] [FML]:   Registry: 386 minecraft:entity.sheep.death net.minecraft.util.SoundEvent@d16be4f
[17:44:32] [Server thread/TRACE] [FML]:   Registry: 387 minecraft:entity.sheep.hurt net.minecraft.util.SoundEvent@17b37e9a
[17:44:32] [Server thread/TRACE] [FML]:   Registry: 388 minecraft:entity.sheep.shear net.minecraft.util.SoundEvent@6bcb12e6
[17:44:32] [Server thread/TRACE] [FML]:   Registry: 389 minecraft:entity.sheep.step net.minecraft.util.SoundEvent@111d5c97
[17:44:32] [Server thread/TRACE] [FML]:   Registry: 390 minecraft:entity.shulker.ambient net.minecraft.util.SoundEvent@29c17c3d
[17:44:32] [Server thread/TRACE] [FML]:   Registry: 391 minecraft:entity.shulker.close net.minecraft.util.SoundEvent@250a9031
[17:44:32] [Server thread/TRACE] [FML]:   Registry: 392 minecraft:entity.shulker.death net.minecraft.util.SoundEvent@1665fa54
[17:44:32] [Server thread/TRACE] [FML]:   Registry: 393 minecraft:entity.shulker.hurt net.minecraft.util.SoundEvent@6d67f5eb
[17:44:32] [Server thread/TRACE] [FML]:   Registry: 394 minecraft:entity.shulker.hurt_closed net.minecraft.util.SoundEvent@4f654cee
[17:44:32] [Server thread/TRACE] [FML]:   Registry: 395 minecraft:entity.shulker.open net.minecraft.util.SoundEvent@3e1fd62b
[17:44:32] [Server thread/TRACE] [FML]:   Registry: 396 minecraft:entity.shulker.shoot net.minecraft.util.SoundEvent@7112ce6
[17:44:32] [Server thread/TRACE] [FML]:   Registry: 397 minecraft:entity.shulker.teleport net.minecraft.util.SoundEvent@558b4942
[17:44:32] [Server thread/TRACE] [FML]:   Registry: 398 minecraft:entity.shulker_bullet.hit net.minecraft.util.SoundEvent@30ec7d21
[17:44:32] [Server thread/TRACE] [FML]:   Registry: 399 minecraft:entity.shulker_bullet.hurt net.minecraft.util.SoundEvent@70025b99
[17:44:32] [Server thread/TRACE] [FML]:   Registry: 400 minecraft:entity.silverfish.ambient net.minecraft.util.SoundEvent@7efa3f63
[17:44:32] [Server thread/TRACE] [FML]:   Registry: 401 minecraft:entity.silverfish.death net.minecraft.util.SoundEvent@7134b8a7
[17:44:32] [Server thread/TRACE] [FML]:   Registry: 402 minecraft:entity.silverfish.hurt net.minecraft.util.SoundEvent@2262d6d5
[17:44:32] [Server thread/TRACE] [FML]:   Registry: 403 minecraft:entity.silverfish.step net.minecraft.util.SoundEvent@40de8f93
[17:44:32] [Server thread/TRACE] [FML]:   Registry: 404 minecraft:entity.skeleton.ambient net.minecraft.util.SoundEvent@6ff0b1cc
[17:44:32] [Server thread/TRACE] [FML]:   Registry: 405 minecraft:entity.skeleton.death net.minecraft.util.SoundEvent@3b55dd15
[17:44:32] [Server thread/TRACE] [FML]:   Registry: 406 minecraft:entity.skeleton.hurt net.minecraft.util.SoundEvent@f3560d4
[17:44:32] [Server thread/TRACE] [FML]:   Registry: 407 minecraft:entity.skeleton.shoot net.minecraft.util.SoundEvent@3ba3d4b6
[17:44:32] [Server thread/TRACE] [FML]:   Registry: 408 minecraft:entity.skeleton.step net.minecraft.util.SoundEvent@51b77cdf
[17:44:32] [Server thread/TRACE] [FML]:   Registry: 409 minecraft:entity.skeleton_horse.ambient net.minecraft.util.SoundEvent@441fbe89
[17:44:32] [Server thread/TRACE] [FML]:   Registry: 410 minecraft:entity.skeleton_horse.death net.minecraft.util.SoundEvent@6088451e
[17:44:32] [Server thread/TRACE] [FML]:   Registry: 411 minecraft:entity.skeleton_horse.hurt net.minecraft.util.SoundEvent@45ab3bdd
[17:44:32] [Server thread/TRACE] [FML]:   Registry: 412 minecraft:entity.slime.attack net.minecraft.util.SoundEvent@2f10f633
[17:44:32] [Server thread/TRACE] [FML]:   Registry: 413 minecraft:entity.slime.death net.minecraft.util.SoundEvent@1642eeae
[17:44:32] [Server thread/TRACE] [FML]:   Registry: 414 minecraft:entity.slime.hurt net.minecraft.util.SoundEvent@3440e9cd
[17:44:32] [Server thread/TRACE] [FML]:   Registry: 415 minecraft:entity.slime.jump net.minecraft.util.SoundEvent@28a9494b
[17:44:32] [Server thread/TRACE] [FML]:   Registry: 416 minecraft:entity.slime.squish net.minecraft.util.SoundEvent@a09303
[17:44:32] [Server thread/TRACE] [FML]:   Registry: 417 minecraft:entity.small_magmacube.death net.minecraft.util.SoundEvent@1163a27
[17:44:32] [Server thread/TRACE] [FML]:   Registry: 418 minecraft:entity.small_magmacube.hurt net.minecraft.util.SoundEvent@322ba549
[17:44:32] [Server thread/TRACE] [FML]:   Registry: 419 minecraft:entity.small_magmacube.squish net.minecraft.util.SoundEvent@502a4156
[17:44:32] [Server thread/TRACE] [FML]:   Registry: 420 minecraft:entity.small_slime.death net.minecraft.util.SoundEvent@5416f8db
[17:44:32] [Server thread/TRACE] [FML]:   Registry: 421 minecraft:entity.small_slime.hurt net.minecraft.util.SoundEvent@64e1377c
[17:44:32] [Server thread/TRACE] [FML]:   Registry: 422 minecraft:entity.small_slime.jump net.minecraft.util.SoundEvent@b0fd744
[17:44:32] [Server thread/TRACE] [FML]:   Registry: 423 minecraft:entity.small_slime.squish net.minecraft.util.SoundEvent@92d1782
[17:44:32] [Server thread/TRACE] [FML]:   Registry: 424 minecraft:entity.snowball.throw net.minecraft.util.SoundEvent@6a1ef65c
[17:44:32] [Server thread/TRACE] [FML]:   Registry: 425 minecraft:entity.snowman.ambient net.minecraft.util.SoundEvent@72976b4
[17:44:32] [Server thread/TRACE] [FML]:   Registry: 426 minecraft:entity.snowman.death net.minecraft.util.SoundEvent@726934e2
[17:44:32] [Server thread/TRACE] [FML]:   Registry: 427 minecraft:entity.snowman.hurt net.minecraft.util.SoundEvent@1319bc2a
[17:44:32] [Server thread/TRACE] [FML]:   Registry: 428 minecraft:entity.snowman.shoot net.minecraft.util.SoundEvent@e280403
[17:44:32] [Server thread/TRACE] [FML]:   Registry: 429 minecraft:entity.spider.ambient net.minecraft.util.SoundEvent@42f85fa4
[17:44:32] [Server thread/TRACE] [FML]:   Registry: 430 minecraft:entity.spider.death net.minecraft.util.SoundEvent@798dad3d
[17:44:32] [Server thread/TRACE] [FML]:   Registry: 431 minecraft:entity.spider.hurt net.minecraft.util.SoundEvent@27abb6ca
[17:44:32] [Server thread/TRACE] [FML]:   Registry: 432 minecraft:entity.spider.step net.minecraft.util.SoundEvent@696db620
[17:44:32] [Server thread/TRACE] [FML]:   Registry: 433 minecraft:entity.splash_potion.break net.minecraft.util.SoundEvent@6968c1d6
[17:44:32] [Server thread/TRACE] [FML]:   Registry: 434 minecraft:entity.splash_potion.throw net.minecraft.util.SoundEvent@7d986d83
[17:44:32] [Server thread/TRACE] [FML]:   Registry: 435 minecraft:entity.squid.ambient net.minecraft.util.SoundEvent@77f991c
[17:44:32] [Server thread/TRACE] [FML]:   Registry: 436 minecraft:entity.squid.death net.minecraft.util.SoundEvent@3a7e365
[17:44:32] [Server thread/TRACE] [FML]:   Registry: 437 minecraft:entity.squid.hurt net.minecraft.util.SoundEvent@2ceee4b6
[17:44:32] [Server thread/TRACE] [FML]:   Registry: 438 minecraft:entity.stray.ambient net.minecraft.util.SoundEvent@12a470dd
[17:44:32] [Server thread/TRACE] [FML]:   Registry: 439 minecraft:entity.stray.death net.minecraft.util.SoundEvent@6968bcec
[17:44:32] [Server thread/TRACE] [FML]:   Registry: 440 minecraft:entity.stray.hurt net.minecraft.util.SoundEvent@5568c66f
[17:44:32] [Server thread/TRACE] [FML]:   Registry: 441 minecraft:entity.stray.step net.minecraft.util.SoundEvent@e784320
[17:44:32] [Server thread/TRACE] [FML]:   Registry: 442 minecraft:entity.tnt.primed net.minecraft.util.SoundEvent@3f6bf8aa
[17:44:32] [Server thread/TRACE] [FML]:   Registry: 443 minecraft:entity.vex.ambient net.minecraft.util.SoundEvent@13c8ac77
[17:44:32] [Server thread/TRACE] [FML]:   Registry: 444 minecraft:entity.vex.charge net.minecraft.util.SoundEvent@4bdf
[17:44:32] [Server thread/TRACE] [FML]:   Registry: 445 minecraft:entity.vex.death net.minecraft.util.SoundEvent@4cad79bc
[17:44:32] [Server thread/TRACE] [FML]:   Registry: 446 minecraft:entity.vex.hurt net.minecraft.util.SoundEvent@2c63762b
[17:44:32] [Server thread/TRACE] [FML]:   Registry: 447 minecraft:entity.villager.ambient net.minecraft.util.SoundEvent@7a9eccc4
[17:44:32] [Server thread/TRACE] [FML]:   Registry: 448 minecraft:entity.villager.death net.minecraft.util.SoundEvent@78422efb
[17:44:32] [Server thread/TRACE] [FML]:   Registry: 449 minecraft:entity.villager.hurt net.minecraft.util.SoundEvent@5f05c8d6
[17:44:32] [Server thread/TRACE] [FML]:   Registry: 450 minecraft:entity.villager.no net.minecraft.util.SoundEvent@68e02f33
[17:44:32] [Server thread/TRACE] [FML]:   Registry: 451 minecraft:entity.villager.trading net.minecraft.util.SoundEvent@64942607
[17:44:32] [Server thread/TRACE] [FML]:   Registry: 452 minecraft:entity.villager.yes net.minecraft.util.SoundEvent@d48e998
[17:44:32] [Server thread/TRACE] [FML]:   Registry: 453 minecraft:entity.vindication_illager.ambient net.minecraft.util.SoundEvent@7cfac39f
[17:44:32] [Server thread/TRACE] [FML]:   Registry: 454 minecraft:entity.vindication_illager.death net.minecraft.util.SoundEvent@158ae284
[17:44:32] [Server thread/TRACE] [FML]:   Registry: 455 minecraft:entity.vindication_illager.hurt net.minecraft.util.SoundEvent@50eb4a2c
[17:44:32] [Server thread/TRACE] [FML]:   Registry: 456 minecraft:entity.witch.ambient net.minecraft.util.SoundEvent@1a256d80
[17:44:32] [Server thread/TRACE] [FML]:   Registry: 457 minecraft:entity.witch.death net.minecraft.util.SoundEvent@3069a360
[17:44:32] [Server thread/TRACE] [FML]:   Registry: 458 minecraft:entity.witch.drink net.minecraft.util.SoundEvent@7235f92b
[17:44:32] [Server thread/TRACE] [FML]:   Registry: 459 minecraft:entity.witch.hurt net.minecraft.util.SoundEvent@7885776b
[17:44:32] [Server thread/TRACE] [FML]:   Registry: 460 minecraft:entity.witch.throw net.minecraft.util.SoundEvent@497d4c96
[17:44:32] [Server thread/TRACE] [FML]:   Registry: 461 minecraft:entity.wither.ambient net.minecraft.util.SoundEvent@3472947a
[17:44:32] [Server thread/TRACE] [FML]:   Registry: 462 minecraft:entity.wither.break_block net.minecraft.util.SoundEvent@69d3cf7e
[17:44:32] [Server thread/TRACE] [FML]:   Registry: 463 minecraft:entity.wither.death net.minecraft.util.SoundEvent@3a3ed300
[17:44:32] [Server thread/TRACE] [FML]:   Registry: 464 minecraft:entity.wither.hurt net.minecraft.util.SoundEvent@1984212d
[17:44:32] [Server thread/TRACE] [FML]:   Registry: 465 minecraft:entity.wither.shoot net.minecraft.util.SoundEvent@39f5b723
[17:44:32] [Server thread/TRACE] [FML]:   Registry: 466 minecraft:entity.wither.spawn net.minecraft.util.SoundEvent@4eaa375c
[17:44:32] [Server thread/TRACE] [FML]:   Registry: 467 minecraft:entity.wither_skeleton.ambient net.minecraft.util.SoundEvent@2404b5a
[17:44:32] [Server thread/TRACE] [FML]:   Registry: 468 minecraft:entity.wither_skeleton.death net.minecraft.util.SoundEvent@3af58f76
[17:44:32] [Server thread/TRACE] [FML]:   Registry: 469 minecraft:entity.wither_skeleton.hurt net.minecraft.util.SoundEvent@2ead6ba4
[17:44:32] [Server thread/TRACE] [FML]:   Registry: 470 minecraft:entity.wither_skeleton.step net.minecraft.util.SoundEvent@31a2a9fa
[17:44:32] [Server thread/TRACE] [FML]:   Registry: 471 minecraft:entity.wolf.ambient net.minecraft.util.SoundEvent@31b82e0f
[17:44:32] [Server thread/TRACE] [FML]:   Registry: 472 minecraft:entity.wolf.death net.minecraft.util.SoundEvent@27a09971
[17:44:32] [Server thread/TRACE] [FML]:   Registry: 473 minecraft:entity.wolf.growl net.minecraft.util.SoundEvent@6215366a
[17:44:32] [Server thread/TRACE] [FML]:   Registry: 474 minecraft:entity.wolf.howl net.minecraft.util.SoundEvent@46dcbeab
[17:44:32] [Server thread/TRACE] [FML]:   Registry: 475 minecraft:entity.wolf.hurt net.minecraft.util.SoundEvent@36e43829
[17:44:32] [Server thread/TRACE] [FML]:   Registry: 476 minecraft:entity.wolf.pant net.minecraft.util.SoundEvent@152c4495
[17:44:32] [Server thread/TRACE] [FML]:   Registry: 477 minecraft:entity.wolf.shake net.minecraft.util.SoundEvent@5ec1963c
[17:44:32] [Server thread/TRACE] [FML]:   Registry: 478 minecraft:entity.wolf.step net.minecraft.util.SoundEvent@7dcb42a9
[17:44:32] [Server thread/TRACE] [FML]:   Registry: 479 minecraft:entity.wolf.whine net.minecraft.util.SoundEvent@6af90849
[17:44:32] [Server thread/TRACE] [FML]:   Registry: 480 minecraft:entity.zombie.ambient net.minecraft.util.SoundEvent@1d06f16f
[17:44:32] [Server thread/TRACE] [FML]:   Registry: 481 minecraft:entity.zombie.attack_door_wood net.minecraft.util.SoundEvent@4fa4f485
[17:44:32] [Server thread/TRACE] [FML]:   Registry: 482 minecraft:entity.zombie.attack_iron_door net.minecraft.util.SoundEvent@68dd39d2
[17:44:32] [Server thread/TRACE] [FML]:   Registry: 483 minecraft:entity.zombie.break_door_wood net.minecraft.util.SoundEvent@4a44cfc0
[17:44:32] [Server thread/TRACE] [FML]:   Registry: 484 minecraft:entity.zombie.death net.minecraft.util.SoundEvent@60e3c26e
[17:44:32] [Server thread/TRACE] [FML]:   Registry: 485 minecraft:entity.zombie.hurt net.minecraft.util.SoundEvent@80b122b
[17:44:32] [Server thread/TRACE] [FML]:   Registry: 486 minecraft:entity.zombie.infect net.minecraft.util.SoundEvent@999b951
[17:44:32] [Server thread/TRACE] [FML]:   Registry: 487 minecraft:entity.zombie.step net.minecraft.util.SoundEvent@65cf4d6d
[17:44:32] [Server thread/TRACE] [FML]:   Registry: 488 minecraft:entity.zombie_horse.ambient net.minecraft.util.SoundEvent@1b410308
[17:44:32] [Server thread/TRACE] [FML]:   Registry: 489 minecraft:entity.zombie_horse.death net.minecraft.util.SoundEvent@4b0bd001
[17:44:32] [Server thread/TRACE] [FML]:   Registry: 490 minecraft:entity.zombie_horse.hurt net.minecraft.util.SoundEvent@f9cab00
[17:44:32] [Server thread/TRACE] [FML]:   Registry: 491 minecraft:entity.zombie_pig.ambient net.minecraft.util.SoundEvent@10272bbb
[17:44:32] [Server thread/TRACE] [FML]:   Registry: 492 minecraft:entity.zombie_pig.angry net.minecraft.util.SoundEvent@36d33f4
[17:44:32] [Server thread/TRACE] [FML]:   Registry: 493 minecraft:entity.zombie_pig.death net.minecraft.util.SoundEvent@16736040
[17:44:32] [Server thread/TRACE] [FML]:   Registry: 494 minecraft:entity.zombie_pig.hurt net.minecraft.util.SoundEvent@7c5d1d25
[17:44:32] [Server thread/TRACE] [FML]:   Registry: 495 minecraft:entity.zombie_villager.ambient net.minecraft.util.SoundEvent@550e9be6
[17:44:32] [Server thread/TRACE] [FML]:   Registry: 496 minecraft:entity.zombie_villager.converted net.minecraft.util.SoundEvent@3f96f020
[17:44:32] [Server thread/TRACE] [FML]:   Registry: 497 minecraft:entity.zombie_villager.cure net.minecraft.util.SoundEvent@32eae6f2
[17:44:32] [Server thread/TRACE] [FML]:   Registry: 498 minecraft:entity.zombie_villager.death net.minecraft.util.SoundEvent@26ca61bf
[17:44:32] [Server thread/TRACE] [FML]:   Registry: 499 minecraft:entity.zombie_villager.hurt net.minecraft.util.SoundEvent@73a0f2b
[17:44:32] [Server thread/TRACE] [FML]:   Registry: 500 minecraft:entity.zombie_villager.step net.minecraft.util.SoundEvent@fa5f81c
[17:44:32] [Server thread/TRACE] [FML]:   Registry: 501 minecraft:item.armor.equip_chain net.minecraft.util.SoundEvent@6a1d526c
[17:44:32] [Server thread/TRACE] [FML]:   Registry: 502 minecraft:item.armor.equip_diamond net.minecraft.util.SoundEvent@1f2f0109
[17:44:32] [Server thread/TRACE] [FML]:   Registry: 503 minecraft:item.armor.equip_elytra net.minecraft.util.SoundEvent@483b0690
[17:44:32] [Server thread/TRACE] [FML]:   Registry: 504 minecraft:item.armor.equip_generic net.minecraft.util.SoundEvent@687e6293
[17:44:32] [Server thread/TRACE] [FML]:   Registry: 505 minecraft:item.armor.equip_gold net.minecraft.util.SoundEvent@6870c3c2
[17:44:32] [Server thread/TRACE] [FML]:   Registry: 506 minecraft:item.armor.equip_iron net.minecraft.util.SoundEvent@fb0a08c
[17:44:32] [Server thread/TRACE] [FML]:   Registry: 507 minecraft:item.armor.equip_leather net.minecraft.util.SoundEvent@1faf386c
[17:44:32] [Server thread/TRACE] [FML]:   Registry: 508 minecraft:item.bottle.empty net.minecraft.util.SoundEvent@4debbf0
[17:44:32] [Server thread/TRACE] [FML]:   Registry: 509 minecraft:item.bottle.fill net.minecraft.util.SoundEvent@6a5e167a
[17:44:32] [Server thread/TRACE] [FML]:   Registry: 510 minecraft:item.bottle.fill_dragonbreath net.minecraft.util.SoundEvent@60e06f7d
[17:44:32] [Server thread/TRACE] [FML]:   Registry: 511 minecraft:item.bucket.empty net.minecraft.util.SoundEvent@66a5755
[17:44:32] [Server thread/TRACE] [FML]:   Registry: 512 minecraft:item.bucket.empty_lava net.minecraft.util.SoundEvent@771a7d53
[17:44:32] [Server thread/TRACE] [FML]:   Registry: 513 minecraft:item.bucket.fill net.minecraft.util.SoundEvent@6d6d480c
[17:44:32] [Server thread/TRACE] [FML]:   Registry: 514 minecraft:item.bucket.fill_lava net.minecraft.util.SoundEvent@e95595b
[17:44:32] [Server thread/TRACE] [FML]:   Registry: 515 minecraft:item.chorus_fruit.teleport net.minecraft.util.SoundEvent@5a917723
[17:44:32] [Server thread/TRACE] [FML]:   Registry: 516 minecraft:item.elytra.flying net.minecraft.util.SoundEvent@7e4579c7
[17:44:32] [Server thread/TRACE] [FML]:   Registry: 517 minecraft:item.firecharge.use net.minecraft.util.SoundEvent@796f632b
[17:44:32] [Server thread/TRACE] [FML]:   Registry: 518 minecraft:item.flintandsteel.use net.minecraft.util.SoundEvent@5d94a2dc
[17:44:32] [Server thread/TRACE] [FML]:   Registry: 519 minecraft:item.hoe.till net.minecraft.util.SoundEvent@cedee22
[17:44:32] [Server thread/TRACE] [FML]:   Registry: 520 minecraft:item.shield.block net.minecraft.util.SoundEvent@59b32539
[17:44:32] [Server thread/TRACE] [FML]:   Registry: 521 minecraft:item.shield.break net.minecraft.util.SoundEvent@5b47731f
[17:44:32] [Server thread/TRACE] [FML]:   Registry: 522 minecraft:item.shovel.flatten net.minecraft.util.SoundEvent@233db8e9
[17:44:32] [Server thread/TRACE] [FML]:   Registry: 523 minecraft:item.totem.use net.minecraft.util.SoundEvent@40c2ce52
[17:44:32] [Server thread/TRACE] [FML]:   Registry: 524 minecraft:music.creative net.minecraft.util.SoundEvent@18a19e
[17:44:32] [Server thread/TRACE] [FML]:   Registry: 525 minecraft:music.credits net.minecraft.util.SoundEvent@60a7e509
[17:44:32] [Server thread/TRACE] [FML]:   Registry: 526 minecraft:music.dragon net.minecraft.util.SoundEvent@2e13f304
[17:44:32] [Server thread/TRACE] [FML]:   Registry: 527 minecraft:music.end net.minecraft.util.SoundEvent@787508ca
[17:44:32] [Server thread/TRACE] [FML]:   Registry: 528 minecraft:music.game net.minecraft.util.SoundEvent@3d24420b
[17:44:32] [Server thread/TRACE] [FML]:   Registry: 529 minecraft:music.menu net.minecraft.util.SoundEvent@6274670b
[17:44:32] [Server thread/TRACE] [FML]:   Registry: 530 minecraft:music.nether net.minecraft.util.SoundEvent@53ce2392
[17:44:32] [Server thread/TRACE] [FML]:   Registry: 531 minecraft:record.11 net.minecraft.util.SoundEvent@32d5279
[17:44:32] [Server thread/TRACE] [FML]:   Registry: 532 minecraft:record.13 net.minecraft.util.SoundEvent@1c067c0d
[17:44:32] [Server thread/TRACE] [FML]:   Registry: 533 minecraft:record.blocks net.minecraft.util.SoundEvent@5d0b0cb9
[17:44:32] [Server thread/TRACE] [FML]:   Registry: 534 minecraft:record.cat net.minecraft.util.SoundEvent@7f7b6639
[17:44:32] [Server thread/TRACE] [FML]:   Registry: 535 minecraft:record.chirp net.minecraft.util.SoundEvent@16ac5d35
[17:44:32] [Server thread/TRACE] [FML]:   Registry: 536 minecraft:record.far net.minecraft.util.SoundEvent@3965bdf9
[17:44:32] [Server thread/TRACE] [FML]:   Registry: 537 minecraft:record.mall net.minecraft.util.SoundEvent@3c0e00a8
[17:44:32] [Server thread/TRACE] [FML]:   Registry: 538 minecraft:record.mellohi net.minecraft.util.SoundEvent@1860f3be
[17:44:32] [Server thread/TRACE] [FML]:   Registry: 539 minecraft:record.stal net.minecraft.util.SoundEvent@6cd15072
[17:44:32] [Server thread/TRACE] [FML]:   Registry: 540 minecraft:record.strad net.minecraft.util.SoundEvent@78cfa264
[17:44:32] [Server thread/TRACE] [FML]:   Registry: 541 minecraft:record.wait net.minecraft.util.SoundEvent@3408f695
[17:44:32] [Server thread/TRACE] [FML]:   Registry: 542 minecraft:record.ward net.minecraft.util.SoundEvent@2b6a0ea9
[17:44:32] [Server thread/TRACE] [FML]:   Registry: 543 minecraft:ui.button.click net.minecraft.util.SoundEvent@4dde8976
[17:44:32] [Server thread/TRACE] [FML]:   Registry: 544 minecraft:ui.toast.in net.minecraft.util.SoundEvent@4887de2b
[17:44:32] [Server thread/TRACE] [FML]:   Registry: 545 minecraft:ui.toast.out net.minecraft.util.SoundEvent@3b4825f0
[17:44:32] [Server thread/TRACE] [FML]:   Registry: 546 minecraft:ui.toast.challenge_complete net.minecraft.util.SoundEvent@40ac6b76
[17:44:32] [Server thread/TRACE] [FML]:   Registry: 547 minecraft:weather.rain net.minecraft.util.SoundEvent@7980cf2c
[17:44:32] [Server thread/TRACE] [FML]:   Registry: 548 minecraft:weather.rain.above net.minecraft.util.SoundEvent@f0020b1
[17:44:32] [Server thread/TRACE] [FML]: Registry Name : minecraft:potiontypes
[17:44:32] [Server thread/TRACE] [FML]:   Registry: 0 minecraft:empty net.minecraft.potion.PotionType@39ae6408
[17:44:32] [Server thread/TRACE] [FML]:   Registry: 1 minecraft:water net.minecraft.potion.PotionType@cfacf0
[17:44:32] [Server thread/TRACE] [FML]:   Registry: 2 minecraft:mundane net.minecraft.potion.PotionType@4c8abec7
[17:44:32] [Server thread/TRACE] [FML]:   Registry: 3 minecraft:thick net.minecraft.potion.PotionType@45f241df
[17:44:32] [Server thread/TRACE] [FML]:   Registry: 4 minecraft:awkward net.minecraft.potion.PotionType@f36f34d
[17:44:32] [Server thread/TRACE] [FML]:   Registry: 5 minecraft:night_vision net.minecraft.potion.PotionType@72e36677
[17:44:32] [Server thread/TRACE] [FML]:   Registry: 6 minecraft:long_night_vision net.minecraft.potion.PotionType@6b86826a
[17:44:32] [Server thread/TRACE] [FML]:   Registry: 7 minecraft:invisibility net.minecraft.potion.PotionType@3c2dda7c
[17:44:32] [Server thread/TRACE] [FML]:   Registry: 8 minecraft:long_invisibility net.minecraft.potion.PotionType@4b9fa2f
[17:44:32] [Server thread/TRACE] [FML]:   Registry: 9 minecraft:leaping net.minecraft.potion.PotionType@6d80e411
[17:44:32] [Server thread/TRACE] [FML]:   Registry: 10 minecraft:long_leaping net.minecraft.potion.PotionType@32caae19
[17:44:32] [Server thread/TRACE] [FML]:   Registry: 11 minecraft:strong_leaping net.minecraft.potion.PotionType@60e67c06
[17:44:32] [Server thread/TRACE] [FML]:   Registry: 12 minecraft:fire_resistance net.minecraft.potion.PotionType@2bc59ab7
[17:44:32] [Server thread/TRACE] [FML]:   Registry: 13 minecraft:long_fire_resistance net.minecraft.potion.PotionType@410f53b2
[17:44:32] [Server thread/TRACE] [FML]:   Registry: 14 minecraft:swiftness net.minecraft.potion.PotionType@265287ec
[17:44:32] [Server thread/TRACE] [FML]:   Registry: 15 minecraft:long_swiftness net.minecraft.potion.PotionType@7507d96c
[17:44:32] [Server thread/TRACE] [FML]:   Registry: 16 minecraft:strong_swiftness net.minecraft.potion.PotionType@7210f559
[17:44:32] [Server thread/TRACE] [FML]:   Registry: 17 minecraft:slowness net.minecraft.potion.PotionType@49b9ba6a
[17:44:32] [Server thread/TRACE] [FML]:   Registry: 18 minecraft:long_slowness net.minecraft.potion.PotionType@7be62956
[17:44:32] [Server thread/TRACE] [FML]:   Registry: 19 minecraft:water_breathing net.minecraft.potion.PotionType@30e143ff
[17:44:32] [Server thread/TRACE] [FML]:   Registry: 20 minecraft:long_water_breathing net.minecraft.potion.PotionType@452ec287
[17:44:32] [Server thread/TRACE] [FML]:   Registry: 21 minecraft:healing net.minecraft.potion.PotionType@41404aa2
[17:44:32] [Server thread/TRACE] [FML]:   Registry: 22 minecraft:strong_healing net.minecraft.potion.PotionType@b267745
[17:44:32] [Server thread/TRACE] [FML]:   Registry: 23 minecraft:harming net.minecraft.potion.PotionType@31e22365
[17:44:32] [Server thread/TRACE] [FML]:   Registry: 24 minecraft:strong_harming net.minecraft.potion.PotionType@2ebf524
[17:44:32] [Server thread/TRACE] [FML]:   Registry: 25 minecraft:poison net.minecraft.potion.PotionType@41bdaa81
[17:44:32] [Server thread/TRACE] [FML]:   Registry: 26 minecraft:long_poison net.minecraft.potion.PotionType@799971ac
[17:44:32] [Server thread/TRACE] [FML]:   Registry: 27 minecraft:strong_poison net.minecraft.potion.PotionType@59c08cf1
[17:44:32] [Server thread/TRACE] [FML]:   Registry: 28 minecraft:regeneration net.minecraft.potion.PotionType@45f0038
[17:44:32] [Server thread/TRACE] [FML]:   Registry: 29 minecraft:long_regeneration net.minecraft.potion.PotionType@289a4b90
[17:44:32] [Server thread/TRACE] [FML]:   Registry: 30 minecraft:strong_regeneration net.minecraft.potion.PotionType@1a3c4b3e
[17:44:32] [Server thread/TRACE] [FML]:   Registry: 31 minecraft:strength net.minecraft.potion.PotionType@4746fb8c
[17:44:32] [Server thread/TRACE] [FML]:   Registry: 32 minecraft:long_strength net.minecraft.potion.PotionType@3be46d9c
[17:44:32] [Server thread/TRACE] [FML]:   Registry: 33 minecraft:strong_strength net.minecraft.potion.PotionType@41d877bb
[17:44:32] [Server thread/TRACE] [FML]:   Registry: 34 minecraft:weakness net.minecraft.potion.PotionType@39c5a105
[17:44:32] [Server thread/TRACE] [FML]:   Registry: 35 minecraft:long_weakness net.minecraft.potion.PotionType@492fa72a
[17:44:32] [Server thread/TRACE] [FML]:   Registry: 36 minecraft:luck net.minecraft.potion.PotionType@513fab1e
[17:44:32] [Server thread/TRACE] [FML]: Registry Name : minecraft:enchantments
[17:44:32] [Server thread/TRACE] [FML]:   Registry: 0 minecraft:protection net.minecraft.enchantment.EnchantmentProtection@1ef93e01
[17:44:32] [Server thread/TRACE] [FML]:   Registry: 1 minecraft:fire_protection net.minecraft.enchantment.EnchantmentProtection@4fafd27e
[17:44:32] [Server thread/TRACE] [FML]:   Registry: 2 minecraft:feather_falling net.minecraft.enchantment.EnchantmentProtection@6cd66f6a
[17:44:32] [Server thread/TRACE] [FML]:   Registry: 3 minecraft:blast_protection net.minecraft.enchantment.EnchantmentProtection@d512c1
[17:44:32] [Server thread/TRACE] [FML]:   Registry: 4 minecraft:projectile_protection net.minecraft.enchantment.EnchantmentProtection@578b2dec
[17:44:32] [Server thread/TRACE] [FML]:   Registry: 5 minecraft:respiration net.minecraft.enchantment.EnchantmentOxygen@48ee3c2d
[17:44:32] [Server thread/TRACE] [FML]:   Registry: 6 minecraft:aqua_affinity net.minecraft.enchantment.EnchantmentWaterWorker@218f2f51
[17:44:32] [Server thread/TRACE] [FML]:   Registry: 7 minecraft:thorns net.minecraft.enchantment.EnchantmentThorns@43756cb
[17:44:32] [Server thread/TRACE] [FML]:   Registry: 8 minecraft:depth_strider net.minecraft.enchantment.EnchantmentWaterWalker@1a336906
[17:44:32] [Server thread/TRACE] [FML]:   Registry: 9 minecraft:frost_walker net.minecraft.enchantment.EnchantmentFrostWalker@69bc4024
[17:44:32] [Server thread/TRACE] [FML]:   Registry: 10 minecraft:binding_curse net.minecraft.enchantment.EnchantmentBindingCurse@1efcba00
[17:44:32] [Server thread/TRACE] [FML]:   Registry: 16 minecraft:sharpness net.minecraft.enchantment.EnchantmentDamage@2fcc5f49
[17:44:32] [Server thread/TRACE] [FML]:   Registry: 17 minecraft:smite net.minecraft.enchantment.EnchantmentDamage@28e48b65
[17:44:32] [Server thread/TRACE] [FML]:   Registry: 18 minecraft:bane_of_arthropods net.minecraft.enchantment.EnchantmentDamage@6cde0c69
[17:44:32] [Server thread/TRACE] [FML]:   Registry: 19 minecraft:knockback net.minecraft.enchantment.EnchantmentKnockback@347b370c
[17:44:32] [Server thread/TRACE] [FML]:   Registry: 20 minecraft:fire_aspect net.minecraft.enchantment.EnchantmentFireAspect@92fd091
[17:44:32] [Server thread/TRACE] [FML]:   Registry: 21 minecraft:looting net.minecraft.enchantment.EnchantmentLootBonus@77204651
[17:44:32] [Server thread/TRACE] [FML]:   Registry: 22 minecraft:sweeping net.minecraft.enchantment.EnchantmentSweepingEdge@e994ca
[17:44:32] [Server thread/TRACE] [FML]:   Registry: 32 minecraft:efficiency net.minecraft.enchantment.EnchantmentDigging@5256fbc
[17:44:32] [Server thread/TRACE] [FML]:   Registry: 33 minecraft:silk_touch net.minecraft.enchantment.EnchantmentUntouching@56f2c9e8
[17:44:32] [Server thread/TRACE] [FML]:   Registry: 34 minecraft:unbreaking net.minecraft.enchantment.EnchantmentDurability@6cc56b32
[17:44:32] [Server thread/TRACE] [FML]:   Registry: 35 minecraft:fortune net.minecraft.enchantment.EnchantmentLootBonus@43fe2008
[17:44:32] [Server thread/TRACE] [FML]:   Registry: 48 minecraft:power net.minecraft.enchantment.EnchantmentArrowDamage@15130002
[17:44:32] [Server thread/TRACE] [FML]:   Registry: 49 minecraft:punch net.minecraft.enchantment.EnchantmentArrowKnockback@3de45b6c
[17:44:32] [Server thread/TRACE] [FML]:   Registry: 50 minecraft:flame net.minecraft.enchantment.EnchantmentArrowFire@35554635
[17:44:32] [Server thread/TRACE] [FML]:   Registry: 51 minecraft:infinity net.minecraft.enchantment.EnchantmentArrowInfinite@2fdf7da2
[17:44:32] [Server thread/TRACE] [FML]:   Registry: 61 minecraft:luck_of_the_sea net.minecraft.enchantment.EnchantmentLootBonus@43b172e3
[17:44:32] [Server thread/TRACE] [FML]:   Registry: 62 minecraft:lure net.minecraft.enchantment.EnchantmentFishingSpeed@6fe2a366
[17:44:32] [Server thread/TRACE] [FML]:   Registry: 70 minecraft:mending net.minecraft.enchantment.EnchantmentMending@5c79c5ec
[17:44:32] [Server thread/TRACE] [FML]:   Registry: 71 minecraft:vanishing_curse net.minecraft.enchantment.EnchantmentVanishingCurse@248b2b61
[17:44:32] [Server thread/TRACE] [FML]: Registry Name : minecraft:recipes
[17:44:32] [Server thread/TRACE] [FML]:   Registry: 0 minecraft:armordye net.minecraft.item.crafting.RecipesArmorDyes@361fa478
[17:44:32] [Server thread/TRACE] [FML]:   Registry: 1 minecraft:bookcloning net.minecraft.item.crafting.RecipeBookCloning@6247c08c
[17:44:32] [Server thread/TRACE] [FML]:   Registry: 2 minecraft:mapcloning net.minecraft.item.crafting.RecipesMapCloning@79e16dd9
[17:44:32] [Server thread/TRACE] [FML]:   Registry: 3 minecraft:mapextending net.minecraft.item.crafting.RecipesMapExtending@470f0637
[17:44:32] [Server thread/TRACE] [FML]:   Registry: 4 minecraft:fireworks net.minecraft.item.crafting.RecipeFireworks@2aaa89c2
[17:44:32] [Server thread/TRACE] [FML]:   Registry: 5 minecraft:repairitem net.minecraft.item.crafting.RecipeRepairItem@ba86c53
[17:44:32] [Server thread/TRACE] [FML]:   Registry: 6 minecraft:tippedarrow net.minecraft.item.crafting.RecipeTippedArrow@39ac8c0c
[17:44:32] [Server thread/TRACE] [FML]:   Registry: 7 minecraft:bannerduplicate net.minecraft.item.crafting.RecipesBanners$RecipeDuplicatePattern@7cd8831c
[17:44:32] [Server thread/TRACE] [FML]:   Registry: 8 minecraft:banneraddpattern net.minecraft.item.crafting.RecipesBanners$RecipeAddPattern@1e9d721
[17:44:32] [Server thread/TRACE] [FML]:   Registry: 9 minecraft:shielddecoration net.minecraft.item.crafting.ShieldRecipes$Decoration@3ae91ab3
[17:44:32] [Server thread/TRACE] [FML]:   Registry: 10 minecraft:shulkerboxcoloring net.minecraft.item.crafting.ShulkerBoxRecipes$ShulkerBoxColoring@1a7a21d0
[17:44:32] [Server thread/TRACE] [FML]:   Registry: 11 minecraft:yellow_wool net.minecraft.item.crafting.ShapelessRecipes@5d4a34ff
[17:44:32] [Server thread/TRACE] [FML]:   Registry: 12 minecraft:yellow_stained_hardened_clay net.minecraft.item.crafting.ShapedRecipes@2b19b346
[17:44:32] [Server thread/TRACE] [FML]:   Registry: 13 minecraft:yellow_stained_glass_pane net.minecraft.item.crafting.ShapedRecipes@54e06788
[17:44:32] [Server thread/TRACE] [FML]:   Registry: 14 minecraft:yellow_stained_glass net.minecraft.item.crafting.ShapedRecipes@13047d3d
[17:44:32] [Server thread/TRACE] [FML]:   Registry: 15 minecraft:yellow_dye_from_sunflower net.minecraft.item.crafting.ShapelessRecipes@73e93c3a
[17:44:32] [Server thread/TRACE] [FML]:   Registry: 16 minecraft:yellow_dye_from_dandelion net.minecraft.item.crafting.ShapelessRecipes@1e6bd367
[17:44:32] [Server thread/TRACE] [FML]:   Registry: 17 minecraft:yellow_concrete_powder net.minecraft.item.crafting.ShapelessRecipes@7b9d1a4
[17:44:32] [Server thread/TRACE] [FML]:   Registry: 18 minecraft:yellow_carpet net.minecraft.item.crafting.ShapedRecipes@16c8e9b8
[17:44:32] [Server thread/TRACE] [FML]:   Registry: 19 minecraft:yellow_bed_from_white_bed net.minecraft.item.crafting.ShapelessRecipes@75063bd0
[17:44:32] [Server thread/TRACE] [FML]:   Registry: 20 minecraft:yellow_bed net.minecraft.item.crafting.ShapedRecipes@18f4086e
[17:44:32] [Server thread/TRACE] [FML]:   Registry: 21 minecraft:yellow_banner net.minecraft.item.crafting.ShapedRecipes@42db955e
[17:44:32] [Server thread/TRACE] [FML]:   Registry: 22 minecraft:writable_book net.minecraft.item.crafting.ShapelessRecipes@75c15f76
[17:44:32] [Server thread/TRACE] [FML]:   Registry: 23 minecraft:wooden_sword net.minecraft.item.crafting.ShapedRecipes@4b916cc2
[17:44:32] [Server thread/TRACE] [FML]:   Registry: 24 minecraft:wooden_shovel net.minecraft.item.crafting.ShapedRecipes@652a1a17
[17:44:32] [Server thread/TRACE] [FML]:   Registry: 25 minecraft:wooden_pressure_plate net.minecraft.item.crafting.ShapedRecipes@69419d59
[17:44:32] [Server thread/TRACE] [FML]:   Registry: 26 minecraft:wooden_pickaxe net.minecraft.item.crafting.ShapedRecipes@43719e98
[17:44:32] [Server thread/TRACE] [FML]:   Registry: 27 minecraft:wooden_hoe net.minecraft.item.crafting.ShapedRecipes@744fb110
[17:44:32] [Server thread/TRACE] [FML]:   Registry: 28 minecraft:wooden_door net.minecraft.item.crafting.ShapedRecipes@18209303
[17:44:32] [Server thread/TRACE] [FML]:   Registry: 29 minecraft:wooden_button net.minecraft.item.crafting.ShapedRecipes@14b9df65
[17:44:32] [Server thread/TRACE] [FML]:   Registry: 30 minecraft:wooden_axe net.minecraft.item.crafting.ShapedRecipes@3921135e
[17:44:32] [Server thread/TRACE] [FML]:   Registry: 31 minecraft:white_stained_hardened_clay net.minecraft.item.crafting.ShapedRecipes@3211cc84
[17:44:32] [Server thread/TRACE] [FML]:   Registry: 32 minecraft:white_stained_glass_pane net.minecraft.item.crafting.ShapedRecipes@62ee1c89
[17:44:32] [Server thread/TRACE] [FML]:   Registry: 33 minecraft:white_stained_glass net.minecraft.item.crafting.ShapedRecipes@379b4e86
[17:44:32] [Server thread/TRACE] [FML]:   Registry: 34 minecraft:white_concrete_powder net.minecraft.item.crafting.ShapelessRecipes@17dbca0a
[17:44:32] [Server thread/TRACE] [FML]:   Registry: 35 minecraft:white_carpet net.minecraft.item.crafting.ShapedRecipes@5c9e6d95
[17:44:32] [Server thread/TRACE] [FML]:   Registry: 36 minecraft:white_bed net.minecraft.item.crafting.ShapedRecipes@c29b0dc
[17:44:32] [Server thread/TRACE] [FML]:   Registry: 37 minecraft:white_banner net.minecraft.item.crafting.ShapedRecipes@43de9fc9
[17:44:32] [Server thread/TRACE] [FML]:   Registry: 38 minecraft:wheat net.minecraft.item.crafting.ShapedRecipes@2cc97e47
[17:44:32] [Server thread/TRACE] [FML]:   Registry: 39 minecraft:tripwire_hook net.minecraft.item.crafting.ShapedRecipes@3c68e82
[17:44:32] [Server thread/TRACE] [FML]:   Registry: 40 minecraft:trapped_chest net.minecraft.item.crafting.ShapelessRecipes@281ca256
[17:44:32] [Server thread/TRACE] [FML]:   Registry: 41 minecraft:trapdoor net.minecraft.item.crafting.ShapedRecipes@75f2ff80
[17:44:32] [Server thread/TRACE] [FML]:   Registry: 42 minecraft:torch net.minecraft.item.crafting.ShapedRecipes@28c7fd9d
[17:44:32] [Server thread/TRACE] [FML]:   Registry: 43 minecraft:tnt_minecart net.minecraft.item.crafting.ShapedRecipes@d65e744
[17:44:32] [Server thread/TRACE] [FML]:   Registry: 44 minecraft:tnt net.minecraft.item.crafting.ShapedRecipes@25435731
[17:44:32] [Server thread/TRACE] [FML]:   Registry: 45 minecraft:sugar net.minecraft.item.crafting.ShapedRecipes@61b0af9f
[17:44:32] [Server thread/TRACE] [FML]:   Registry: 46 minecraft:string_to_wool net.minecraft.item.crafting.ShapedRecipes@8ecc457
[17:44:32] [Server thread/TRACE] [FML]:   Registry: 47 minecraft:stonebrick net.minecraft.item.crafting.ShapedRecipes@694b1ddb
[17:44:32] [Server thread/TRACE] [FML]:   Registry: 48 minecraft:stone_sword net.minecraft.item.crafting.ShapedRecipes@2c6aa46c
[17:44:32] [Server thread/TRACE] [FML]:   Registry: 49 minecraft:stone_stairs net.minecraft.item.crafting.ShapedRecipes@446a5aa5
[17:44:32] [Server thread/TRACE] [FML]:   Registry: 50 minecraft:stone_slab net.minecraft.item.crafting.ShapedRecipes@366b4a7b
[17:44:32] [Server thread/TRACE] [FML]:   Registry: 51 minecraft:stone_shovel net.minecraft.item.crafting.ShapedRecipes@a30dbc0
[17:44:32] [Server thread/TRACE] [FML]:   Registry: 52 minecraft:stone_pressure_plate net.minecraft.item.crafting.ShapedRecipes@337cb81d
[17:44:32] [Server thread/TRACE] [FML]:   Registry: 53 minecraft:stone_pickaxe net.minecraft.item.crafting.ShapedRecipes@665b441e
[17:44:32] [Server thread/TRACE] [FML]:   Registry: 54 minecraft:stone_hoe net.minecraft.item.crafting.ShapedRecipes@239d73ff
[17:44:32] [Server thread/TRACE] [FML]:   Registry: 55 minecraft:stone_button net.minecraft.item.crafting.ShapedRecipes@21ab919c
[17:44:32] [Server thread/TRACE] [FML]:   Registry: 56 minecraft:stone_brick_stairs net.minecraft.item.crafting.ShapedRecipes@414d2821
[17:44:32] [Server thread/TRACE] [FML]:   Registry: 57 minecraft:stone_brick_slab net.minecraft.item.crafting.ShapedRecipes@49ea13b6
[17:44:32] [Server thread/TRACE] [FML]:   Registry: 58 minecraft:stone_axe net.minecraft.item.crafting.ShapedRecipes@5dd6f517
[17:44:32] [Server thread/TRACE] [FML]:   Registry: 59 minecraft:sticky_piston net.minecraft.item.crafting.ShapedRecipes@807c1e8
[17:44:32] [Server thread/TRACE] [FML]:   Registry: 60 minecraft:stick net.minecraft.item.crafting.ShapedRecipes@33bfe6d3
[17:44:32] [Server thread/TRACE] [FML]:   Registry: 61 minecraft:spruce_wooden_slab net.minecraft.item.crafting.ShapedRecipes@998fbd4
[17:44:32] [Server thread/TRACE] [FML]:   Registry: 62 minecraft:spruce_stairs net.minecraft.item.crafting.ShapedRecipes@4e02f17d
[17:44:32] [Server thread/TRACE] [FML]:   Registry: 63 minecraft:spruce_planks net.minecraft.item.crafting.ShapedRecipes@2419a5db
[17:44:32] [Server thread/TRACE] [FML]:   Registry: 64 minecraft:spruce_fence_gate net.minecraft.item.crafting.ShapedRecipes@336070ab
[17:44:32] [Server thread/TRACE] [FML]:   Registry: 65 minecraft:spruce_fence net.minecraft.item.crafting.ShapedRecipes@3dec769
[17:44:32] [Server thread/TRACE] [FML]:   Registry: 66 minecraft:spruce_door net.minecraft.item.crafting.ShapedRecipes@433b546f
[17:44:32] [Server thread/TRACE] [FML]:   Registry: 67 minecraft:spruce_boat net.minecraft.item.crafting.ShapedRecipes@4b475742
[17:44:32] [Server thread/TRACE] [FML]:   Registry: 68 minecraft:spectral_arrow net.minecraft.item.crafting.ShapedRecipes@484876a1
[17:44:32] [Server thread/TRACE] [FML]:   Registry: 69 minecraft:speckled_melon net.minecraft.item.crafting.ShapedRecipes@2e47a71e
[17:44:32] [Server thread/TRACE] [FML]:   Registry: 70 minecraft:snow_layer net.minecraft.item.crafting.ShapedRecipes@1bbb48dd
[17:44:32] [Server thread/TRACE] [FML]:   Registry: 71 minecraft:snow net.minecraft.item.crafting.ShapedRecipes@3d3b4e09
[17:44:32] [Server thread/TRACE] [FML]:   Registry: 72 minecraft:smooth_sandstone net.minecraft.item.crafting.ShapedRecipes@4be7acd9
[17:44:32] [Server thread/TRACE] [FML]:   Registry: 73 minecraft:smooth_red_sandstone net.minecraft.item.crafting.ShapedRecipes@48144f1a
[17:44:32] [Server thread/TRACE] [FML]:   Registry: 74 minecraft:slime_ball net.minecraft.item.crafting.ShapedRecipes@2520010e
[17:44:32] [Server thread/TRACE] [FML]:   Registry: 75 minecraft:slime net.minecraft.item.crafting.ShapedRecipes@4be1dce6
[17:44:32] [Server thread/TRACE] [FML]:   Registry: 76 minecraft:sign net.minecraft.item.crafting.ShapedRecipes@48333b12
[17:44:32] [Server thread/TRACE] [FML]:   Registry: 77 minecraft:shield net.minecraft.item.crafting.ShapedRecipes@6a299b9d
[17:44:32] [Server thread/TRACE] [FML]:   Registry: 78 minecraft:shears net.minecraft.item.crafting.ShapedRecipes@13ddaffb
[17:44:32] [Server thread/TRACE] [FML]:   Registry: 79 minecraft:sea_lantern net.minecraft.item.crafting.ShapedRecipes@40fee459
[17:44:32] [Server thread/TRACE] [FML]:   Registry: 80 minecraft:sandstone_stairs net.minecraft.item.crafting.ShapedRecipes@24a7d3d3
[17:44:32] [Server thread/TRACE] [FML]:   Registry: 81 minecraft:sandstone_slab net.minecraft.item.crafting.ShapedRecipes@440461ef
[17:44:32] [Server thread/TRACE] [FML]:   Registry: 82 minecraft:sandstone net.minecraft.item.crafting.ShapedRecipes@482942d8
[17:44:32] [Server thread/TRACE] [FML]:   Registry: 83 minecraft:repeater net.minecraft.item.crafting.ShapedRecipes@105dc246
[17:44:32] [Server thread/TRACE] [FML]:   Registry: 84 minecraft:redstone_torch net.minecraft.item.crafting.ShapedRecipes@62c6db99
[17:44:32] [Server thread/TRACE] [FML]:   Registry: 85 minecraft:redstone_lamp net.minecraft.item.crafting.ShapedRecipes@41581c3f
[17:44:32] [Server thread/TRACE] [FML]:   Registry: 86 minecraft:redstone_block net.minecraft.item.crafting.ShapedRecipes@352ce817
[17:44:32] [Server thread/TRACE] [FML]:   Registry: 87 minecraft:redstone net.minecraft.item.crafting.ShapedRecipes@4a3bf37c
[17:44:32] [Server thread/TRACE] [FML]:   Registry: 88 minecraft:red_wool net.minecraft.item.crafting.ShapelessRecipes@2fcffc05
[17:44:32] [Server thread/TRACE] [FML]:   Registry: 89 minecraft:red_stained_hardened_clay net.minecraft.item.crafting.ShapedRecipes@6da9541c
[17:44:32] [Server thread/TRACE] [FML]:   Registry: 90 minecraft:red_stained_glass_pane net.minecraft.item.crafting.ShapedRecipes@29394966
[17:44:32] [Server thread/TRACE] [FML]:   Registry: 91 minecraft:red_stained_glass net.minecraft.item.crafting.ShapedRecipes@4742466e
[17:44:32] [Server thread/TRACE] [FML]:   Registry: 92 minecraft:red_sandstone_stairs net.minecraft.item.crafting.ShapedRecipes@3691d4da
[17:44:32] [Server thread/TRACE] [FML]:   Registry: 93 minecraft:red_sandstone_slab net.minecraft.item.crafting.ShapedRecipes@197cc325
[17:44:32] [Server thread/TRACE] [FML]:   Registry: 94 minecraft:red_sandstone net.minecraft.item.crafting.ShapedRecipes@4713b631
[17:44:32] [Server thread/TRACE] [FML]:   Registry: 95 minecraft:red_nether_brick net.minecraft.item.crafting.ShapedRecipes@55c8fc60
[17:44:32] [Server thread/TRACE] [FML]:   Registry: 96 minecraft:red_dye_from_tulip net.minecraft.item.crafting.ShapelessRecipes@5cf33d25
[17:44:32] [Server thread/TRACE] [FML]:   Registry: 97 minecraft:red_dye_from_rose_bush net.minecraft.item.crafting.ShapelessRecipes@5617168c
[17:44:32] [Server thread/TRACE] [FML]:   Registry: 98 minecraft:red_dye_from_poppy net.minecraft.item.crafting.ShapelessRecipes@3ad558bf
[17:44:32] [Server thread/TRACE] [FML]:   Registry: 99 minecraft:red_dye_from_beetroot net.minecraft.item.crafting.ShapelessRecipes@6b15e68c
[17:44:32] [Server thread/TRACE] [FML]:   Registry: 100 minecraft:red_concrete_powder net.minecraft.item.crafting.ShapelessRecipes@7b2f8152
[17:44:32] [Server thread/TRACE] [FML]:   Registry: 101 minecraft:red_carpet net.minecraft.item.crafting.ShapedRecipes@609ad016
[17:44:32] [Server thread/TRACE] [FML]:   Registry: 102 minecraft:red_bed_from_white_bed net.minecraft.item.crafting.ShapelessRecipes@664254b6
[17:44:32] [Server thread/TRACE] [FML]:   Registry: 103 minecraft:red_bed net.minecraft.item.crafting.ShapedRecipes@7acb5200
[17:44:32] [Server thread/TRACE] [FML]:   Registry: 104 minecraft:red_banner net.minecraft.item.crafting.ShapedRecipes@491cc0eb
[17:44:32] [Server thread/TRACE] [FML]:   Registry: 105 minecraft:rail net.minecraft.item.crafting.ShapedRecipes@2e91cf69
[17:44:32] [Server thread/TRACE] [FML]:   Registry: 106 minecraft:rabbit_stew_from_red_mushroom net.minecraft.item.crafting.ShapedRecipes@6a5c2d2d
[17:44:32] [Server thread/TRACE] [FML]:   Registry: 107 minecraft:rabbit_stew_from_brown_mushroom net.minecraft.item.crafting.ShapedRecipes@3ca6bd01
[17:44:32] [Server thread/TRACE] [FML]:   Registry: 108 minecraft:quartz_stairs net.minecraft.item.crafting.ShapedRecipes@1e4c4fda
[17:44:32] [Server thread/TRACE] [FML]:   Registry: 109 minecraft:quartz_slab net.minecraft.item.crafting.ShapedRecipes@36ab69d9
[17:44:32] [Server thread/TRACE] [FML]:   Registry: 110 minecraft:quartz_block net.minecraft.item.crafting.ShapedRecipes@56a9b662
[17:44:32] [Server thread/TRACE] [FML]:   Registry: 111 minecraft:purpur_stairs net.minecraft.item.crafting.ShapedRecipes@76134251
[17:44:32] [Server thread/TRACE] [FML]:   Registry: 112 minecraft:purpur_slab net.minecraft.item.crafting.ShapedRecipes@6dc2e473
[17:44:32] [Server thread/TRACE] [FML]:   Registry: 113 minecraft:purpur_pillar net.minecraft.item.crafting.ShapedRecipes@180d918a
[17:44:32] [Server thread/TRACE] [FML]:   Registry: 114 minecraft:purpur_block net.minecraft.item.crafting.ShapedRecipes@153409b8
[17:44:32] [Server thread/TRACE] [FML]:   Registry: 115 minecraft:purple_wool net.minecraft.item.crafting.ShapelessRecipes@29ee8174
[17:44:32] [Server thread/TRACE] [FML]:   Registry: 116 minecraft:purple_stained_hardened_clay net.minecraft.item.crafting.ShapedRecipes@3f2ef402
[17:44:32] [Server thread/TRACE] [FML]:   Registry: 117 minecraft:purple_stained_glass_pane net.minecraft.item.crafting.ShapedRecipes@470b5213
[17:44:32] [Server thread/TRACE] [FML]:   Registry: 118 minecraft:purple_stained_glass net.minecraft.item.crafting.ShapedRecipes@20518250
[17:44:32] [Server thread/TRACE] [FML]:   Registry: 119 minecraft:purple_shulker_box net.minecraft.item.crafting.ShapedRecipes@18b58c77
[17:44:32] [Server thread/TRACE] [FML]:   Registry: 120 minecraft:purple_dye net.minecraft.item.crafting.ShapelessRecipes@2e7517aa
[17:44:32] [Server thread/TRACE] [FML]:   Registry: 121 minecraft:purple_concrete_powder net.minecraft.item.crafting.ShapelessRecipes@320ba79f
[17:44:32] [Server thread/TRACE] [FML]:   Registry: 122 minecraft:purple_carpet net.minecraft.item.crafting.ShapedRecipes@6719f206
[17:44:32] [Server thread/TRACE] [FML]:   Registry: 123 minecraft:purple_bed_from_white_bed net.minecraft.item.crafting.ShapelessRecipes@6d9ee75a
[17:44:32] [Server thread/TRACE] [FML]:   Registry: 124 minecraft:purple_bed net.minecraft.item.crafting.ShapedRecipes@2aeb7c4c
[17:44:32] [Server thread/TRACE] [FML]:   Registry: 125 minecraft:purple_banner net.minecraft.item.crafting.ShapedRecipes@cd93621
[17:44:32] [Server thread/TRACE] [FML]:   Registry: 126 minecraft:pumpkin_seeds net.minecraft.item.crafting.ShapedRecipes@4fd63c43
[17:44:32] [Server thread/TRACE] [FML]:   Registry: 127 minecraft:pumpkin_pie net.minecraft.item.crafting.ShapelessRecipes@40db6136
[17:44:32] [Server thread/TRACE] [FML]:   Registry: 128 minecraft:prismarine_bricks net.minecraft.item.crafting.ShapedRecipes@70aa03c0
[17:44:32] [Server thread/TRACE] [FML]:   Registry: 129 minecraft:prismarine net.minecraft.item.crafting.ShapedRecipes@77db231c
[17:44:32] [Server thread/TRACE] [FML]:   Registry: 130 minecraft:polished_granite net.minecraft.item.crafting.ShapedRecipes@6fc6f68f
[17:44:32] [Server thread/TRACE] [FML]:   Registry: 131 minecraft:polished_diorite net.minecraft.item.crafting.ShapedRecipes@762f8ff6
[17:44:32] [Server thread/TRACE] [FML]:   Registry: 132 minecraft:polished_andesite net.minecraft.item.crafting.ShapedRecipes@141a10bf
[17:44:32] [Server thread/TRACE] [FML]:   Registry: 133 minecraft:piston net.minecraft.item.crafting.ShapedRecipes@6f4f2cc0
[17:44:32] [Server thread/TRACE] [FML]:   Registry: 134 minecraft:pink_wool net.minecraft.item.crafting.ShapelessRecipes@468f2a6f
[17:44:32] [Server thread/TRACE] [FML]:   Registry: 135 minecraft:pink_stained_hardened_clay net.minecraft.item.crafting.ShapedRecipes@35744f8
[17:44:32] [Server thread/TRACE] [FML]:   Registry: 136 minecraft:pink_stained_glass_pane net.minecraft.item.crafting.ShapedRecipes@75c0cd39
[17:44:32] [Server thread/TRACE] [FML]:   Registry: 137 minecraft:pink_stained_glass net.minecraft.item.crafting.ShapedRecipes@1782896
[17:44:32] [Server thread/TRACE] [FML]:   Registry: 138 minecraft:pink_dye_from_red_bonemeal net.minecraft.item.crafting.ShapelessRecipes@9a07409
[17:44:32] [Server thread/TRACE] [FML]:   Registry: 139 minecraft:pink_dye_from_pink_tulip net.minecraft.item.crafting.ShapelessRecipes@5b0835cb
[17:44:32] [Server thread/TRACE] [FML]:   Registry: 140 minecraft:pink_dye_from_peony net.minecraft.item.crafting.ShapelessRecipes@5dc7391e
[17:44:32] [Server thread/TRACE] [FML]:   Registry: 141 minecraft:pink_concrete_powder net.minecraft.item.crafting.ShapelessRecipes@67a3394c
[17:44:32] [Server thread/TRACE] [FML]:   Registry: 142 minecraft:pink_carpet net.minecraft.item.crafting.ShapedRecipes@4f98ac31
[17:44:32] [Server thread/TRACE] [FML]:   Registry: 143 minecraft:pink_bed_from_white_bed net.minecraft.item.crafting.ShapelessRecipes@e04b8a0
[17:44:32] [Server thread/TRACE] [FML]:   Registry: 144 minecraft:pink_bed net.minecraft.item.crafting.ShapedRecipes@27b7204
[17:44:32] [Server thread/TRACE] [FML]:   Registry: 145 minecraft:pink_banner net.minecraft.item.crafting.ShapedRecipes@f837c11
[17:44:32] [Server thread/TRACE] [FML]:   Registry: 146 minecraft:pillar_quartz_block net.minecraft.item.crafting.ShapedRecipes@42a97053
[17:44:32] [Server thread/TRACE] [FML]:   Registry: 147 minecraft:paper net.minecraft.item.crafting.ShapedRecipes@1bbef3c7
[17:44:32] [Server thread/TRACE] [FML]:   Registry: 148 minecraft:painting net.minecraft.item.crafting.ShapedRecipes@2212e291
[17:44:32] [Server thread/TRACE] [FML]:   Registry: 149 minecraft:orange_wool net.minecraft.item.crafting.ShapelessRecipes@15fe020d
[17:44:32] [Server thread/TRACE] [FML]:   Registry: 150 minecraft:orange_stained_hardened_clay net.minecraft.item.crafting.ShapedRecipes@5342032a
[17:44:32] [Server thread/TRACE] [FML]:   Registry: 151 minecraft:orange_stained_glass_pane net.minecraft.item.crafting.ShapedRecipes@59aa1d1c
[17:44:32] [Server thread/TRACE] [FML]:   Registry: 152 minecraft:orange_stained_glass net.minecraft.item.crafting.ShapedRecipes@1eddca25
[17:44:32] [Server thread/TRACE] [FML]:   Registry: 153 minecraft:orange_dye_from_red_yellow net.minecraft.item.crafting.ShapelessRecipes@266a47fd
[17:44:32] [Server thread/TRACE] [FML]:   Registry: 154 minecraft:orange_dye_from_orange_tulip net.minecraft.item.crafting.ShapelessRecipes@6d5de79a
[17:44:32] [Server thread/TRACE] [FML]:   Registry: 155 minecraft:orange_concrete_powder net.minecraft.item.crafting.ShapelessRecipes@20db19ff
[17:44:32] [Server thread/TRACE] [FML]:   Registry: 156 minecraft:orange_carpet net.minecraft.item.crafting.ShapedRecipes@602aeb87
[17:44:32] [Server thread/TRACE] [FML]:   Registry: 157 minecraft:orange_bed_from_white_bed net.minecraft.item.crafting.ShapelessRecipes@1d40f597
[17:44:32] [Server thread/TRACE] [FML]:   Registry: 158 minecraft:orange_bed net.minecraft.item.crafting.ShapedRecipes@103e9972
[17:44:32] [Server thread/TRACE] [FML]:   Registry: 159 minecraft:orange_banner net.minecraft.item.crafting.ShapedRecipes@14d298d6
[17:44:32] [Server thread/TRACE] [FML]:   Registry: 160 minecraft:observer net.minecraft.item.crafting.ShapedRecipes@4f22fd5d
[17:44:32] [Server thread/TRACE] [FML]:   Registry: 161 minecraft:oak_wooden_slab net.minecraft.item.crafting.ShapedRecipes@7f94541b
[17:44:32] [Server thread/TRACE] [FML]:   Registry: 162 minecraft:oak_stairs net.minecraft.item.crafting.ShapedRecipes@32cec678
[17:44:32] [Server thread/TRACE] [FML]:   Registry: 163 minecraft:oak_planks net.minecraft.item.crafting.ShapedRecipes@618fb1
[17:44:32] [Server thread/TRACE] [FML]:   Registry: 164 minecraft:noteblock net.minecraft.item.crafting.ShapedRecipes@2c4eae94
[17:44:32] [Server thread/TRACE] [FML]:   Registry: 165 minecraft:nether_wart_block net.minecraft.item.crafting.ShapedRecipes@6ad198c9
[17:44:32] [Server thread/TRACE] [FML]:   Registry: 166 minecraft:nether_brick_stairs net.minecraft.item.crafting.ShapedRecipes@2a60981c
[17:44:32] [Server thread/TRACE] [FML]:   Registry: 167 minecraft:nether_brick_slab net.minecraft.item.crafting.ShapedRecipes@183a508b
[17:44:32] [Server thread/TRACE] [FML]:   Registry: 168 minecraft:nether_brick_fence net.minecraft.item.crafting.ShapedRecipes@4c8a9266
[17:44:32] [Server thread/TRACE] [FML]:   Registry: 169 minecraft:nether_brick net.minecraft.item.crafting.ShapedRecipes@51da7b08
[17:44:32] [Server thread/TRACE] [FML]:   Registry: 170 minecraft:mushroom_stew net.minecraft.item.crafting.ShapelessRecipes@259aec72
[17:44:32] [Server thread/TRACE] [FML]:   Registry: 171 minecraft:mossy_stonebrick net.minecraft.item.crafting.ShapelessRecipes@fabfc79
[17:44:32] [Server thread/TRACE] [FML]:   Registry: 172 minecraft:mossy_cobblestone_wall net.minecraft.item.crafting.ShapedRecipes@27682fa9
[17:44:32] [Server thread/TRACE] [FML]:   Registry: 173 minecraft:mossy_cobblestone net.minecraft.item.crafting.ShapelessRecipes@16c9e378
[17:44:32] [Server thread/TRACE] [FML]:   Registry: 174 minecraft:minecart net.minecraft.item.crafting.ShapedRecipes@594c66c3
[17:44:32] [Server thread/TRACE] [FML]:   Registry: 175 minecraft:melon_seeds net.minecraft.item.crafting.ShapedRecipes@5606d537
[17:44:32] [Server thread/TRACE] [FML]:   Registry: 176 minecraft:melon_block net.minecraft.item.crafting.ShapedRecipes@63b0b3dd
[17:44:32] [Server thread/TRACE] [FML]:   Registry: 177 minecraft:map net.minecraft.item.crafting.ShapedRecipes@308be1a3
[17:44:32] [Server thread/TRACE] [FML]:   Registry: 178 minecraft:magma_cream net.minecraft.item.crafting.ShapelessRecipes@2555a986
[17:44:32] [Server thread/TRACE] [FML]:   Registry: 179 minecraft:magma net.minecraft.item.crafting.ShapedRecipes@5af4328e
[17:44:32] [Server thread/TRACE] [FML]:   Registry: 180 minecraft:magenta_wool net.minecraft.item.crafting.ShapelessRecipes@5cfe28e1
[17:44:32] [Server thread/TRACE] [FML]:   Registry: 181 minecraft:magenta_stained_hardened_clay net.minecraft.item.crafting.ShapedRecipes@476a970c
[17:44:32] [Server thread/TRACE] [FML]:   Registry: 182 minecraft:magenta_stained_glass_pane net.minecraft.item.crafting.ShapedRecipes@6afaf27
[17:44:32] [Server thread/TRACE] [FML]:   Registry: 183 minecraft:magenta_stained_glass net.minecraft.item.crafting.ShapedRecipes@29b4444a
[17:44:32] [Server thread/TRACE] [FML]:   Registry: 184 minecraft:magenta_dye_from_purple_and_pink net.minecraft.item.crafting.ShapelessRecipes@27d5eb00
[17:44:32] [Server thread/TRACE] [FML]:   Registry: 185 minecraft:magenta_dye_from_lilac net.minecraft.item.crafting.ShapelessRecipes@44948ac6
[17:44:32] [Server thread/TRACE] [FML]:   Registry: 186 minecraft:magenta_dye_from_lapis_red_pink net.minecraft.item.crafting.ShapelessRecipes@60e80279
[17:44:32] [Server thread/TRACE] [FML]:   Registry: 187 minecraft:magenta_dye_from_lapis_ink_bonemeal net.minecraft.item.crafting.ShapelessRecipes@546c30c2
[17:44:32] [Server thread/TRACE] [FML]:   Registry: 188 minecraft:magenta_dye_from_allium net.minecraft.item.crafting.ShapelessRecipes@e5c52fa
[17:44:32] [Server thread/TRACE] [FML]:   Registry: 189 minecraft:magenta_concrete_powder net.minecraft.item.crafting.ShapelessRecipes@1041ebba
[17:44:32] [Server thread/TRACE] [FML]:   Registry: 190 minecraft:magenta_carpet net.minecraft.item.crafting.ShapedRecipes@67292fc7
[17:44:32] [Server thread/TRACE] [FML]:   Registry: 191 minecraft:magenta_bed_from_white_bed net.minecraft.item.crafting.ShapelessRecipes@24731caf
[17:44:32] [Server thread/TRACE] [FML]:   Registry: 192 minecraft:magenta_bed net.minecraft.item.crafting.ShapedRecipes@e27d97b
[17:44:32] [Server thread/TRACE] [FML]:   Registry: 193 minecraft:magenta_banner net.minecraft.item.crafting.ShapedRecipes@38d4488c
[17:44:32] [Server thread/TRACE] [FML]:   Registry: 194 minecraft:lit_pumpkin net.minecraft.item.crafting.ShapedRecipes@2a8e30e3
[17:44:32] [Server thread/TRACE] [FML]:   Registry: 195 minecraft:lime_wool net.minecraft.item.crafting.ShapelessRecipes@3f71ae7f
[17:44:32] [Server thread/TRACE] [FML]:   Registry: 196 minecraft:lime_stained_hardened_clay net.minecraft.item.crafting.ShapedRecipes@6f1163f7
[17:44:32] [Server thread/TRACE] [FML]:   Registry: 197 minecraft:lime_stained_glass_pane net.minecraft.item.crafting.ShapedRecipes@5a99543b
[17:44:32] [Server thread/TRACE] [FML]:   Registry: 198 minecraft:lime_stained_glass net.minecraft.item.crafting.ShapedRecipes@7646c9f5
[17:44:32] [Server thread/TRACE] [FML]:   Registry: 199 minecraft:lime_dye net.minecraft.item.crafting.ShapelessRecipes@30a20fb3
[17:44:32] [Server thread/TRACE] [FML]:   Registry: 200 minecraft:lime_concrete_powder net.minecraft.item.crafting.ShapelessRecipes@1468fc85
[17:44:32] [Server thread/TRACE] [FML]:   Registry: 201 minecraft:lime_carpet net.minecraft.item.crafting.ShapedRecipes@4deca78
[17:44:32] [Server thread/TRACE] [FML]:   Registry: 202 minecraft:lime_bed_from_white_bed net.minecraft.item.crafting.ShapelessRecipes@f9cd1e6
[17:44:32] [Server thread/TRACE] [FML]:   Registry: 203 minecraft:lime_bed net.minecraft.item.crafting.ShapedRecipes@4e933cf1
[17:44:32] [Server thread/TRACE] [FML]:   Registry: 204 minecraft:lime_banner net.minecraft.item.crafting.ShapedRecipes@3d01ea33
[17:44:32] [Server thread/TRACE] [FML]:   Registry: 205 minecraft:light_weighted_pressure_plate net.minecraft.item.crafting.ShapedRecipes@8f589d7
[17:44:32] [Server thread/TRACE] [FML]:   Registry: 206 minecraft:light_gray_wool net.minecraft.item.crafting.ShapelessRecipes@c7269ad
[17:44:32] [Server thread/TRACE] [FML]:   Registry: 207 minecraft:light_gray_stained_hardened_clay net.minecraft.item.crafting.ShapedRecipes@58b5d5fc
[17:44:32] [Server thread/TRACE] [FML]:   Registry: 208 minecraft:light_gray_stained_glass_pane net.minecraft.item.crafting.ShapedRecipes@2a30b0cb
[17:44:32] [Server thread/TRACE] [FML]:   Registry: 209 minecraft:light_gray_stained_glass net.minecraft.item.crafting.ShapedRecipes@5213b887
[17:44:32] [Server thread/TRACE] [FML]:   Registry: 210 minecraft:light_gray_dye_from_white_tulip net.minecraft.item.crafting.ShapelessRecipes@6ae32ff0
[17:44:32] [Server thread/TRACE] [FML]:   Registry: 211 minecraft:light_gray_dye_from_oxeye_daisy net.minecraft.item.crafting.ShapelessRecipes@7fb5368e
[17:44:32] [Server thread/TRACE] [FML]:   Registry: 212 minecraft:light_gray_dye_from_ink_bonemeal net.minecraft.item.crafting.ShapelessRecipes@62a81453
[17:44:32] [Server thread/TRACE] [FML]:   Registry: 213 minecraft:light_gray_dye_from_gray_bonemeal net.minecraft.item.crafting.ShapelessRecipes@4f9980e1
[17:44:32] [Server thread/TRACE] [FML]:   Registry: 214 minecraft:light_gray_dye_from_azure_bluet net.minecraft.item.crafting.ShapelessRecipes@7a71ebf1
[17:44:32] [Server thread/TRACE] [FML]:   Registry: 215 minecraft:light_gray_concrete_powder net.minecraft.item.crafting.ShapelessRecipes@71f4aeb6
[17:44:32] [Server thread/TRACE] [FML]:   Registry: 216 minecraft:light_gray_carpet net.minecraft.item.crafting.ShapedRecipes@fd0e118
[17:44:32] [Server thread/TRACE] [FML]:   Registry: 217 minecraft:light_gray_bed_from_white_bed net.minecraft.item.crafting.ShapelessRecipes@1e592ef2
[17:44:32] [Server thread/TRACE] [FML]:   Registry: 218 minecraft:light_gray_bed net.minecraft.item.crafting.ShapedRecipes@372841d2
[17:44:32] [Server thread/TRACE] [FML]:   Registry: 219 minecraft:light_gray_banner net.minecraft.item.crafting.ShapedRecipes@52e92f6
[17:44:32] [Server thread/TRACE] [FML]:   Registry: 220 minecraft:light_blue_wool net.minecraft.item.crafting.ShapelessRecipes@11174bf
[17:44:32] [Server thread/TRACE] [FML]:   Registry: 221 minecraft:light_blue_stained_hardened_clay net.minecraft.item.crafting.ShapedRecipes@5feff876
[17:44:32] [Server thread/TRACE] [FML]:   Registry: 222 minecraft:light_blue_stained_glass_pane net.minecraft.item.crafting.ShapedRecipes@4b9ed99d
[17:44:32] [Server thread/TRACE] [FML]:   Registry: 223 minecraft:light_blue_stained_glass net.minecraft.item.crafting.ShapedRecipes@eddc9bb
[17:44:32] [Server thread/TRACE] [FML]:   Registry: 224 minecraft:light_blue_dye_from_lapis_bonemeal net.minecraft.item.crafting.ShapelessRecipes@571c2ed8
[17:44:32] [Server thread/TRACE] [FML]:   Registry: 225 minecraft:light_blue_dye_from_blue_orchid net.minecraft.item.crafting.ShapelessRecipes@a926db4
[17:44:32] [Server thread/TRACE] [FML]:   Registry: 226 minecraft:light_blue_concrete_powder net.minecraft.item.crafting.ShapelessRecipes@626766fd
[17:44:32] [Server thread/TRACE] [FML]:   Registry: 227 minecraft:light_blue_carpet net.minecraft.item.crafting.ShapedRecipes@301770d9
[17:44:32] [Server thread/TRACE] [FML]:   Registry: 228 minecraft:light_blue_bed_from_white_bed net.minecraft.item.crafting.ShapelessRecipes@2699b656
[17:44:32] [Server thread/TRACE] [FML]:   Registry: 229 minecraft:light_blue_bed net.minecraft.item.crafting.ShapedRecipes@c3d4bd7
[17:44:32] [Server thread/TRACE] [FML]:   Registry: 230 minecraft:light_blue_banner net.minecraft.item.crafting.ShapedRecipes@3980b44f
[17:44:32] [Server thread/TRACE] [FML]:   Registry: 231 minecraft:lever net.minecraft.item.crafting.ShapedRecipes@233ece92
[17:44:32] [Server thread/TRACE] [FML]:   Registry: 232 minecraft:leather_leggings net.minecraft.item.crafting.ShapedRecipes@54c3e686
[17:44:32] [Server thread/TRACE] [FML]:   Registry: 233 minecraft:leather_helmet net.minecraft.item.crafting.ShapedRecipes@3987a1e8
[17:44:32] [Server thread/TRACE] [FML]:   Registry: 234 minecraft:leather_chestplate net.minecraft.item.crafting.ShapedRecipes@f60c14e
[17:44:32] [Server thread/TRACE] [FML]:   Registry: 235 minecraft:leather_boots net.minecraft.item.crafting.ShapedRecipes@2b506a79
[17:44:32] [Server thread/TRACE] [FML]:   Registry: 236 minecraft:leather net.minecraft.item.crafting.ShapedRecipes@5443086a
[17:44:32] [Server thread/TRACE] [FML]:   Registry: 237 minecraft:lead net.minecraft.item.crafting.ShapedRecipes@67fd2e17
[17:44:32] [Server thread/TRACE] [FML]:   Registry: 238 minecraft:lapis_lazuli net.minecraft.item.crafting.ShapedRecipes@457b8fc3
[17:44:32] [Server thread/TRACE] [FML]:   Registry: 239 minecraft:lapis_block net.minecraft.item.crafting.ShapedRecipes@7c8689e
[17:44:32] [Server thread/TRACE] [FML]:   Registry: 240 minecraft:ladder net.minecraft.item.crafting.ShapedRecipes@5bf4dfb
[17:44:32] [Server thread/TRACE] [FML]:   Registry: 241 minecraft:jungle_wooden_slab net.minecraft.item.crafting.ShapedRecipes@6108fd23
[17:44:32] [Server thread/TRACE] [FML]:   Registry: 242 minecraft:jungle_stairs net.minecraft.item.crafting.ShapedRecipes@38a52072
[17:44:32] [Server thread/TRACE] [FML]:   Registry: 243 minecraft:jungle_planks net.minecraft.item.crafting.ShapedRecipes@4219a4cc
[17:44:32] [Server thread/TRACE] [FML]:   Registry: 244 minecraft:jungle_fence_gate net.minecraft.item.crafting.ShapedRecipes@696ce057
[17:44:32] [Server thread/TRACE] [FML]:   Registry: 245 minecraft:jungle_fence net.minecraft.item.crafting.ShapedRecipes@526fc044
[17:44:32] [Server thread/TRACE] [FML]:   Registry: 246 minecraft:jungle_door net.minecraft.item.crafting.ShapedRecipes@66abc325
[17:44:32] [Server thread/TRACE] [FML]:   Registry: 247 minecraft:jungle_boat net.minecraft.item.crafting.ShapedRecipes@3c9971af
[17:44:32] [Server thread/TRACE] [FML]:   Registry: 248 minecraft:jukebox net.minecraft.item.crafting.ShapedRecipes@56e78538
[17:44:32] [Server thread/TRACE] [FML]:   Registry: 249 minecraft:item_frame net.minecraft.item.crafting.ShapedRecipes@1ddba7a0
[17:44:32] [Server thread/TRACE] [FML]:   Registry: 250 minecraft:iron_trapdoor net.minecraft.item.crafting.ShapedRecipes@52ccf197
[17:44:32] [Server thread/TRACE] [FML]:   Registry: 251 minecraft:iron_sword net.minecraft.item.crafting.ShapedRecipes@4ae6451d
[17:44:32] [Server thread/TRACE] [FML]:   Registry: 252 minecraft:iron_shovel net.minecraft.item.crafting.ShapedRecipes@70e54ec3
[17:44:32] [Server thread/TRACE] [FML]:   Registry: 253 minecraft:iron_pickaxe net.minecraft.item.crafting.ShapedRecipes@51aa2a58
[17:44:32] [Server thread/TRACE] [FML]:   Registry: 254 minecraft:iron_nugget net.minecraft.item.crafting.ShapedRecipes@66130c3b
[17:44:32] [Server thread/TRACE] [FML]:   Registry: 255 minecraft:iron_leggings net.minecraft.item.crafting.ShapedRecipes@44e4cf8a
[17:44:32] [Server thread/TRACE] [FML]:   Registry: 256 minecraft:iron_ingot_from_nuggets net.minecraft.item.crafting.ShapedRecipes@32f14274
[17:44:32] [Server thread/TRACE] [FML]:   Registry: 257 minecraft:iron_ingot_from_block net.minecraft.item.crafting.ShapedRecipes@3ea6faf0
[17:44:32] [Server thread/TRACE] [FML]:   Registry: 258 minecraft:iron_hoe net.minecraft.item.crafting.ShapedRecipes@acd115d
[17:44:32] [Server thread/TRACE] [FML]:   Registry: 259 minecraft:iron_helmet net.minecraft.item.crafting.ShapedRecipes@6e337ba1
[17:44:32] [Server thread/TRACE] [FML]:   Registry: 260 minecraft:iron_door net.minecraft.item.crafting.ShapedRecipes@5dfec221
[17:44:32] [Server thread/TRACE] [FML]:   Registry: 261 minecraft:iron_chestplate net.minecraft.item.crafting.ShapedRecipes@52bc6fcf
[17:44:32] [Server thread/TRACE] [FML]:   Registry: 262 minecraft:iron_boots net.minecraft.item.crafting.ShapedRecipes@2e7e84f8
[17:44:32] [Server thread/TRACE] [FML]:   Registry: 263 minecraft:iron_block net.minecraft.item.crafting.ShapedRecipes@1d6a22dd
[17:44:32] [Server thread/TRACE] [FML]:   Registry: 264 minecraft:iron_bars net.minecraft.item.crafting.ShapedRecipes@2c846d55
[17:44:32] [Server thread/TRACE] [FML]:   Registry: 265 minecraft:iron_axe net.minecraft.item.crafting.ShapedRecipes@56d742ad
[17:44:32] [Server thread/TRACE] [FML]:   Registry: 266 minecraft:hopper_minecart net.minecraft.item.crafting.ShapedRecipes@280099a0
[17:44:32] [Server thread/TRACE] [FML]:   Registry: 267 minecraft:hopper net.minecraft.item.crafting.ShapedRecipes@66048c9e
[17:44:32] [Server thread/TRACE] [FML]:   Registry: 268 minecraft:heavy_weighted_pressure_plate net.minecraft.item.crafting.ShapedRecipes@301e5d23
[17:44:32] [Server thread/TRACE] [FML]:   Registry: 269 minecraft:hay_block net.minecraft.item.crafting.ShapedRecipes@36cdcae0
[17:44:32] [Server thread/TRACE] [FML]:   Registry: 270 minecraft:green_wool net.minecraft.item.crafting.ShapelessRecipes@1d535b78
[17:44:32] [Server thread/TRACE] [FML]:   Registry: 271 minecraft:green_stained_hardened_clay net.minecraft.item.crafting.ShapedRecipes@31859960
[17:44:32] [Server thread/TRACE] [FML]:   Registry: 272 minecraft:green_stained_glass_pane net.minecraft.item.crafting.ShapedRecipes@355b53cc
[17:44:32] [Server thread/TRACE] [FML]:   Registry: 273 minecraft:green_stained_glass net.minecraft.item.crafting.ShapedRecipes@4e1b5532
[17:44:32] [Server thread/TRACE] [FML]:   Registry: 274 minecraft:green_concrete_powder net.minecraft.item.crafting.ShapelessRecipes@60484429
[17:44:32] [Server thread/TRACE] [FML]:   Registry: 275 minecraft:green_carpet net.minecraft.item.crafting.ShapedRecipes@2728add3
[17:44:32] [Server thread/TRACE] [FML]:   Registry: 276 minecraft:green_bed_from_white_bed net.minecraft.item.crafting.ShapelessRecipes@131b58d4
[17:44:32] [Server thread/TRACE] [FML]:   Registry: 277 minecraft:green_bed net.minecraft.item.crafting.ShapedRecipes@3c8dea0b
[17:44:32] [Server thread/TRACE] [FML]:   Registry: 278 minecraft:green_banner net.minecraft.item.crafting.ShapedRecipes@64a7ad02
[17:44:32] [Server thread/TRACE] [FML]:   Registry: 279 minecraft:gray_wool net.minecraft.item.crafting.ShapelessRecipes@3186f8f5
[17:44:32] [Server thread/TRACE] [FML]:   Registry: 280 minecraft:gray_stained_hardened_clay net.minecraft.item.crafting.ShapedRecipes@a4dcede
[17:44:32] [Server thread/TRACE] [FML]:   Registry: 281 minecraft:gray_stained_glass_pane net.minecraft.item.crafting.ShapedRecipes@24e7087a
[17:44:32] [Server thread/TRACE] [FML]:   Registry: 282 minecraft:gray_stained_glass net.minecraft.item.crafting.ShapedRecipes@71e2843b
[17:44:32] [Server thread/TRACE] [FML]:   Registry: 283 minecraft:gray_dye net.minecraft.item.crafting.ShapelessRecipes@254cc548
[17:44:32] [Server thread/TRACE] [FML]:   Registry: 284 minecraft:gray_concrete_powder net.minecraft.item.crafting.ShapelessRecipes@1d0f7bcf
[17:44:32] [Server thread/TRACE] [FML]:   Registry: 285 minecraft:gray_carpet net.minecraft.item.crafting.ShapedRecipes@3e1897d
[17:44:32] [Server thread/TRACE] [FML]:   Registry: 286 minecraft:gray_bed_from_white_bed net.minecraft.item.crafting.ShapelessRecipes@5cb76070
[17:44:32] [Server thread/TRACE] [FML]:   Registry: 287 minecraft:gray_bed net.minecraft.item.crafting.ShapedRecipes@713497cd
[17:44:32] [Server thread/TRACE] [FML]:   Registry: 288 minecraft:gray_banner net.minecraft.item.crafting.ShapedRecipes@24f2608b
[17:44:32] [Server thread/TRACE] [FML]:   Registry: 289 minecraft:granite net.minecraft.item.crafting.ShapelessRecipes@56193e3a
[17:44:32] [Server thread/TRACE] [FML]:   Registry: 290 minecraft:golden_sword net.minecraft.item.crafting.ShapedRecipes@3ba96967
[17:44:32] [Server thread/TRACE] [FML]:   Registry: 291 minecraft:golden_shovel net.minecraft.item.crafting.ShapedRecipes@71f10042
[17:44:32] [Server thread/TRACE] [FML]:   Registry: 292 minecraft:golden_rail net.minecraft.item.crafting.ShapedRecipes@788d9139
[17:44:32] [Server thread/TRACE] [FML]:   Registry: 293 minecraft:golden_pickaxe net.minecraft.item.crafting.ShapedRecipes@4452e13c
[17:44:32] [Server thread/TRACE] [FML]:   Registry: 294 minecraft:golden_leggings net.minecraft.item.crafting.ShapedRecipes@8e77c5b
[17:44:32] [Server thread/TRACE] [FML]:   Registry: 295 minecraft:golden_hoe net.minecraft.item.crafting.ShapedRecipes@3bc18fec
[17:44:32] [Server thread/TRACE] [FML]:   Registry: 296 minecraft:golden_helmet net.minecraft.item.crafting.ShapedRecipes@2ff62720
[17:44:32] [Server thread/TRACE] [FML]:   Registry: 297 minecraft:golden_chestplate net.minecraft.item.crafting.ShapedRecipes@3fad8636
[17:44:32] [Server thread/TRACE] [FML]:   Registry: 298 minecraft:golden_carrot net.minecraft.item.crafting.ShapedRecipes@79636080
[17:44:32] [Server thread/TRACE] [FML]:   Registry: 299 minecraft:golden_boots net.minecraft.item.crafting.ShapedRecipes@214e3185
[17:44:32] [Server thread/TRACE] [FML]:   Registry: 300 minecraft:golden_axe net.minecraft.item.crafting.ShapedRecipes@2b561f51
[17:44:32] [Server thread/TRACE] [FML]:   Registry: 301 minecraft:golden_apple net.minecraft.item.crafting.ShapedRecipes@25109d84
[17:44:32] [Server thread/TRACE] [FML]:   Registry: 302 minecraft:gold_nugget net.minecraft.item.crafting.ShapedRecipes@49741274
[17:44:32] [Server thread/TRACE] [FML]:   Registry: 303 minecraft:gold_ingot_from_nuggets net.minecraft.item.crafting.ShapedRecipes@75ac326f
[17:44:32] [Server thread/TRACE] [FML]:   Registry: 304 minecraft:gold_ingot_from_block net.minecraft.item.crafting.ShapedRecipes@f453129
[17:44:32] [Server thread/TRACE] [FML]:   Registry: 305 minecraft:gold_block net.minecraft.item.crafting.ShapedRecipes@49809275
[17:44:32] [Server thread/TRACE] [FML]:   Registry: 306 minecraft:glowstone net.minecraft.item.crafting.ShapedRecipes@2c8f65da
[17:44:32] [Server thread/TRACE] [FML]:   Registry: 307 minecraft:glass_pane net.minecraft.item.crafting.ShapedRecipes@2346f77a
[17:44:32] [Server thread/TRACE] [FML]:   Registry: 308 minecraft:glass_bottle net.minecraft.item.crafting.ShapedRecipes@5ff29e8b
[17:44:32] [Server thread/TRACE] [FML]:   Registry: 309 minecraft:furnace_minecart net.minecraft.item.crafting.ShapedRecipes@3fe5ad73
[17:44:32] [Server thread/TRACE] [FML]:   Registry: 310 minecraft:furnace net.minecraft.item.crafting.ShapedRecipes@38856d6e
[17:44:32] [Server thread/TRACE] [FML]:   Registry: 311 minecraft:flower_pot net.minecraft.item.crafting.ShapedRecipes@6ac2c5a1
[17:44:32] [Server thread/TRACE] [FML]:   Registry: 312 minecraft:flint_and_steel net.minecraft.item.crafting.ShapelessRecipes@48bab2c6
[17:44:32] [Server thread/TRACE] [FML]:   Registry: 313 minecraft:fishing_rod net.minecraft.item.crafting.ShapedRecipes@6b576ff8
[17:44:32] [Server thread/TRACE] [FML]:   Registry: 314 minecraft:fire_charge net.minecraft.item.crafting.ShapelessRecipes@351be56b
[17:44:32] [Server thread/TRACE] [FML]:   Registry: 315 minecraft:fermented_spider_eye net.minecraft.item.crafting.ShapelessRecipes@dd77e0d
[17:44:32] [Server thread/TRACE] [FML]:   Registry: 316 minecraft:fence_gate net.minecraft.item.crafting.ShapedRecipes@44dcc0e4
[17:44:32] [Server thread/TRACE] [FML]:   Registry: 317 minecraft:fence net.minecraft.item.crafting.ShapedRecipes@3aed692d
[17:44:32] [Server thread/TRACE] [FML]:   Registry: 318 minecraft:ender_eye net.minecraft.item.crafting.ShapelessRecipes@5870fc05
[17:44:32] [Server thread/TRACE] [FML]:   Registry: 319 minecraft:ender_chest net.minecraft.item.crafting.ShapedRecipes@3945886e
[17:44:32] [Server thread/TRACE] [FML]:   Registry: 320 minecraft:end_rod net.minecraft.item.crafting.ShapedRecipes@2336d3f
[17:44:32] [Server thread/TRACE] [FML]:   Registry: 321 minecraft:end_crystal net.minecraft.item.crafting.ShapedRecipes@a6a2c20
[17:44:32] [Server thread/TRACE] [FML]:   Registry: 322 minecraft:end_bricks net.minecraft.item.crafting.ShapedRecipes@7ae6927
[17:44:32] [Server thread/TRACE] [FML]:   Registry: 323 minecraft:enchanting_table net.minecraft.item.crafting.ShapedRecipes@77307b51
[17:44:32] [Server thread/TRACE] [FML]:   Registry: 324 minecraft:emerald_block net.minecraft.item.crafting.ShapedRecipes@1cca2e9d
[17:44:32] [Server thread/TRACE] [FML]:   Registry: 325 minecraft:emerald net.minecraft.item.crafting.ShapedRecipes@4850d66b
[17:44:32] [Server thread/TRACE] [FML]:   Registry: 326 minecraft:dropper net.minecraft.item.crafting.ShapedRecipes@447543ee
[17:44:32] [Server thread/TRACE] [FML]:   Registry: 327 minecraft:dispenser net.minecraft.item.crafting.ShapedRecipes@2de96eba
[17:44:32] [Server thread/TRACE] [FML]:   Registry: 328 minecraft:diorite net.minecraft.item.crafting.ShapedRecipes@3cae4518
[17:44:32] [Server thread/TRACE] [FML]:   Registry: 329 minecraft:diamond_sword net.minecraft.item.crafting.ShapedRecipes@53b907d9
[17:44:32] [Server thread/TRACE] [FML]:   Registry: 330 minecraft:diamond_shovel net.minecraft.item.crafting.ShapedRecipes@4d3990a5
[17:44:32] [Server thread/TRACE] [FML]:   Registry: 331 minecraft:diamond_pickaxe net.minecraft.item.crafting.ShapedRecipes@1ee6434
[17:44:32] [Server thread/TRACE] [FML]:   Registry: 332 minecraft:diamond_leggings net.minecraft.item.crafting.ShapedRecipes@6a7fc4c1
[17:44:32] [Server thread/TRACE] [FML]:   Registry: 333 minecraft:diamond_hoe net.minecraft.item.crafting.ShapedRecipes@314c6f89
[17:44:32] [Server thread/TRACE] [FML]:   Registry: 334 minecraft:diamond_helmet net.minecraft.item.crafting.ShapedRecipes@1bbc1b90
[17:44:32] [Server thread/TRACE] [FML]:   Registry: 335 minecraft:diamond_chestplate net.minecraft.item.crafting.ShapedRecipes@a5d23c9
[17:44:32] [Server thread/TRACE] [FML]:   Registry: 336 minecraft:diamond_boots net.minecraft.item.crafting.ShapedRecipes@59ec5a0b
[17:44:32] [Server thread/TRACE] [FML]:   Registry: 337 minecraft:diamond_block net.minecraft.item.crafting.ShapedRecipes@6244afc4
[17:44:32] [Server thread/TRACE] [FML]:   Registry: 338 minecraft:diamond_axe net.minecraft.item.crafting.ShapedRecipes@26a202ae
[17:44:32] [Server thread/TRACE] [FML]:   Registry: 339 minecraft:diamond net.minecraft.item.crafting.ShapedRecipes@5a9baba8
[17:44:32] [Server thread/TRACE] [FML]:   Registry: 340 minecraft:detector_rail net.minecraft.item.crafting.ShapedRecipes@7204d98f
[17:44:32] [Server thread/TRACE] [FML]:   Registry: 341 minecraft:daylight_detector net.minecraft.item.crafting.ShapedRecipes@5c3924fd
[17:44:32] [Server thread/TRACE] [FML]:   Registry: 342 minecraft:dark_prismarine net.minecraft.item.crafting.ShapedRecipes@284b487f
[17:44:32] [Server thread/TRACE] [FML]:   Registry: 343 minecraft:dark_oak_wooden_slab net.minecraft.item.crafting.ShapedRecipes@5cba474f
[17:44:32] [Server thread/TRACE] [FML]:   Registry: 344 minecraft:dark_oak_stairs net.minecraft.item.crafting.ShapedRecipes@cfc4601
[17:44:32] [Server thread/TRACE] [FML]:   Registry: 345 minecraft:dark_oak_planks net.minecraft.item.crafting.ShapedRecipes@3e0327dd
[17:44:32] [Server thread/TRACE] [FML]:   Registry: 346 minecraft:dark_oak_fence_gate net.minecraft.item.crafting.ShapedRecipes@38197e82
[17:44:32] [Server thread/TRACE] [FML]:   Registry: 347 minecraft:dark_oak_fence net.minecraft.item.crafting.ShapedRecipes@8f374de
[17:44:32] [Server thread/TRACE] [FML]:   Registry: 348 minecraft:dark_oak_door net.minecraft.item.crafting.ShapedRecipes@565c887e
[17:44:32] [Server thread/TRACE] [FML]:   Registry: 349 minecraft:dark_oak_boat net.minecraft.item.crafting.ShapedRecipes@363ba634
[17:44:32] [Server thread/TRACE] [FML]:   Registry: 350 minecraft:cyan_wool net.minecraft.item.crafting.ShapelessRecipes@4ac0d49
[17:44:32] [Server thread/TRACE] [FML]:   Registry: 351 minecraft:cyan_stained_hardened_clay net.minecraft.item.crafting.ShapedRecipes@52963839
[17:44:32] [Server thread/TRACE] [FML]:   Registry: 352 minecraft:cyan_stained_glass_pane net.minecraft.item.crafting.ShapedRecipes@1f013047
[17:44:32] [Server thread/TRACE] [FML]:   Registry: 353 minecraft:cyan_stained_glass net.minecraft.item.crafting.ShapedRecipes@318511f0
[17:44:32] [Server thread/TRACE] [FML]:   Registry: 354 minecraft:cyan_dye net.minecraft.item.crafting.ShapelessRecipes@11d422fd
[17:44:32] [Server thread/TRACE] [FML]:   Registry: 355 minecraft:cyan_concrete_powder net.minecraft.item.crafting.ShapelessRecipes@dcdb883
[17:44:32] [Server thread/TRACE] [FML]:   Registry: 356 minecraft:cyan_carpet net.minecraft.item.crafting.ShapedRecipes@3d3b852e
[17:44:32] [Server thread/TRACE] [FML]:   Registry: 357 minecraft:cyan_bed_from_white_bed net.minecraft.item.crafting.ShapelessRecipes@6f89ad03
[17:44:32] [Server thread/TRACE] [FML]:   Registry: 358 minecraft:cyan_bed net.minecraft.item.crafting.ShapedRecipes@1fa796a4
[17:44:32] [Server thread/TRACE] [FML]:   Registry: 359 minecraft:cyan_banner net.minecraft.item.crafting.ShapedRecipes@6f2bf657
[17:44:32] [Server thread/TRACE] [FML]:   Registry: 360 minecraft:crafting_table net.minecraft.item.crafting.ShapedRecipes@1c3b221f
[17:44:32] [Server thread/TRACE] [FML]:   Registry: 361 minecraft:cookie net.minecraft.item.crafting.ShapedRecipes@49c4118b
[17:44:32] [Server thread/TRACE] [FML]:   Registry: 362 minecraft:compass net.minecraft.item.crafting.ShapedRecipes@640a6d4b
[17:44:32] [Server thread/TRACE] [FML]:   Registry: 363 minecraft:comparator net.minecraft.item.crafting.ShapedRecipes@abf1816
[17:44:32] [Server thread/TRACE] [FML]:   Registry: 364 minecraft:cobblestone_wall net.minecraft.item.crafting.ShapedRecipes@6a562255
[17:44:32] [Server thread/TRACE] [FML]:   Registry: 365 minecraft:cobblestone_slab net.minecraft.item.crafting.ShapedRecipes@44a9971f
[17:44:32] [Server thread/TRACE] [FML]:   Registry: 366 minecraft:coarse_dirt net.minecraft.item.crafting.ShapedRecipes@71cc0e35
[17:44:32] [Server thread/TRACE] [FML]:   Registry: 367 minecraft:coal_block net.minecraft.item.crafting.ShapedRecipes@6958d5d0
[17:44:32] [Server thread/TRACE] [FML]:   Registry: 368 minecraft:coal net.minecraft.item.crafting.ShapedRecipes@90394d
[17:44:32] [Server thread/TRACE] [FML]:   Registry: 369 minecraft:clock net.minecraft.item.crafting.ShapedRecipes@a302f30
[17:44:32] [Server thread/TRACE] [FML]:   Registry: 370 minecraft:clay net.minecraft.item.crafting.ShapedRecipes@4af44f2a
[17:44:32] [Server thread/TRACE] [FML]:   Registry: 371 minecraft:chiseled_stonebrick net.minecraft.item.crafting.ShapedRecipes@47994b51
[17:44:32] [Server thread/TRACE] [FML]:   Registry: 372 minecraft:chiseled_sandstone net.minecraft.item.crafting.ShapedRecipes@143fe09c
[17:44:32] [Server thread/TRACE] [FML]:   Registry: 373 minecraft:chiseled_red_sandstone net.minecraft.item.crafting.ShapedRecipes@6b32b678
[17:44:32] [Server thread/TRACE] [FML]:   Registry: 374 minecraft:chiseled_quartz_block net.minecraft.item.crafting.ShapedRecipes@34d5eac
[17:44:32] [Server thread/TRACE] [FML]:   Registry: 375 minecraft:chest_minecart net.minecraft.item.crafting.ShapedRecipes@632b96b8
[17:44:32] [Server thread/TRACE] [FML]:   Registry: 376 minecraft:chest net.minecraft.item.crafting.ShapedRecipes@5a07ae2f
[17:44:32] [Server thread/TRACE] [FML]:   Registry: 377 minecraft:cauldron net.minecraft.item.crafting.ShapedRecipes@a1a72d4
[17:44:32] [Server thread/TRACE] [FML]:   Registry: 378 minecraft:carrot_on_a_stick net.minecraft.item.crafting.ShapedRecipes@34d72f06
[17:44:32] [Server thread/TRACE] [FML]:   Registry: 379 minecraft:cake net.minecraft.item.crafting.ShapedRecipes@4745bcc6
[17:44:32] [Server thread/TRACE] [FML]:   Registry: 380 minecraft:bucket net.minecraft.item.crafting.ShapedRecipes@50b4e7b2
[17:44:32] [Server thread/TRACE] [FML]:   Registry: 381 minecraft:brown_wool net.minecraft.item.crafting.ShapelessRecipes@25c16cf7
[17:44:32] [Server thread/TRACE] [FML]:   Registry: 382 minecraft:brown_stained_hardened_clay net.minecraft.item.crafting.ShapedRecipes@71b7e9c8
[17:44:32] [Server thread/TRACE] [FML]:   Registry: 383 minecraft:brown_stained_glass_pane net.minecraft.item.crafting.ShapedRecipes@76b019c4
[17:44:32] [Server thread/TRACE] [FML]:   Registry: 384 minecraft:brown_stained_glass net.minecraft.item.crafting.ShapedRecipes@1e288c76
[17:44:32] [Server thread/TRACE] [FML]:   Registry: 385 minecraft:brown_concrete_powder net.minecraft.item.crafting.ShapelessRecipes@77988c45
[17:44:32] [Server thread/TRACE] [FML]:   Registry: 386 minecraft:brown_carpet net.minecraft.item.crafting.ShapedRecipes@234bfc8c
[17:44:32] [Server thread/TRACE] [FML]:   Registry: 387 minecraft:brown_bed_from_white_bed net.minecraft.item.crafting.ShapelessRecipes@276aa33f
[17:44:32] [Server thread/TRACE] [FML]:   Registry: 388 minecraft:brown_bed net.minecraft.item.crafting.ShapedRecipes@25d23478
[17:44:32] [Server thread/TRACE] [FML]:   Registry: 389 minecraft:brown_banner net.minecraft.item.crafting.ShapedRecipes@2eea4441
[17:44:32] [Server thread/TRACE] [FML]:   Registry: 390 minecraft:brick_stairs net.minecraft.item.crafting.ShapedRecipes@7c79f2cf
[17:44:32] [Server thread/TRACE] [FML]:   Registry: 391 minecraft:brick_slab net.minecraft.item.crafting.ShapedRecipes@7fad28ac
[17:44:32] [Server thread/TRACE] [FML]:   Registry: 392 minecraft:brick_block net.minecraft.item.crafting.ShapedRecipes@4b5f022f
[17:44:32] [Server thread/TRACE] [FML]:   Registry: 393 minecraft:brewing_stand net.minecraft.item.crafting.ShapedRecipes@64186f60
[17:44:32] [Server thread/TRACE] [FML]:   Registry: 394 minecraft:bread net.minecraft.item.crafting.ShapedRecipes@70bc9070
[17:44:32] [Server thread/TRACE] [FML]:   Registry: 395 minecraft:bowl net.minecraft.item.crafting.ShapedRecipes@6aa792
[17:44:32] [Server thread/TRACE] [FML]:   Registry: 396 minecraft:bow net.minecraft.item.crafting.ShapedRecipes@7fdff56b
[17:44:32] [Server thread/TRACE] [FML]:   Registry: 397 minecraft:bookshelf net.minecraft.item.crafting.ShapedRecipes@6f36e806
[17:44:32] [Server thread/TRACE] [FML]:   Registry: 398 minecraft:book net.minecraft.item.crafting.ShapelessRecipes@33a7331
[17:44:32] [Server thread/TRACE] [FML]:   Registry: 399 minecraft:bone_meal_from_bone net.minecraft.item.crafting.ShapelessRecipes@345540f9
[17:44:32] [Server thread/TRACE] [FML]:   Registry: 400 minecraft:bone_meal_from_block net.minecraft.item.crafting.ShapelessRecipes@e3275d3
[17:44:32] [Server thread/TRACE] [FML]:   Registry: 401 minecraft:bone_block net.minecraft.item.crafting.ShapedRecipes@6bfdaed7
[17:44:32] [Server thread/TRACE] [FML]:   Registry: 402 minecraft:boat net.minecraft.item.crafting.ShapedRecipes@76208b80
[17:44:32] [Server thread/TRACE] [FML]:   Registry: 403 minecraft:blue_wool net.minecraft.item.crafting.ShapelessRecipes@28b68067
[17:44:32] [Server thread/TRACE] [FML]:   Registry: 404 minecraft:blue_stained_hardened_clay net.minecraft.item.crafting.ShapedRecipes@393e7546
[17:44:32] [Server thread/TRACE] [FML]:   Registry: 405 minecraft:blue_stained_glass_pane net.minecraft.item.crafting.ShapedRecipes@7512a9a6
[17:44:32] [Server thread/TRACE] [FML]:   Registry: 406 minecraft:blue_stained_glass net.minecraft.item.crafting.ShapedRecipes@169d1f92
[17:44:32] [Server thread/TRACE] [FML]:   Registry: 407 minecraft:blue_concrete_powder net.minecraft.item.crafting.ShapelessRecipes@5b80b41d
[17:44:32] [Server thread/TRACE] [FML]:   Registry: 408 minecraft:blue_carpet net.minecraft.item.crafting.ShapedRecipes@197180a5
[17:44:32] [Server thread/TRACE] [FML]:   Registry: 409 minecraft:blue_bed_from_white_bed net.minecraft.item.crafting.ShapelessRecipes@6054ac20
[17:44:32] [Server thread/TRACE] [FML]:   Registry: 410 minecraft:blue_bed net.minecraft.item.crafting.ShapedRecipes@5dac6bc3
[17:44:32] [Server thread/TRACE] [FML]:   Registry: 411 minecraft:blue_banner net.minecraft.item.crafting.ShapedRecipes@6f25ed2b
[17:44:32] [Server thread/TRACE] [FML]:   Registry: 412 minecraft:blaze_powder net.minecraft.item.crafting.ShapelessRecipes@7535307c
[17:44:32] [Server thread/TRACE] [FML]:   Registry: 413 minecraft:black_wool net.minecraft.item.crafting.ShapelessRecipes@64908ab9
[17:44:32] [Server thread/TRACE] [FML]:   Registry: 414 minecraft:black_stained_hardened_clay net.minecraft.item.crafting.ShapedRecipes@59043741
[17:44:32] [Server thread/TRACE] [FML]:   Registry: 415 minecraft:black_stained_glass_pane net.minecraft.item.crafting.ShapedRecipes@510a2c7
[17:44:32] [Server thread/TRACE] [FML]:   Registry: 416 minecraft:black_stained_glass net.minecraft.item.crafting.ShapedRecipes@36857d32
[17:44:32] [Server thread/TRACE] [FML]:   Registry: 417 minecraft:black_concrete_powder net.minecraft.item.crafting.ShapelessRecipes@64fba3e6
[17:44:32] [Server thread/TRACE] [FML]:   Registry: 418 minecraft:black_carpet net.minecraft.item.crafting.ShapedRecipes@700202fa
[17:44:32] [Server thread/TRACE] [FML]:   Registry: 419 minecraft:black_bed_from_white_bed net.minecraft.item.crafting.ShapelessRecipes@3225d950
[17:44:32] [Server thread/TRACE] [FML]:   Registry: 420 minecraft:black_bed net.minecraft.item.crafting.ShapedRecipes@73a1a1b4
[17:44:32] [Server thread/TRACE] [FML]:   Registry: 421 minecraft:black_banner net.minecraft.item.crafting.ShapedRecipes@129aaac1
[17:44:32] [Server thread/TRACE] [FML]:   Registry: 422 minecraft:birch_wooden_slab net.minecraft.item.crafting.ShapedRecipes@1fc8047f
[17:44:32] [Server thread/TRACE] [FML]:   Registry: 423 minecraft:birch_stairs net.minecraft.item.crafting.ShapedRecipes@230d013b
[17:44:32] [Server thread/TRACE] [FML]:   Registry: 424 minecraft:birch_planks net.minecraft.item.crafting.ShapedRecipes@220f6a3c
[17:44:32] [Server thread/TRACE] [FML]:   Registry: 425 minecraft:birch_fence_gate net.minecraft.item.crafting.ShapedRecipes@4f55a864
[17:44:32] [Server thread/TRACE] [FML]:   Registry: 426 minecraft:birch_fence net.minecraft.item.crafting.ShapedRecipes@73fe7483
[17:44:32] [Server thread/TRACE] [FML]:   Registry: 427 minecraft:birch_door net.minecraft.item.crafting.ShapedRecipes@5703c1fb
[17:44:32] [Server thread/TRACE] [FML]:   Registry: 428 minecraft:birch_boat net.minecraft.item.crafting.ShapedRecipes@64381526
[17:44:32] [Server thread/TRACE] [FML]:   Registry: 429 minecraft:beetroot_soup net.minecraft.item.crafting.ShapedRecipes@5da2966
[17:44:32] [Server thread/TRACE] [FML]:   Registry: 430 minecraft:beacon net.minecraft.item.crafting.ShapedRecipes@2911db81
[17:44:32] [Server thread/TRACE] [FML]:   Registry: 431 minecraft:arrow net.minecraft.item.crafting.ShapedRecipes@299ddfff
[17:44:32] [Server thread/TRACE] [FML]:   Registry: 432 minecraft:armor_stand net.minecraft.item.crafting.ShapedRecipes@5c1687d1
[17:44:32] [Server thread/TRACE] [FML]:   Registry: 433 minecraft:anvil net.minecraft.item.crafting.ShapedRecipes@20a25f66
[17:44:32] [Server thread/TRACE] [FML]:   Registry: 434 minecraft:andesite net.minecraft.item.crafting.ShapelessRecipes@4891d727
[17:44:32] [Server thread/TRACE] [FML]:   Registry: 435 minecraft:activator_rail net.minecraft.item.crafting.ShapedRecipes@105fe81e
[17:44:32] [Server thread/TRACE] [FML]:   Registry: 436 minecraft:acacia_wooden_slab net.minecraft.item.crafting.ShapedRecipes@7741507c
[17:44:32] [Server thread/TRACE] [FML]:   Registry: 437 minecraft:acacia_stairs net.minecraft.item.crafting.ShapedRecipes@749c0669
[17:44:32] [Server thread/TRACE] [FML]:   Registry: 438 minecraft:acacia_planks net.minecraft.item.crafting.ShapedRecipes@4769537a
[17:44:32] [Server thread/TRACE] [FML]:   Registry: 439 minecraft:acacia_fence_gate net.minecraft.item.crafting.ShapedRecipes@558aa1f1
[17:44:32] [Server thread/TRACE] [FML]:   Registry: 440 minecraft:acacia_fence net.minecraft.item.crafting.ShapedRecipes@1a4ae53d
[17:44:32] [Server thread/TRACE] [FML]:   Registry: 441 minecraft:acacia_door net.minecraft.item.crafting.ShapedRecipes@7348e75e
[17:44:32] [Server thread/TRACE] [FML]:   Registry: 442 minecraft:acacia_boat net.minecraft.item.crafting.ShapedRecipes@7792e14f
[17:44:32] [Server thread/TRACE] [FML]:   Registry: 443 appliedenergistics2:network/wireless_pattern_terminal net.minecraftforge.oredict.ShapedOreRecipe@293f1722
[17:44:32] [Server thread/TRACE] [FML]:   Registry: 444 appliedenergistics2:network/wireless_booster net.minecraftforge.oredict.ShapedOreRecipe@5cca4acf
[17:44:32] [Server thread/TRACE] [FML]:   Registry: 445 appliedenergistics2:network/parts/level_emitter net.minecraftforge.oredict.ShapelessOreRecipe@21bf3ae3
[17:44:32] [Server thread/TRACE] [FML]:   Registry: 446 appliedenergistics2:network/parts/planes_formation_alt net.minecraftforge.oredict.ShapedOreRecipe@62ef069e
[17:44:32] [Server thread/TRACE] [FML]:   Registry: 447 appliedenergistics2:network/parts/panels_semi_dark_monitor net.minecraftforge.oredict.ShapedOreRecipe@1859c7a0
[17:44:32] [Server thread/TRACE] [FML]:   Registry: 448 appliedenergistics2:network/parts/storage_bus_fluid net.minecraftforge.oredict.ShapelessOreRecipe@3a332eed
[17:44:32] [Server thread/TRACE] [FML]:   Registry: 449 appliedenergistics2:network/parts/terminals_crafting net.minecraftforge.oredict.ShapelessOreRecipe@250c2993
[17:44:32] [Server thread/TRACE] [FML]:   Registry: 450 appliedenergistics2:network/parts/panels_monitor net.minecraftforge.oredict.ShapelessOreRecipe@605ca0a8
[17:44:32] [Server thread/TRACE] [FML]:   Registry: 451 appliedenergistics2:network/parts/toggle_bus_alt net.minecraftforge.oredict.ShapelessOreRecipe@5663d72d
[17:44:32] [Server thread/TRACE] [FML]:   Registry: 452 appliedenergistics2:network/parts/storage_bus net.minecraftforge.oredict.ShapelessOreRecipe@27225e83
[17:44:32] [Server thread/TRACE] [FML]:   Registry: 453 appliedenergistics2:network/parts/terminals_fluid_interface_configuration_revert net.minecraftforge.oredict.ShapelessOreRecipe@1269c5fb
[17:44:32] [Server thread/TRACE] [FML]:   Registry: 454 appliedenergistics2:network/parts/planes_formation_fluid_alt net.minecraftforge.oredict.ShapedOreRecipe@157c5e38
[17:44:32] [Server thread/TRACE] [FML]:   Registry: 455 appliedenergistics2:network/parts/planes_formation net.minecraftforge.oredict.ShapedOreRecipe@6d39cc87
[17:44:32] [Server thread/TRACE] [FML]:   Registry: 456 appliedenergistics2:network/parts/terminals_interface_configuration net.minecraftforge.oredict.ShapelessOreRecipe@28d9edc1
[17:44:32] [Server thread/TRACE] [FML]:   Registry: 457 appliedenergistics2:network/parts/terminals_pattern net.minecraftforge.oredict.ShapelessOreRecipe@5bba292
[17:44:32] [Server thread/TRACE] [FML]:   Registry: 458 appliedenergistics2:network/parts/quartz_fiber_part net.minecraftforge.oredict.ShapedOreRecipe@44134703
[17:44:32] [Server thread/TRACE] [FML]:   Registry: 459 appliedenergistics2:network/parts/export_bus net.minecraftforge.oredict.ShapedOreRecipe@5e161b43
[17:44:32] [Server thread/TRACE] [FML]:   Registry: 460 appliedenergistics2:network/parts/terminals_interface_configuration_revert net.minecraftforge.oredict.ShapelessOreRecipe@5367e62
[17:44:32] [Server thread/TRACE] [FML]:   Registry: 461 appliedenergistics2:network/parts/planes_formation_fluid net.minecraftforge.oredict.ShapedOreRecipe@3bbcfe0d
[17:44:32] [Server thread/TRACE] [FML]:   Registry: 462 appliedenergistics2:network/parts/terminals net.minecraftforge.oredict.ShapelessOreRecipe@764460c4
[17:44:32] [Server thread/TRACE] [FML]:   Registry: 463 appliedenergistics2:network/parts/fluid_level_emitter net.minecraftforge.oredict.ShapelessOreRecipe@45dfa4de
[17:44:32] [Server thread/TRACE] [FML]:   Registry: 464 appliedenergistics2:network/parts/export_bus_fluid net.minecraftforge.oredict.ShapedOreRecipe@749f075c
[17:44:32] [Server thread/TRACE] [FML]:   Registry: 465 appliedenergistics2:network/parts/panels_dark_monitor net.minecraftforge.oredict.ShapelessOreRecipe@1b1b13b3
[17:44:32] [Server thread/TRACE] [FML]:   Registry: 466 appliedenergistics2:network/parts/monitors_storage net.minecraftforge.oredict.ShapelessOreRecipe@5ad3dcd9
[17:44:32] [Server thread/TRACE] [FML]:   Registry: 467 appliedenergistics2:network/parts/oredict_storage_bus net.minecraftforge.oredict.ShapelessOreRecipe@71763cf2
[17:44:32] [Server thread/TRACE] [FML]:   Registry: 468 appliedenergistics2:network/parts/planes_annihilation_fluid net.minecraftforge.oredict.ShapedOreRecipe@27702b7a
[17:44:32] [Server thread/TRACE] [FML]:   Registry: 469 appliedenergistics2:network/parts/terminals_fluid_interface_configuration net.minecraftforge.oredict.ShapelessOreRecipe@4d602d4a
[17:44:32] [Server thread/TRACE] [FML]:   Registry: 470 appliedenergistics2:network/parts/tunnels_me net.minecraftforge.oredict.ShapedOreRecipe@1927bb38
[17:44:32] [Server thread/TRACE] [FML]:   Registry: 471 appliedenergistics2:network/parts/toggle_bus_inverted_alt net.minecraftforge.oredict.ShapelessOreRecipe@22eb7121
[17:44:32] [Server thread/TRACE] [FML]:   Registry: 472 appliedenergistics2:network/parts/cable_anchor net.minecraftforge.oredict.ShapelessOreRecipe@3a0e98b2
[17:44:32] [Server thread/TRACE] [FML]:   Registry: 473 appliedenergistics2:network/parts/planes_annihilation_alt2 net.minecraftforge.oredict.ShapedOreRecipe@49c0ac7a
[17:44:32] [Server thread/TRACE] [FML]:   Registry: 474 appliedenergistics2:network/parts/monitors_conversion net.minecraftforge.oredict.ShapelessOreRecipe@3e6ec8d6
[17:44:32] [Server thread/TRACE] [FML]:   Registry: 475 appliedenergistics2:network/parts/oredict_storage_bus_alt net.minecraftforge.oredict.ShapelessOreRecipe@d1d7c9b
[17:44:32] [Server thread/TRACE] [FML]:   Registry: 476 appliedenergistics2:network/parts/toggle_bus net.minecraftforge.oredict.ShapedOreRecipe@43c904cc
[17:44:32] [Server thread/TRACE] [FML]:   Registry: 477 appliedenergistics2:network/parts/terminals_interface net.minecraftforge.oredict.ShapelessOreRecipe@6a7b3f7
[17:44:32] [Server thread/TRACE] [FML]:   Registry: 478 appliedenergistics2:network/parts/import_bus_fluid net.minecraftforge.oredict.ShapedOreRecipe@3ea14e1d
[17:44:32] [Server thread/TRACE] [FML]:   Registry: 479 appliedenergistics2:network/parts/panels_semi_dark_monitor_alt net.minecraftforge.oredict.ShapelessOreRecipe@7631518
[17:44:32] [Server thread/TRACE] [FML]:   Registry: 480 appliedenergistics2:network/parts/terminal_expanded_processing net.minecraftforge.oredict.ShapedOreRecipe@79c52145
[17:44:32] [Server thread/TRACE] [FML]:   Registry: 481 appliedenergistics2:network/parts/planes_annihilation_alt net.minecraftforge.oredict.ShapedOreRecipe@4fb10b98
[17:44:32] [Server thread/TRACE] [FML]:   Registry: 482 appliedenergistics2:network/parts/import_bus net.minecraftforge.oredict.ShapedOreRecipe@7a2ec859
[17:44:32] [Server thread/TRACE] [FML]:   Registry: 483 appliedenergistics2:network/parts/terminals_fluid net.minecraftforge.oredict.ShapelessOreRecipe@6c1d22de
[17:44:32] [Server thread/TRACE] [FML]:   Registry: 484 appliedenergistics2:network/parts/planes_annihilation_fluid_alt net.minecraftforge.oredict.ShapedOreRecipe@4984055c
[17:44:32] [Server thread/TRACE] [FML]:   Registry: 485 appliedenergistics2:network/wireless_crafting_terminal net.minecraftforge.oredict.ShapedOreRecipe@6d6399c0
[17:44:32] [Server thread/TRACE] [FML]:   Registry: 486 appliedenergistics2:network/wireless_terminal net.minecraftforge.oredict.ShapedOreRecipe@23b65ee5
[17:44:32] [Server thread/TRACE] [FML]:   Registry: 487 appliedenergistics2:network/wireless_interface_terminal net.minecraftforge.oredict.ShapedOreRecipe@38dee549
[17:44:32] [Server thread/TRACE] [FML]:   Registry: 488 appliedenergistics2:network/crafting/patterns_blank net.minecraftforge.oredict.ShapedOreRecipe@53fc3725
[17:44:32] [Server thread/TRACE] [FML]:   Registry: 489 appliedenergistics2:network/crafting/cpu_crafting_storage_16k net.minecraftforge.oredict.ShapelessOreRecipe@6868f916
[17:44:32] [Server thread/TRACE] [FML]:   Registry: 490 appliedenergistics2:network/crafting/molecular_assembler net.minecraftforge.oredict.ShapedOreRecipe@5a6535d7
[17:44:32] [Server thread/TRACE] [FML]:   Registry: 491 appliedenergistics2:network/crafting/cpu_crafting_storage_1k net.minecraftforge.oredict.ShapelessOreRecipe@7b4c5fc9
[17:44:32] [Server thread/TRACE] [FML]:   Registry: 492 appliedenergistics2:network/crafting/cpu_crafting_monitor net.minecraftforge.oredict.ShapelessOreRecipe@17bace0a
[17:44:32] [Server thread/TRACE] [FML]:   Registry: 493 appliedenergistics2:network/crafting/cpu_crafting_storage_64k net.minecraftforge.oredict.ShapelessOreRecipe@6e406bba
[17:44:32] [Server thread/TRACE] [FML]:   Registry: 494 appliedenergistics2:network/crafting/cpu_crafting_unit net.minecraftforge.oredict.ShapedOreRecipe@111e54b2
[17:44:32] [Server thread/TRACE] [FML]:   Registry: 495 appliedenergistics2:network/crafting/cpu_crafting_storage_4k net.minecraftforge.oredict.ShapelessOreRecipe@683c5345
[17:44:32] [Server thread/TRACE] [FML]:   Registry: 496 appliedenergistics2:network/crafting/cpu_crafting_accelerator net.minecraftforge.oredict.ShapelessOreRecipe@1a37d95f
[17:44:32] [Server thread/TRACE] [FML]:   Registry: 497 appliedenergistics2:network/wireless_access_point net.minecraftforge.oredict.ShapedOreRecipe@638e8eca
[17:44:32] [Server thread/TRACE] [FML]:   Registry: 498 appliedenergistics2:network/cables/smart_yellow net.minecraftforge.oredict.ShapedOreRecipe@7924f5cc
[17:44:32] [Server thread/TRACE] [FML]:   Registry: 499 appliedenergistics2:network/cables/dense_covered_blue net.minecraftforge.oredict.ShapedOreRecipe@26e1681c
[17:44:32] [Server thread/TRACE] [FML]:   Registry: 500 appliedenergistics2:network/cables/smart_purple net.minecraftforge.oredict.ShapedOreRecipe@5982dd82
[17:44:32] [Server thread/TRACE] [FML]:   Registry: 501 appliedenergistics2:network/cables/smart_fluix net.minecraftforge.oredict.ShapelessOreRecipe@780661f1
[17:44:32] [Server thread/TRACE] [FML]:   Registry: 502 appliedenergistics2:network/cables/dense_smart_yellow net.minecraftforge.oredict.ShapedOreRecipe@58782585
[17:44:32] [Server thread/TRACE] [FML]:   Registry: 503 appliedenergistics2:network/cables/smart_gray net.minecraftforge.oredict.ShapedOreRecipe@68c2ebb2
[17:44:32] [Server thread/TRACE] [FML]:   Registry: 504 appliedenergistics2:network/cables/covered_white net.minecraftforge.oredict.ShapedOreRecipe@1348900d
[17:44:32] [Server thread/TRACE] [FML]:   Registry: 505 appliedenergistics2:network/cables/smart_fluix_clean net.minecraftforge.oredict.ShapelessOreRecipe@48572869
[17:44:32] [Server thread/TRACE] [FML]:   Registry: 506 appliedenergistics2:network/cables/dense_covered_pink net.minecraftforge.oredict.ShapedOreRecipe@40d59ac7
[17:44:32] [Server thread/TRACE] [FML]:   Registry: 507 appliedenergistics2:network/cables/dense_covered_brown net.minecraftforge.oredict.ShapedOreRecipe@44c37ea
[17:44:32] [Server thread/TRACE] [FML]:   Registry: 508 appliedenergistics2:network/cables/covered_lime net.minecraftforge.oredict.ShapedOreRecipe@b8471c9
[17:44:32] [Server thread/TRACE] [FML]:   Registry: 509 appliedenergistics2:network/cables/dense_smart_fluix_clean net.minecraftforge.oredict.ShapelessOreRecipe@5f61b22e
[17:44:32] [Server thread/TRACE] [FML]:   Registry: 510 appliedenergistics2:network/cables/smart_magenta net.minecraftforge.oredict.ShapedOreRecipe@4066c11c
[17:44:32] [Server thread/TRACE] [FML]:   Registry: 511 appliedenergistics2:network/cables/smart_black net.minecraftforge.oredict.ShapedOreRecipe@304781b1
[17:44:32] [Server thread/TRACE] [FML]:   Registry: 512 appliedenergistics2:network/cables/glass_light_blue net.minecraftforge.oredict.ShapedOreRecipe@4f8d1733
[17:44:32] [Server thread/TRACE] [FML]:   Registry: 513 appliedenergistics2:network/cables/dense_covered_gray net.minecraftforge.oredict.ShapedOreRecipe@3cf4ce2f
[17:44:32] [Server thread/TRACE] [FML]:   Registry: 514 appliedenergistics2:network/cables/glass_purple net.minecraftforge.oredict.ShapedOreRecipe@822db97
[17:44:32] [Server thread/TRACE] [FML]:   Registry: 515 appliedenergistics2:network/cables/dense_covered_cyan net.minecraftforge.oredict.ShapedOreRecipe@53c110e4
[17:44:32] [Server thread/TRACE] [FML]:   Registry: 516 appliedenergistics2:network/cables/glass_black net.minecraftforge.oredict.ShapedOreRecipe@718186ce
[17:44:32] [Server thread/TRACE] [FML]:   Registry: 517 appliedenergistics2:network/cables/dense_smart_cyan net.minecraftforge.oredict.ShapedOreRecipe@44edde1d
[17:44:32] [Server thread/TRACE] [FML]:   Registry: 518 appliedenergistics2:network/cables/glass_cyan net.minecraftforge.oredict.ShapedOreRecipe@24c7fab0
[17:44:32] [Server thread/TRACE] [FML]:   Registry: 519 appliedenergistics2:network/cables/covered_purple net.minecraftforge.oredict.ShapedOreRecipe@56b720d3
[17:44:32] [Server thread/TRACE] [FML]:   Registry: 520 appliedenergistics2:network/cables/glass_red net.minecraftforge.oredict.ShapedOreRecipe@49b4b5fc
[17:44:32] [Server thread/TRACE] [FML]:   Registry: 521 appliedenergistics2:network/cables/smart_blue net.minecraftforge.oredict.ShapedOreRecipe@549d1965
[17:44:32] [Server thread/TRACE] [FML]:   Registry: 522 appliedenergistics2:network/cables/glass_yellow net.minecraftforge.oredict.ShapedOreRecipe@55d8bf33
[17:44:32] [Server thread/TRACE] [FML]:   Registry: 523 appliedenergistics2:network/cables/covered_cyan net.minecraftforge.oredict.ShapedOreRecipe@77ebc959
[17:44:32] [Server thread/TRACE] [FML]:   Registry: 524 appliedenergistics2:network/cables/glass_orange net.minecraftforge.oredict.ShapedOreRecipe@3446f434
[17:44:32] [Server thread/TRACE] [FML]:   Registry: 525 appliedenergistics2:network/cables/dense_smart_lime net.minecraftforge.oredict.ShapedOreRecipe@30153a85
[17:44:32] [Server thread/TRACE] [FML]:   Registry: 526 appliedenergistics2:network/cables/dense_smart_red net.minecraftforge.oredict.ShapedOreRecipe@307ab1f1
[17:44:32] [Server thread/TRACE] [FML]:   Registry: 527 appliedenergistics2:network/cables/smart_brown net.minecraftforge.oredict.ShapedOreRecipe@2cd37eac
[17:44:32] [Server thread/TRACE] [FML]:   Registry: 528 appliedenergistics2:network/cables/dense_smart_purple net.minecraftforge.oredict.ShapedOreRecipe@2c5748e1
[17:44:32] [Server thread/TRACE] [FML]:   Registry: 529 appliedenergistics2:network/cables/dense_covered_purple net.minecraftforge.oredict.ShapedOreRecipe@b5a0626
[17:44:32] [Server thread/TRACE] [FML]:   Registry: 530 appliedenergistics2:network/cables/smart_lime net.minecraftforge.oredict.ShapedOreRecipe@31bd3c7
[17:44:32] [Server thread/TRACE] [FML]:   Registry: 531 appliedenergistics2:network/cables/covered_fluix net.minecraftforge.oredict.ShapelessOreRecipe@5fe91e94
[17:44:32] [Server thread/TRACE] [FML]:   Registry: 532 appliedenergistics2:network/cables/dense_covered_light_gray net.minecraftforge.oredict.ShapedOreRecipe@76a0d43b
[17:44:32] [Server thread/TRACE] [FML]:   Registry: 533 appliedenergistics2:network/cables/covered_fluix_clean net.minecraftforge.oredict.ShapelessOreRecipe@5803b898
[17:44:32] [Server thread/TRACE] [FML]:   Registry: 534 appliedenergistics2:network/cables/dense_smart_white net.minecraftforge.oredict.ShapedOreRecipe@618b1cd9
[17:44:32] [Server thread/TRACE] [FML]:   Registry: 535 appliedenergistics2:network/cables/glass_pink net.minecraftforge.oredict.ShapedOreRecipe@2519a7d1
[17:44:32] [Server thread/TRACE] [FML]:   Registry: 536 appliedenergistics2:network/cables/dense_covered_fluix_clean net.minecraftforge.oredict.ShapelessOreRecipe@1abd54fc
[17:44:32] [Server thread/TRACE] [FML]:   Registry: 537 appliedenergistics2:network/cables/covered_light_blue net.minecraftforge.oredict.ShapedOreRecipe@1838104d
[17:44:32] [Server thread/TRACE] [FML]:   Registry: 538 appliedenergistics2:network/cables/dense_covered_fluix net.minecraftforge.oredict.ShapelessOreRecipe@68917e71
[17:44:32] [Server thread/TRACE] [FML]:   Registry: 539 appliedenergistics2:network/cables/covered_gray net.minecraftforge.oredict.ShapedOreRecipe@50c618fc
[17:44:32] [Server thread/TRACE] [FML]:   Registry: 540 appliedenergistics2:network/cables/dense_smart_green net.minecraftforge.oredict.ShapedOreRecipe@35138ba2
[17:44:32] [Server thread/TRACE] [FML]:   Registry: 541 appliedenergistics2:network/cables/dense_smart_pink net.minecraftforge.oredict.ShapedOreRecipe@fdf5f3
[17:44:32] [Server thread/TRACE] [FML]:   Registry: 542 appliedenergistics2:network/cables/dense_smart_fluix net.minecraftforge.oredict.ShapelessOreRecipe@2d42cee4
[17:44:32] [Server thread/TRACE] [FML]:   Registry: 543 appliedenergistics2:network/cables/dense_smart_light_blue net.minecraftforge.oredict.ShapedOreRecipe@75988194
[17:44:32] [Server thread/TRACE] [FML]:   Registry: 544 appliedenergistics2:network/cables/glass_green net.minecraftforge.oredict.ShapedOreRecipe@4c9f442e
[17:44:32] [Server thread/TRACE] [FML]:   Registry: 545 appliedenergistics2:network/cables/covered_yellow net.minecraftforge.oredict.ShapedOreRecipe@51e24212
[17:44:32] [Server thread/TRACE] [FML]:   Registry: 546 appliedenergistics2:network/cables/dense_smart_brown net.minecraftforge.oredict.ShapedOreRecipe@56e9cbee
[17:44:32] [Server thread/TRACE] [FML]:   Registry: 547 appliedenergistics2:network/cables/covered_black net.minecraftforge.oredict.ShapedOreRecipe@6ce95b9a
[17:44:32] [Server thread/TRACE] [FML]:   Registry: 548 appliedenergistics2:network/cables/covered_brown net.minecraftforge.oredict.ShapedOreRecipe@3e812f6a
[17:44:32] [Server thread/TRACE] [FML]:   Registry: 549 appliedenergistics2:network/cables/dense_covered_orange net.minecraftforge.oredict.ShapedOreRecipe@5748c473
[17:44:32] [Server thread/TRACE] [FML]:   Registry: 550 appliedenergistics2:network/cables/dense_covered_green net.minecraftforge.oredict.ShapedOreRecipe@13c8033b
[17:44:32] [Server thread/TRACE] [FML]:   Registry: 551 appliedenergistics2:network/cables/smart_light_gray net.minecraftforge.oredict.ShapedOreRecipe@5bf4454c
[17:44:32] [Server thread/TRACE] [FML]:   Registry: 552 appliedenergistics2:network/cables/covered_magenta net.minecraftforge.oredict.ShapedOreRecipe@118d0fae
[17:44:32] [Server thread/TRACE] [FML]:   Registry: 553 appliedenergistics2:network/cables/glass_fluix net.minecraftforge.oredict.ShapelessOreRecipe@44c1ef00
[17:44:32] [Server thread/TRACE] [FML]:   Registry: 554 appliedenergistics2:network/cables/dense_covered_white net.minecraftforge.oredict.ShapedOreRecipe@20347465
[17:44:32] [Server thread/TRACE] [FML]:   Registry: 555 appliedenergistics2:network/cables/glass_light_gray net.minecraftforge.oredict.ShapedOreRecipe@60528633
[17:44:32] [Server thread/TRACE] [FML]:   Registry: 556 appliedenergistics2:network/cables/dense_smart_black net.minecraftforge.oredict.ShapedOreRecipe@7d20558e
[17:44:32] [Server thread/TRACE] [FML]:   Registry: 557 appliedenergistics2:network/cables/covered_red net.minecraftforge.oredict.ShapedOreRecipe@1aebf638
[17:44:32] [Server thread/TRACE] [FML]:   Registry: 558 appliedenergistics2:network/cables/glass_white net.minecraftforge.oredict.ShapedOreRecipe@ab98109
[17:44:32] [Server thread/TRACE] [FML]:   Registry: 559 appliedenergistics2:network/cables/dense_smart_magenta net.minecraftforge.oredict.ShapedOreRecipe@7f75b42f
[17:44:32] [Server thread/TRACE] [FML]:   Registry: 560 appliedenergistics2:network/cables/glass_gray net.minecraftforge.oredict.ShapedOreRecipe@22bfec22
[17:44:32] [Server thread/TRACE] [FML]:   Registry: 561 appliedenergistics2:network/cables/smart_light_blue net.minecraftforge.oredict.ShapedOreRecipe@428fecb4
[17:44:32] [Server thread/TRACE] [FML]:   Registry: 562 appliedenergistics2:network/cables/glass_fluix_clean net.minecraftforge.oredict.ShapelessOreRecipe@9e32322
[17:44:32] [Server thread/TRACE] [FML]:   Registry: 563 appliedenergistics2:network/cables/glass_magenta net.minecraftforge.oredict.ShapedOreRecipe@26cfdc15
[17:44:32] [Server thread/TRACE] [FML]:   Registry: 564 appliedenergistics2:network/cables/dense_covered_magenta net.minecraftforge.oredict.ShapedOreRecipe@6009aaa9
[17:44:32] [Server thread/TRACE] [FML]:   Registry: 565 appliedenergistics2:network/cables/dense_covered_yellow net.minecraftforge.oredict.ShapedOreRecipe@549929fa
[17:44:32] [Server thread/TRACE] [FML]:   Registry: 566 appliedenergistics2:network/cables/covered_green net.minecraftforge.oredict.ShapedOreRecipe@5cd8e7f3
[17:44:32] [Server thread/TRACE] [FML]:   Registry: 567 appliedenergistics2:network/cables/smart_cyan net.minecraftforge.oredict.ShapedOreRecipe@27b32793
[17:44:32] [Server thread/TRACE] [FML]:   Registry: 568 appliedenergistics2:network/cables/dense_smart_blue net.minecraftforge.oredict.ShapedOreRecipe@1f0f4d9f
[17:44:32] [Server thread/TRACE] [FML]:   Registry: 569 appliedenergistics2:network/cables/dense_smart_gray net.minecraftforge.oredict.ShapedOreRecipe@7a298ff3
[17:44:32] [Server thread/TRACE] [FML]:   Registry: 570 appliedenergistics2:network/cables/dense_covered_black net.minecraftforge.oredict.ShapedOreRecipe@5a72b45d
[17:44:32] [Server thread/TRACE] [FML]:   Registry: 571 appliedenergistics2:network/cables/smart_pink net.minecraftforge.oredict.ShapedOreRecipe@5d6cf511
[17:44:32] [Server thread/TRACE] [FML]:   Registry: 572 appliedenergistics2:network/cables/smart_white net.minecraftforge.oredict.ShapedOreRecipe@f5d4e89
[17:44:32] [Server thread/TRACE] [FML]:   Registry: 573 appliedenergistics2:network/cables/covered_orange net.minecraftforge.oredict.ShapedOreRecipe@ccc3ef8
[17:44:32] [Server thread/TRACE] [FML]:   Registry: 574 appliedenergistics2:network/cables/dense_smart_orange net.minecraftforge.oredict.ShapedOreRecipe@7307fd8f
[17:44:32] [Server thread/TRACE] [FML]:   Registry: 575 appliedenergistics2:network/cables/covered_pink net.minecraftforge.oredict.ShapedOreRecipe@4ff2de2
[17:44:32] [Server thread/TRACE] [FML]:   Registry: 576 appliedenergistics2:network/cables/smart_green net.minecraftforge.oredict.ShapedOreRecipe@8a51c4e
[17:44:32] [Server thread/TRACE] [FML]:   Registry: 577 appliedenergistics2:network/cables/glass_blue net.minecraftforge.oredict.ShapedOreRecipe@4b9102de
[17:44:32] [Server thread/TRACE] [FML]:   Registry: 578 appliedenergistics2:network/cables/glass_brown net.minecraftforge.oredict.ShapedOreRecipe@49defb82
[17:44:32] [Server thread/TRACE] [FML]:   Registry: 579 appliedenergistics2:network/cables/dense_smart_light_gray net.minecraftforge.oredict.ShapedOreRecipe@60615d72
[17:44:32] [Server thread/TRACE] [FML]:   Registry: 580 appliedenergistics2:network/cables/covered_blue net.minecraftforge.oredict.ShapedOreRecipe@4ad5579f
[17:44:32] [Server thread/TRACE] [FML]:   Registry: 581 appliedenergistics2:network/cables/smart_red net.minecraftforge.oredict.ShapedOreRecipe@683fe5a5
[17:44:32] [Server thread/TRACE] [FML]:   Registry: 582 appliedenergistics2:network/cables/covered_light_gray net.minecraftforge.oredict.ShapedOreRecipe@1000fc7
[17:44:32] [Server thread/TRACE] [FML]:   Registry: 583 appliedenergistics2:network/cables/dense_covered_lime net.minecraftforge.oredict.ShapedOreRecipe@7a9b780e
[17:44:32] [Server thread/TRACE] [FML]:   Registry: 584 appliedenergistics2:network/cables/dense_covered_light_blue net.minecraftforge.oredict.ShapedOreRecipe@ac733da
[17:44:32] [Server thread/TRACE] [FML]:   Registry: 585 appliedenergistics2:network/cables/dense_covered_red net.minecraftforge.oredict.ShapedOreRecipe@32ecd4b9
[17:44:32] [Server thread/TRACE] [FML]:   Registry: 586 appliedenergistics2:network/cables/smart_orange net.minecraftforge.oredict.ShapedOreRecipe@7bc37039
[17:44:32] [Server thread/TRACE] [FML]:   Registry: 587 appliedenergistics2:network/cables/glass_lime net.minecraftforge.oredict.ShapedOreRecipe@2bdff16d
[17:44:32] [Server thread/TRACE] [FML]:   Registry: 588 appliedenergistics2:network/blocks/energy_dense_energy_cell net.minecraftforge.oredict.ShapedOreRecipe@781ea215
[17:44:32] [Server thread/TRACE] [FML]:   Registry: 589 appliedenergistics2:network/blocks/energy_energy_cell net.minecraftforge.oredict.ShapedOreRecipe@54e0059d
[17:44:32] [Server thread/TRACE] [FML]:   Registry: 590 appliedenergistics2:network/blocks/fluid_interfaces_interface net.minecraftforge.oredict.ShapedOreRecipe@140c6fda
[17:44:32] [Server thread/TRACE] [FML]:   Registry: 591 appliedenergistics2:network/blocks/storage_drive net.minecraftforge.oredict.ShapedOreRecipe@77fa85ad
[17:44:32] [Server thread/TRACE] [FML]:   Registry: 592 appliedenergistics2:network/blocks/crystal_processing_charger net.minecraftforge.oredict.ShapedOreRecipe@4da92392
[17:44:32] [Server thread/TRACE] [FML]:   Registry: 593 appliedenergistics2:network/blocks/cell_workbench net.minecraftforge.oredict.ShapedOreRecipe@5c823dc5
[17:44:32] [Server thread/TRACE] [FML]:   Registry: 594 appliedenergistics2:network/blocks/quantum_link net.minecraftforge.oredict.ShapedOreRecipe@2f6e06ca
[17:44:32] [Server thread/TRACE] [FML]:   Registry: 595 appliedenergistics2:network/blocks/storage_chest net.minecraftforge.oredict.ShapedOreRecipe@690f7902
[17:44:32] [Server thread/TRACE] [FML]:   Registry: 596 appliedenergistics2:network/blocks/io_port net.minecraftforge.oredict.ShapedOreRecipe@42e3a3a
[17:44:32] [Server thread/TRACE] [FML]:   Registry: 597 appliedenergistics2:network/blocks/spatial_io_pylon net.minecraftforge.oredict.ShapedOreRecipe@1eac22ce
[17:44:32] [Server thread/TRACE] [FML]:   Registry: 598 appliedenergistics2:network/blocks/energy_energy_acceptor net.minecraftforge.oredict.ShapedOreRecipe@51361fce
[17:44:32] [Server thread/TRACE] [FML]:   Registry: 599 appliedenergistics2:network/blocks/spatial_io_port net.minecraftforge.oredict.ShapedOreRecipe@5aa7fcd2
[17:44:32] [Server thread/TRACE] [FML]:   Registry: 600 appliedenergistics2:network/blocks/inscribers net.minecraftforge.oredict.ShapedOreRecipe@69fdf6ed
[17:44:32] [Server thread/TRACE] [FML]:   Registry: 601 appliedenergistics2:network/blocks/interfaces_interface_alt net.minecraftforge.oredict.ShapelessOreRecipe@7b6c94e2
[17:44:32] [Server thread/TRACE] [FML]:   Registry: 602 appliedenergistics2:network/blocks/interfaces_interface_part net.minecraftforge.oredict.ShapelessOreRecipe@1662adb2
[17:44:32] [Server thread/TRACE] [FML]:   Registry: 603 appliedenergistics2:network/blocks/controller net.minecraftforge.oredict.ShapedOreRecipe@1e837309
[17:44:32] [Server thread/TRACE] [FML]:   Registry: 604 appliedenergistics2:network/blocks/crystal_processing_quartz_growth_accelerator net.minecraftforge.oredict.ShapedOreRecipe@17355ea4
[17:44:32] [Server thread/TRACE] [FML]:   Registry: 605 appliedenergistics2:network/blocks/fluid_interfaces_interface_alt net.minecraftforge.oredict.ShapelessOreRecipe@50e8921d
[17:44:32] [Server thread/TRACE] [FML]:   Registry: 606 appliedenergistics2:network/blocks/fluid_interfaces_interface_part net.minecraftforge.oredict.ShapelessOreRecipe@5f610784
[17:44:32] [Server thread/TRACE] [FML]:   Registry: 607 appliedenergistics2:network/blocks/security_station net.minecraftforge.oredict.ShapedOreRecipe@7427c7ce
[17:44:32] [Server thread/TRACE] [FML]:   Registry: 608 appliedenergistics2:network/blocks/energy_vibration_chamber net.minecraftforge.oredict.ShapedOreRecipe@4f68beae
[17:44:32] [Server thread/TRACE] [FML]:   Registry: 609 appliedenergistics2:network/blocks/interfaces_interface net.minecraftforge.oredict.ShapedOreRecipe@7dc56ba9
[17:44:32] [Server thread/TRACE] [FML]:   Registry: 610 appliedenergistics2:network/blocks/quantum_ring net.minecraftforge.oredict.ShapedOreRecipe@55b06402
[17:44:32] [Server thread/TRACE] [FML]:   Registry: 611 appliedenergistics2:network/blocks/io_condenser net.minecraftforge.oredict.ShapedOreRecipe@277d3e21
[17:44:32] [Server thread/TRACE] [FML]:   Registry: 612 appliedenergistics2:network/wireless_fluid_terminal net.minecraftforge.oredict.ShapedOreRecipe@3659516f
[17:44:32] [Server thread/TRACE] [FML]:   Registry: 613 appliedenergistics2:network/wireless_part net.minecraftforge.oredict.ShapedOreRecipe@24c50db8
[17:44:32] [Server thread/TRACE] [FML]:   Registry: 614 appliedenergistics2:network/cells/storage_cell_64k net.minecraftforge.oredict.ShapedOreRecipe@599e0d01
[17:44:32] [Server thread/TRACE] [FML]:   Registry: 615 appliedenergistics2:network/cells/storage_cell_1k_storage net.minecraftforge.oredict.ShapelessOreRecipe@1e07feb0
[17:44:32] [Server thread/TRACE] [FML]:   Registry: 616 appliedenergistics2:network/cells/storage_cell_16k_storage net.minecraftforge.oredict.ShapelessOreRecipe@6389e453
[17:44:32] [Server thread/TRACE] [FML]:   Registry: 617 appliedenergistics2:network/cells/view_cell_storage net.minecraftforge.oredict.ShapelessOreRecipe@7cd296da
[17:44:32] [Server thread/TRACE] [FML]:   Registry: 618 appliedenergistics2:network/cells/fluid_storage_components_cell_1k_part net.minecraftforge.oredict.ShapedOreRecipe@79a2c20e
[17:44:32] [Server thread/TRACE] [FML]:   Registry: 619 appliedenergistics2:network/cells/spatial_storage_cell_128_cubed_storage net.minecraftforge.oredict.ShapelessOreRecipe@35be6701
[17:44:32] [Server thread/TRACE] [FML]:   Registry: 620 appliedenergistics2:network/cells/spatial_components_1 net.minecraftforge.oredict.ShapedOreRecipe@5488d56
[17:44:32] [Server thread/TRACE] [FML]:   Registry: 621 appliedenergistics2:network/cells/storage_components_cell_4k_part net.minecraftforge.oredict.ShapedOreRecipe@30e89d1e
[17:44:32] [Server thread/TRACE] [FML]:   Registry: 622 appliedenergistics2:network/cells/view_cell net.minecraftforge.oredict.ShapedOreRecipe@78913600
[17:44:32] [Server thread/TRACE] [FML]:   Registry: 623 appliedenergistics2:network/cells/storage_cell_16k net.minecraftforge.oredict.ShapedOreRecipe@30d19583
[17:44:32] [Server thread/TRACE] [FML]:   Registry: 624 appliedenergistics2:network/cells/fluid_storage_cell_64k_storage net.minecraftforge.oredict.ShapelessOreRecipe@64fdeb82
[17:44:32] [Server thread/TRACE] [FML]:   Registry: 625 appliedenergistics2:network/cells/empty_storage_cell net.minecraftforge.oredict.ShapedOreRecipe@62a6c403
[17:44:32] [Server thread/TRACE] [FML]:   Registry: 626 appliedenergistics2:network/cells/storage_cell_4k_storage net.minecraftforge.oredict.ShapelessOreRecipe@10d63c34
[17:44:32] [Server thread/TRACE] [FML]:   Registry: 627 appliedenergistics2:network/cells/spatial_storage_cell_2_cubed net.minecraftforge.oredict.ShapedOreRecipe@5b31684c
[17:44:32] [Server thread/TRACE] [FML]:   Registry: 628 appliedenergistics2:network/cells/spatial_components_0 net.minecraftforge.oredict.ShapedOreRecipe@30bf6e42
[17:44:32] [Server thread/TRACE] [FML]:   Registry: 629 appliedenergistics2:network/cells/storage_cell_64k_storage net.minecraftforge.oredict.ShapelessOreRecipe@70cf3097
[17:44:32] [Server thread/TRACE] [FML]:   Registry: 630 appliedenergistics2:network/cells/storage_components_cell_64k_part net.minecraftforge.oredict.ShapedOreRecipe@74b2f3b7
[17:44:32] [Server thread/TRACE] [FML]:   Registry: 631 appliedenergistics2:network/cells/storage_components_cell_1k_part net.minecraftforge.oredict.ShapedOreRecipe@e6bb0f2
[17:44:32] [Server thread/TRACE] [FML]:   Registry: 632 appliedenergistics2:network/cells/fluid_storage_cell_1k net.minecraftforge.oredict.ShapedOreRecipe@4d4970bf
[17:44:32] [Server thread/TRACE] [FML]:   Registry: 633 appliedenergistics2:network/cells/spatial_storage_cell_2_cubed_storage net.minecraftforge.oredict.ShapelessOreRecipe@63d10a3b
[17:44:32] [Server thread/TRACE] [FML]:   Registry: 634 appliedenergistics2:network/cells/spatial_storage_cell_16_cubed_storage net.minecraftforge.oredict.ShapelessOreRecipe@1034c679
[17:44:32] [Server thread/TRACE] [FML]:   Registry: 635 appliedenergistics2:network/cells/storage_cell_4k net.minecraftforge.oredict.ShapedOreRecipe@67f11c0b
[17:44:32] [Server thread/TRACE] [FML]:   Registry: 636 appliedenergistics2:network/cells/fluid_storage_cell_64k net.minecraftforge.oredict.ShapedOreRecipe@4d67241d
[17:44:32] [Server thread/TRACE] [FML]:   Registry: 637 appliedenergistics2:network/cells/fluid_storage_components_cell_4k_part net.minecraftforge.oredict.ShapedOreRecipe@8a10fd6
[17:44:32] [Server thread/TRACE] [FML]:   Registry: 638 appliedenergistics2:network/cells/spatial_components net.minecraftforge.oredict.ShapedOreRecipe@23c00c3b
[17:44:32] [Server thread/TRACE] [FML]:   Registry: 639 appliedenergistics2:network/cells/fluid_storage_cell_16k_storage net.minecraftforge.oredict.ShapelessOreRecipe@5db130d4
[17:44:32] [Server thread/TRACE] [FML]:   Registry: 640 appliedenergistics2:network/cells/fluid_storage_cell_1k_storage net.minecraftforge.oredict.ShapelessOreRecipe@4fc61fd4
[17:44:32] [Server thread/TRACE] [FML]:   Registry: 641 appliedenergistics2:network/cells/spatial_storage_cell_128_cubed net.minecraftforge.oredict.ShapedOreRecipe@7bbb9c72
[17:44:32] [Server thread/TRACE] [FML]:   Registry: 642 appliedenergistics2:network/cells/fluid_storage_components_cell_16k_part net.minecraftforge.oredict.ShapedOreRecipe@1868b01
[17:44:32] [Server thread/TRACE] [FML]:   Registry: 643 appliedenergistics2:network/cells/fluid_storage_cell_4k_storage net.minecraftforge.oredict.ShapelessOreRecipe@f259c57
[17:44:32] [Server thread/TRACE] [FML]:   Registry: 644 appliedenergistics2:network/cells/fluid_storage_cell_16k net.minecraftforge.oredict.ShapedOreRecipe@5b88b949
[17:44:32] [Server thread/TRACE] [FML]:   Registry: 645 appliedenergistics2:network/cells/spatial_storage_cell_16_cubed net.minecraftforge.oredict.ShapedOreRecipe@46279771
[17:44:32] [Server thread/TRACE] [FML]:   Registry: 646 appliedenergistics2:network/cells/storage_cell_1k net.minecraftforge.oredict.ShapedOreRecipe@66413a14
[17:44:32] [Server thread/TRACE] [FML]:   Registry: 647 appliedenergistics2:network/cells/storage_components_cell_16k_part net.minecraftforge.oredict.ShapedOreRecipe@6c6892e0
[17:44:32] [Server thread/TRACE] [FML]:   Registry: 648 appliedenergistics2:network/cells/fluid_storage_components_cell_64k_part net.minecraftforge.oredict.ShapedOreRecipe@5835032e
[17:44:32] [Server thread/TRACE] [FML]:   Registry: 649 appliedenergistics2:network/cells/fluid_storage_cell_4k net.minecraftforge.oredict.ShapedOreRecipe@7a450c77
[17:44:32] [Server thread/TRACE] [FML]:   Registry: 650 appliedenergistics2:misc/fluixpearl net.minecraftforge.oredict.ShapedOreRecipe@7a3742ec
[17:44:32] [Server thread/TRACE] [FML]:   Registry: 651 appliedenergistics2:misc/tiny_tnt net.minecraftforge.oredict.ShapedOreRecipe@7d766484
[17:44:32] [Server thread/TRACE] [FML]:   Registry: 652 appliedenergistics2:misc/chests_smooth_sky_stone net.minecraftforge.oredict.ShapedOreRecipe@1ae7d0b7
[17:44:32] [Server thread/TRACE] [FML]:   Registry: 653 appliedenergistics2:misc/seeds_certus net.minecraftforge.oredict.ShapelessOreRecipe@3abb6a31
[17:44:32] [Server thread/TRACE] [FML]:   Registry: 654 appliedenergistics2:misc/grindstone net.minecraftforge.oredict.ShapedOreRecipe@45dc4752
[17:44:32] [Server thread/TRACE] [FML]:   Registry: 655 appliedenergistics2:misc/deconstruction_fluix_block net.minecraftforge.oredict.ShapelessOreRecipe@586ab839
[17:44:32] [Server thread/TRACE] [FML]:   Registry: 656 appliedenergistics2:misc/deconstruction_certus_quartz_pillar net.minecraftforge.oredict.ShapelessOreRecipe@1086e2f7
[17:44:32] [Server thread/TRACE] [FML]:   Registry: 657 appliedenergistics2:misc/seeds_fluix net.minecraftforge.oredict.ShapelessOreRecipe@6433f21
[17:44:32] [Server thread/TRACE] [FML]:   Registry: 658 appliedenergistics2:misc/deconstruction_certus_quartz_block net.minecraftforge.oredict.ShapelessOreRecipe@444ba2d3
[17:44:32] [Server thread/TRACE] [FML]:   Registry: 659 appliedenergistics2:misc/grindstone_crank net.minecraftforge.oredict.ShapedOreRecipe@27420688
[17:44:32] [Server thread/TRACE] [FML]:   Registry: 660 appliedenergistics2:misc/deconstruction_certus_chiseled_quartz net.minecraftforge.oredict.ShapelessOreRecipe@70fc0b99
[17:44:32] [Server thread/TRACE] [FML]:   Registry: 661 appliedenergistics2:misc/seeds_nether net.minecraftforge.oredict.ShapelessOreRecipe@65242332
[17:44:32] [Server thread/TRACE] [FML]:   Registry: 662 appliedenergistics2:misc/vanilla_comparator net.minecraftforge.oredict.ShapedOreRecipe@44e7ba3e
[17:44:32] [Server thread/TRACE] [FML]:   Registry: 663 appliedenergistics2:misc/grindstone_woodengear net.minecraftforge.oredict.ShapedOreRecipe@27fb6f8b
[17:44:32] [Server thread/TRACE] [FML]:   Registry: 664 appliedenergistics2:misc/meteors_sky_compass net.minecraftforge.oredict.ShapedOreRecipe@75e953d3
[17:44:32] [Server thread/TRACE] [FML]:   Registry: 665 appliedenergistics2:misc/chests_sky_stone net.minecraftforge.oredict.ShapedOreRecipe@239856b9
[17:44:32] [Server thread/TRACE] [FML]:   Registry: 666 appliedenergistics2:misc/vanilla_daylight_detector net.minecraftforge.oredict.ShapedOreRecipe@6ffe3365
[17:44:32] [Server thread/TRACE] [FML]:   Registry: 667 appliedenergistics2:decorative/chiseled_quartz_block net.minecraftforge.oredict.ShapedOreRecipe@6fd1a7c9
[17:44:32] [Server thread/TRACE] [FML]:   Registry: 668 appliedenergistics2:decorative/stairs_sky_stone_brick net.minecraftforge.oredict.ShapedOreRecipe@52a52f2e
[17:44:32] [Server thread/TRACE] [FML]:   Registry: 669 appliedenergistics2:decorative/stairs_fluix net.minecraftforge.oredict.ShapedOreRecipe@2ffe6045
[17:44:32] [Server thread/TRACE] [FML]:   Registry: 670 appliedenergistics2:decorative/quartz_glass net.minecraftforge.oredict.ShapedOreRecipe@4b37b02a
[17:44:32] [Server thread/TRACE] [FML]:   Registry: 671 appliedenergistics2:decorative/slabs_sky_stone_small_brick net.minecraftforge.oredict.ShapedOreRecipe@6b35d71f
[17:44:32] [Server thread/TRACE] [FML]:   Registry: 672 appliedenergistics2:decorative/slabs_chiseled_quartz net.minecraftforge.oredict.ShapedOreRecipe@1f551ced
[17:44:32] [Server thread/TRACE] [FML]:   Registry: 673 appliedenergistics2:decorative/fluix_block_pure net.minecraftforge.oredict.ShapedOreRecipe@598e47eb
[17:44:32] [Server thread/TRACE] [FML]:   Registry: 674 appliedenergistics2:decorative/fluix_block net.minecraftforge.oredict.ShapedOreRecipe@653bd928
[17:44:32] [Server thread/TRACE] [FML]:   Registry: 675 appliedenergistics2:decorative/quartz_block_pure net.minecraftforge.oredict.ShapedOreRecipe@55952d
[17:44:32] [Server thread/TRACE] [FML]:   Registry: 676 appliedenergistics2:decorative/stairs_chiseled_quartz net.minecraftforge.oredict.ShapedOreRecipe@65382d45
[17:44:32] [Server thread/TRACE] [FML]:   Registry: 677 appliedenergistics2:decorative/slabs_smooth_sky_stone net.minecraftforge.oredict.ShapedOreRecipe@2372d47d
[17:44:32] [Server thread/TRACE] [FML]:   Registry: 678 appliedenergistics2:decorative/slabs_fluix net.minecraftforge.oredict.ShapedOreRecipe@cbbc7df
[17:44:32] [Server thread/TRACE] [FML]:   Registry: 679 appliedenergistics2:decorative/stairs_quartz_pillar net.minecraftforge.oredict.ShapedOreRecipe@19797838
[17:44:32] [Server thread/TRACE] [FML]:   Registry: 680 appliedenergistics2:decorative/certus_quartz_block net.minecraftforge.oredict.ShapedOreRecipe@7f385cbe
[17:44:32] [Server thread/TRACE] [FML]:   Registry: 681 appliedenergistics2:decorative/stairs_smooth_sky_stone net.minecraftforge.oredict.ShapedOreRecipe@6e98de91
[17:44:32] [Server thread/TRACE] [FML]:   Registry: 682 appliedenergistics2:decorative/slabs_quartz net.minecraftforge.oredict.ShapedOreRecipe@24dbe480
[17:44:32] [Server thread/TRACE] [FML]:   Registry: 683 appliedenergistics2:decorative/stairs_sky_stone_small_brick net.minecraftforge.oredict.ShapedOreRecipe@1638733c
[17:44:32] [Server thread/TRACE] [FML]:   Registry: 684 appliedenergistics2:decorative/stairs_quartz net.minecraftforge.oredict.ShapedOreRecipe@1b99a5ac
[17:44:32] [Server thread/TRACE] [FML]:   Registry: 685 appliedenergistics2:decorative/certus_quartz_block_pure net.minecraftforge.oredict.ShapedOreRecipe@5f8e3995
[17:44:32] [Server thread/TRACE] [FML]:   Registry: 686 appliedenergistics2:decorative/slabs_quartz_pillar net.minecraftforge.oredict.ShapedOreRecipe@53b58e82
[17:44:32] [Server thread/TRACE] [FML]:   Registry: 687 appliedenergistics2:decorative/quartz_vibrant_glass net.minecraftforge.oredict.ShapedOreRecipe@3bf4c059
[17:44:32] [Server thread/TRACE] [FML]:   Registry: 688 appliedenergistics2:decorative/quartz_fixture net.minecraftforge.oredict.ShapedOreRecipe@349f4bb0
[17:44:32] [Server thread/TRACE] [FML]:   Registry: 689 appliedenergistics2:decorative/slabs_sky_stone net.minecraftforge.oredict.ShapedOreRecipe@24c9fa8e
[17:44:32] [Server thread/TRACE] [FML]:   Registry: 690 appliedenergistics2:decorative/sky_stone_smooth net.minecraftforge.oredict.ShapelessOreRecipe@1d7b348c
[17:44:32] [Server thread/TRACE] [FML]:   Registry: 691 appliedenergistics2:decorative/slabs_sky_stone_brick net.minecraftforge.oredict.ShapedOreRecipe@52179411
[17:44:32] [Server thread/TRACE] [FML]:   Registry: 692 appliedenergistics2:decorative/stairs_sky_stone net.minecraftforge.oredict.ShapedOreRecipe@2862ca5
[17:44:32] [Server thread/TRACE] [FML]:   Registry: 693 appliedenergistics2:decorative/sky_stone_brick net.minecraftforge.oredict.ShapelessOreRecipe@62e703a4
[17:44:32] [Server thread/TRACE] [FML]:   Registry: 694 appliedenergistics2:decorative/sky_stone_small_brick net.minecraftforge.oredict.ShapelessOreRecipe@5dca6386
[17:44:32] [Server thread/TRACE] [FML]:   Registry: 695 appliedenergistics2:decorative/certus_quartz_pillar net.minecraftforge.oredict.ShapedOreRecipe@3ea04bda
[17:44:32] [Server thread/TRACE] [FML]:   Registry: 696 appliedenergistics2:decorative/light_detector net.minecraftforge.oredict.ShapedOreRecipe@167e61d0
[17:44:32] [Server thread/TRACE] [FML]:   Registry: 697 appliedenergistics2:materials/annihilationcore net.minecraftforge.oredict.ShapedOreRecipe@38f907ec
[17:44:32] [Server thread/TRACE] [FML]:   Registry: 698 appliedenergistics2:materials/advancedcard net.minecraftforge.oredict.ShapedOreRecipe@629aac93
[17:44:32] [Server thread/TRACE] [FML]:   Registry: 699 appliedenergistics2:materials/cardsticky net.minecraftforge.oredict.ShapelessOreRecipe@42206830
[17:44:32] [Server thread/TRACE] [FML]:   Registry: 700 appliedenergistics2:materials/cardredstone net.minecraftforge.oredict.ShapelessOreRecipe@67c65978
[17:44:32] [Server thread/TRACE] [FML]:   Registry: 701 appliedenergistics2:materials/basiccard net.minecraftforge.oredict.ShapedOreRecipe@2fcb3082
[17:44:32] [Server thread/TRACE] [FML]:   Registry: 702 appliedenergistics2:materials/cardfuzzy net.minecraftforge.oredict.ShapelessOreRecipe@24b64f02
[17:44:32] [Server thread/TRACE] [FML]:   Registry: 703 appliedenergistics2:materials/cardpatternexpansion net.minecraftforge.oredict.ShapelessOreRecipe@30770b75
[17:44:32] [Server thread/TRACE] [FML]:   Registry: 704 appliedenergistics2:materials/cardspeed net.minecraftforge.oredict.ShapelessOreRecipe@66cdc806
[17:44:32] [Server thread/TRACE] [FML]:   Registry: 705 appliedenergistics2:materials/cardcapacity net.minecraftforge.oredict.ShapelessOreRecipe@6becf62
[17:44:32] [Server thread/TRACE] [FML]:   Registry: 706 appliedenergistics2:materials/cardcrafting net.minecraftforge.oredict.ShapelessOreRecipe@5fd21683
[17:44:32] [Server thread/TRACE] [FML]:   Registry: 707 appliedenergistics2:materials/formationcore net.minecraftforge.oredict.ShapedOreRecipe@67035094
[17:44:32] [Server thread/TRACE] [FML]:   Registry: 708 appliedenergistics2:materials/cardinverter net.minecraftforge.oredict.ShapelessOreRecipe@5703b77b
[17:44:32] [Server thread/TRACE] [FML]:   Registry: 709 appliedenergistics2:tools/paintballs_lumen_brown net.minecraftforge.oredict.ShapedOreRecipe@fbeec88
[17:44:32] [Server thread/TRACE] [FML]:   Registry: 710 appliedenergistics2:tools/paintballs_lumen_orange net.minecraftforge.oredict.ShapedOreRecipe@25f4be2d
[17:44:32] [Server thread/TRACE] [FML]:   Registry: 711 appliedenergistics2:tools/matter_cannon net.minecraftforge.oredict.ShapedOreRecipe@4803d1c0
[17:44:32] [Server thread/TRACE] [FML]:   Registry: 712 appliedenergistics2:tools/paintballs_lumen_black net.minecraftforge.oredict.ShapedOreRecipe@8093a5c
[17:44:32] [Server thread/TRACE] [FML]:   Registry: 713 appliedenergistics2:tools/paintballs_yellow net.minecraftforge.oredict.ShapedOreRecipe@52c31064
[17:44:32] [Server thread/TRACE] [FML]:   Registry: 714 appliedenergistics2:tools/paintballs_lumen_red net.minecraftforge.oredict.ShapedOreRecipe@23e8b346
[17:44:32] [Server thread/TRACE] [FML]:   Registry: 715 appliedenergistics2:tools/paintballs_gray net.minecraftforge.oredict.ShapedOreRecipe@5fcc0f6
[17:44:32] [Server thread/TRACE] [FML]:   Registry: 716 appliedenergistics2:tools/paintballs_lumen_pink net.minecraftforge.oredict.ShapedOreRecipe@76b9cff1
[17:44:32] [Server thread/TRACE] [FML]:   Registry: 717 appliedenergistics2:tools/paintballs_black net.minecraftforge.oredict.ShapedOreRecipe@31379107
[17:44:32] [Server thread/TRACE] [FML]:   Registry: 718 appliedenergistics2:tools/paintballs_lumen_cyan net.minecraftforge.oredict.ShapedOreRecipe@f640a06
[17:44:32] [Server thread/TRACE] [FML]:   Registry: 719 appliedenergistics2:tools/paintballs_lumen_yellow net.minecraftforge.oredict.ShapedOreRecipe@468ad943
[17:44:32] [Server thread/TRACE] [FML]:   Registry: 720 appliedenergistics2:tools/paintballs_white net.minecraftforge.oredict.ShapedOreRecipe@3facdde8
[17:44:32] [Server thread/TRACE] [FML]:   Registry: 721 appliedenergistics2:tools/paintballs_green net.minecraftforge.oredict.ShapedOreRecipe@55053252
[17:44:32] [Server thread/TRACE] [FML]:   Registry: 722 appliedenergistics2:tools/paintballs_red net.minecraftforge.oredict.ShapedOreRecipe@566ce47e
[17:44:32] [Server thread/TRACE] [FML]:   Registry: 723 appliedenergistics2:tools/certus_quartz_spade net.minecraftforge.oredict.ShapedOreRecipe@2062f7f2
[17:44:32] [Server thread/TRACE] [FML]:   Registry: 724 appliedenergistics2:tools/paintballs_magenta net.minecraftforge.oredict.ShapedOreRecipe@44147543
[17:44:32] [Server thread/TRACE] [FML]:   Registry: 725 appliedenergistics2:tools/paintballs_lumen_blue net.minecraftforge.oredict.ShapedOreRecipe@5a93ddcd
[17:44:32] [Server thread/TRACE] [FML]:   Registry: 726 appliedenergistics2:tools/nether_quartz_pickaxe net.minecraftforge.oredict.ShapedOreRecipe@2a10a1e2
[17:44:32] [Server thread/TRACE] [FML]:   Registry: 727 appliedenergistics2:tools/nether_quartz_wrench net.minecraftforge.oredict.ShapedOreRecipe@6a5981e0
[17:44:32] [Server thread/TRACE] [FML]:   Registry: 728 appliedenergistics2:tools/nether_quartz_spade net.minecraftforge.oredict.ShapedOreRecipe@176a48f9
[17:44:32] [Server thread/TRACE] [FML]:   Registry: 729 appliedenergistics2:tools/paintballs_lumen_purple net.minecraftforge.oredict.ShapedOreRecipe@51740384
[17:44:32] [Server thread/TRACE] [FML]:   Registry: 730 appliedenergistics2:tools/nether_quartz_axe net.minecraftforge.oredict.ShapedOreRecipe@c05aae9
[17:44:32] [Server thread/TRACE] [FML]:   Registry: 731 appliedenergistics2:tools/paintballs_purple net.minecraftforge.oredict.ShapedOreRecipe@4745222c
[17:44:32] [Server thread/TRACE] [FML]:   Registry: 732 appliedenergistics2:tools/certus_quartz_wrench net.minecraftforge.oredict.ShapedOreRecipe@3e11389b
[17:44:32] [Server thread/TRACE] [FML]:   Registry: 733 appliedenergistics2:tools/paintballs_orange net.minecraftforge.oredict.ShapedOreRecipe@4750dccb
[17:44:32] [Server thread/TRACE] [FML]:   Registry: 734 appliedenergistics2:tools/paintballs_lumen_green net.minecraftforge.oredict.ShapedOreRecipe@19c3de5e
[17:44:32] [Server thread/TRACE] [FML]:   Registry: 735 appliedenergistics2:tools/paintballs_brown net.minecraftforge.oredict.ShapedOreRecipe@2d6223d0
[17:44:32] [Server thread/TRACE] [FML]:   Registry: 736 appliedenergistics2:tools/certus_quartz_hoe net.minecraftforge.oredict.ShapedOreRecipe@2bc23f3c
[17:44:32] [Server thread/TRACE] [FML]:   Registry: 737 appliedenergistics2:tools/network_tool net.minecraftforge.oredict.ShapelessOreRecipe@40584aff
[17:44:32] [Server thread/TRACE] [FML]:   Registry: 738 appliedenergistics2:tools/paintballs_blue net.minecraftforge.oredict.ShapedOreRecipe@7b68cb35
[17:44:32] [Server thread/TRACE] [FML]:   Registry: 739 appliedenergistics2:tools/certus_quartz_axe net.minecraftforge.oredict.ShapedOreRecipe@2df423ac
[17:44:32] [Server thread/TRACE] [FML]:   Registry: 740 appliedenergistics2:tools/paintballs_lumen_lime net.minecraftforge.oredict.ShapedOreRecipe@3cbcedcc
[17:44:32] [Server thread/TRACE] [FML]:   Registry: 741 appliedenergistics2:tools/paintballs_lumen_white net.minecraftforge.oredict.ShapedOreRecipe@39288297
[17:44:32] [Server thread/TRACE] [FML]:   Registry: 742 appliedenergistics2:tools/paintballs_light_gray net.minecraftforge.oredict.ShapedOreRecipe@5618f52d
[17:44:32] [Server thread/TRACE] [FML]:   Registry: 743 appliedenergistics2:tools/certus_quartz_cutting_knife net.minecraftforge.oredict.ShapedOreRecipe@76592c22
[17:44:32] [Server thread/TRACE] [FML]:   Registry: 744 appliedenergistics2:tools/paintballs_lumen_light_blue net.minecraftforge.oredict.ShapedOreRecipe@5233a326
[17:44:32] [Server thread/TRACE] [FML]:   Registry: 745 appliedenergistics2:tools/paintballs_lime net.minecraftforge.oredict.ShapedOreRecipe@44f35879
[17:44:32] [Server thread/TRACE] [FML]:   Registry: 746 appliedenergistics2:tools/paintballs_pink net.minecraftforge.oredict.ShapedOreRecipe@3f528af3
[17:44:32] [Server thread/TRACE] [FML]:   Registry: 747 appliedenergistics2:tools/network_biometric_card net.minecraftforge.oredict.ShapedOreRecipe@336d4bf4
[17:44:32] [Server thread/TRACE] [FML]:   Registry: 748 appliedenergistics2:tools/paintballs_lumen_light_gray net.minecraftforge.oredict.ShapedOreRecipe@423d1bb5
[17:44:32] [Server thread/TRACE] [FML]:   Registry: 749 appliedenergistics2:tools/nether_quartz_cutting_knife net.minecraftforge.oredict.ShapedOreRecipe@5191e0c7
[17:44:32] [Server thread/TRACE] [FML]:   Registry: 750 appliedenergistics2:tools/nether_quartz_hoe net.minecraftforge.oredict.ShapedOreRecipe@6064a08e
[17:44:32] [Server thread/TRACE] [FML]:   Registry: 751 appliedenergistics2:tools/misctools_charged_staff net.minecraftforge.oredict.ShapedOreRecipe@7dc61e05
[17:44:32] [Server thread/TRACE] [FML]:   Registry: 752 appliedenergistics2:tools/certus_quartz_pickaxe net.minecraftforge.oredict.ShapedOreRecipe@1920efec
[17:44:32] [Server thread/TRACE] [FML]:   Registry: 753 appliedenergistics2:tools/network_memory_card net.minecraftforge.oredict.ShapedOreRecipe@22c5d329
[17:44:32] [Server thread/TRACE] [FML]:   Registry: 754 appliedenergistics2:tools/paintballs_lumen_magenta net.minecraftforge.oredict.ShapedOreRecipe@64e2db54
[17:44:32] [Server thread/TRACE] [FML]:   Registry: 755 appliedenergistics2:tools/paintballs_lumen_gray net.minecraftforge.oredict.ShapedOreRecipe@7fa897a5
[17:44:32] [Server thread/TRACE] [FML]:   Registry: 756 appliedenergistics2:tools/misctools_entropy_manipulator net.minecraftforge.oredict.ShapedOreRecipe@10193ef
[17:44:32] [Server thread/TRACE] [FML]:   Registry: 757 appliedenergistics2:tools/network_portable_cell net.minecraftforge.oredict.ShapedOreRecipe@5c38cac3
[17:44:32] [Server thread/TRACE] [FML]:   Registry: 758 appliedenergistics2:tools/certus_quartz_sword net.minecraftforge.oredict.ShapedOreRecipe@2236aa71
[17:44:32] [Server thread/TRACE] [FML]:   Registry: 759 appliedenergistics2:tools/nether_quartz_sword net.minecraftforge.oredict.ShapedOreRecipe@3fb90780
[17:44:32] [Server thread/TRACE] [FML]:   Registry: 760 appliedenergistics2:tools/paintballs_light_blue net.minecraftforge.oredict.ShapedOreRecipe@6a1656df
[17:44:32] [Server thread/TRACE] [FML]:   Registry: 761 appliedenergistics2:tools/paintballs_cyan net.minecraftforge.oredict.ShapedOreRecipe@33cd86eb
[17:44:32] [Server thread/TRACE] [FML]:   Registry: 762 appliedenergistics2:tools/network_color_applicator net.minecraftforge.oredict.ShapedOreRecipe@3366d7cd
[17:44:32] [Server thread/TRACE] [FML]:   Registry: 763 appliedenergistics2:disassemble appeng.recipes.game.DisassembleRecipe@2d133184
[17:44:32] [Server thread/TRACE] [FML]:   Registry: 764 appliedenergistics2:facade appeng.recipes.game.FacadeRecipe@5d9d0e67
[17:44:32] [Server thread/TRACE] [FML]: Registry Name : minecraft:villagerprofessions
[17:44:32] [Server thread/TRACE] [FML]:   Registry: 0 minecraft:farmer net.minecraftforge.fml.common.registry.VillagerRegistry$VillagerProfession@5b715ea
[17:44:32] [Server thread/TRACE] [FML]:   Registry: 1 minecraft:librarian net.minecraftforge.fml.common.registry.VillagerRegistry$VillagerProfession@5906ebfb
[17:44:32] [Server thread/TRACE] [FML]:   Registry: 2 minecraft:priest net.minecraftforge.fml.common.registry.VillagerRegistry$VillagerProfession@10fc1a22
[17:44:32] [Server thread/TRACE] [FML]:   Registry: 3 minecraft:smith net.minecraftforge.fml.common.registry.VillagerRegistry$VillagerProfession@1b841e7d
[17:44:32] [Server thread/TRACE] [FML]:   Registry: 4 minecraft:butcher net.minecraftforge.fml.common.registry.VillagerRegistry$VillagerProfession@6081f330
[17:44:32] [Server thread/TRACE] [FML]:   Registry: 5 minecraft:nitwit net.minecraftforge.fml.common.registry.VillagerRegistry$VillagerProfession@eb695e8
[17:44:32] [Server thread/TRACE] [FML]: Registry Name : minecraft:dataserializers
[17:44:32] [Server thread/TRACE] [FML]: Registry Name : minecraft:entities
[17:44:32] [Server thread/TRACE] [FML]:   Registry: 0 appliedenergistics2:appeng.entity.entitytinytntprimed net.minecraftforge.fml.common.registry.EntityEntryBuilder$BuiltEntityEntry@4b4989f6
[17:44:32] [Server thread/TRACE] [FML]:   Registry: 1 minecraft:item net.minecraftforge.fml.common.registry.EntityEntry@19e2db7c
[17:44:32] [Server thread/TRACE] [FML]:   Registry: 2 minecraft:xp_orb net.minecraftforge.fml.common.registry.EntityEntry@3595086b
[17:44:32] [Server thread/TRACE] [FML]:   Registry: 3 minecraft:area_effect_cloud net.minecraftforge.fml.common.registry.EntityEntry@24d7657b
[17:44:32] [Server thread/TRACE] [FML]:   Registry: 4 minecraft:elder_guardian net.minecraftforge.fml.common.registry.EntityEntry@2133b712
[17:44:32] [Server thread/TRACE] [FML]:   Registry: 5 minecraft:wither_skeleton net.minecraftforge.fml.common.registry.EntityEntry@3a69014e
[17:44:32] [Server thread/TRACE] [FML]:   Registry: 6 minecraft:stray net.minecraftforge.fml.common.registry.EntityEntry@54737322
[17:44:32] [Server thread/TRACE] [FML]:   Registry: 7 minecraft:egg net.minecraftforge.fml.common.registry.EntityEntry@61bd0845
[17:44:32] [Server thread/TRACE] [FML]:   Registry: 8 minecraft:leash_knot net.minecraftforge.fml.common.registry.EntityEntry@35d4035f
[17:44:32] [Server thread/TRACE] [FML]:   Registry: 9 minecraft:painting net.minecraftforge.fml.common.registry.EntityEntry@66b90ab3
[17:44:32] [Server thread/TRACE] [FML]:   Registry: 10 minecraft:arrow net.minecraftforge.fml.common.registry.EntityEntry@33fec21
[17:44:32] [Server thread/TRACE] [FML]:   Registry: 11 minecraft:snowball net.minecraftforge.fml.common.registry.EntityEntry@3c62be3c
[17:44:32] [Server thread/TRACE] [FML]:   Registry: 12 minecraft:fireball net.minecraftforge.fml.common.registry.EntityEntry@5b895e76
[17:44:32] [Server thread/TRACE] [FML]:   Registry: 13 minecraft:small_fireball net.minecraftforge.fml.common.registry.EntityEntry@3278d065
[17:44:32] [Server thread/TRACE] [FML]:   Registry: 14 minecraft:ender_pearl net.minecraftforge.fml.common.registry.EntityEntry@51f4439e
[17:44:32] [Server thread/TRACE] [FML]:   Registry: 15 minecraft:eye_of_ender_signal net.minecraftforge.fml.common.registry.EntityEntry@6be422da
[17:44:32] [Server thread/TRACE] [FML]:   Registry: 16 minecraft:potion net.minecraftforge.fml.common.registry.EntityEntry@51468039
[17:44:32] [Server thread/TRACE] [FML]:   Registry: 17 minecraft:xp_bottle net.minecraftforge.fml.common.registry.EntityEntry@575d48db
[17:44:32] [Server thread/TRACE] [FML]:   Registry: 18 minecraft:item_frame net.minecraftforge.fml.common.registry.EntityEntry@7e94de5f
[17:44:32] [Server thread/TRACE] [FML]:   Registry: 19 minecraft:wither_skull net.minecraftforge.fml.common.registry.EntityEntry@2a510e0e
[17:44:32] [Server thread/TRACE] [FML]:   Registry: 20 minecraft:tnt net.minecraftforge.fml.common.registry.EntityEntry@4efe014f
[17:44:32] [Server thread/TRACE] [FML]:   Registry: 21 minecraft:falling_block net.minecraftforge.fml.common.registry.EntityEntry@7c5ac0
[17:44:32] [Server thread/TRACE] [FML]:   Registry: 22 minecraft:fireworks_rocket net.minecraftforge.fml.common.registry.EntityEntry@3cf70afa
[17:44:32] [Server thread/TRACE] [FML]:   Registry: 23 minecraft:husk net.minecraftforge.fml.common.registry.EntityEntry@614cbec4
[17:44:32] [Server thread/TRACE] [FML]:   Registry: 24 minecraft:spectral_arrow net.minecraftforge.fml.common.registry.EntityEntry@2759749
[17:44:32] [Server thread/TRACE] [FML]:   Registry: 25 minecraft:shulker_bullet net.minecraftforge.fml.common.registry.EntityEntry@4adcc981
[17:44:32] [Server thread/TRACE] [FML]:   Registry: 26 minecraft:dragon_fireball net.minecraftforge.fml.common.registry.EntityEntry@5f82209e
[17:44:32] [Server thread/TRACE] [FML]:   Registry: 27 minecraft:zombie_villager net.minecraftforge.fml.common.registry.EntityEntry@5ae87de0
[17:44:32] [Server thread/TRACE] [FML]:   Registry: 28 minecraft:skeleton_horse net.minecraftforge.fml.common.registry.EntityEntry@45f8415b
[17:44:32] [Server thread/TRACE] [FML]:   Registry: 29 minecraft:zombie_horse net.minecraftforge.fml.common.registry.EntityEntry@18887028
[17:44:32] [Server thread/TRACE] [FML]:   Registry: 30 minecraft:armor_stand net.minecraftforge.fml.common.registry.EntityEntry@2c0a3826
[17:44:32] [Server thread/TRACE] [FML]:   Registry: 31 minecraft:donkey net.minecraftforge.fml.common.registry.EntityEntry@465d1345
[17:44:32] [Server thread/TRACE] [FML]:   Registry: 32 minecraft:mule net.minecraftforge.fml.common.registry.EntityEntry@2a6c751f
[17:44:32] [Server thread/TRACE] [FML]:   Registry: 33 minecraft:evocation_fangs net.minecraftforge.fml.common.registry.EntityEntry@6edb1e9c
[17:44:32] [Server thread/TRACE] [FML]:   Registry: 34 minecraft:evocation_illager net.minecraftforge.fml.common.registry.EntityEntry@611587f7
[17:44:32] [Server thread/TRACE] [FML]:   Registry: 35 minecraft:vex net.minecraftforge.fml.common.registry.EntityEntry@264576e4
[17:44:32] [Server thread/TRACE] [FML]:   Registry: 36 minecraft:vindication_illager net.minecraftforge.fml.common.registry.EntityEntry@217b0952
[17:44:32] [Server thread/TRACE] [FML]:   Registry: 37 minecraft:illusion_illager net.minecraftforge.fml.common.registry.EntityEntry@43090195
[17:44:32] [Server thread/TRACE] [FML]:   Registry: 38 appliedenergistics2:appeng.entity.entitygrowingcrystal net.minecraftforge.fml.common.registry.EntityEntryBuilder$BuiltEntityEntry@7958703d
[17:44:32] [Server thread/TRACE] [FML]:   Registry: 39 appliedenergistics2:appeng.entity.entitysingularity net.minecraftforge.fml.common.registry.EntityEntryBuilder$BuiltEntityEntry@31962524
[17:44:32] [Server thread/TRACE] [FML]:   Registry: 40 minecraft:commandblock_minecart net.minecraftforge.fml.common.registry.EntityEntry@7ec5aad
[17:44:32] [Server thread/TRACE] [FML]:   Registry: 41 minecraft:boat net.minecraftforge.fml.common.registry.EntityEntry@5e62ca19
[17:44:32] [Server thread/TRACE] [FML]:   Registry: 42 minecraft:minecart net.minecraftforge.fml.common.registry.EntityEntry@7dd7ec56
[17:44:32] [Server thread/TRACE] [FML]:   Registry: 43 minecraft:chest_minecart net.minecraftforge.fml.common.registry.EntityEntry@4ce18cec
[17:44:32] [Server thread/TRACE] [FML]:   Registry: 44 minecraft:furnace_minecart net.minecraftforge.fml.common.registry.EntityEntry@51297528
[17:44:32] [Server thread/TRACE] [FML]:   Registry: 45 minecraft:tnt_minecart net.minecraftforge.fml.common.registry.EntityEntry@1df9f7c6
[17:44:32] [Server thread/TRACE] [FML]:   Registry: 46 minecraft:hopper_minecart net.minecraftforge.fml.common.registry.EntityEntry@3c98981e
[17:44:32] [Server thread/TRACE] [FML]:   Registry: 47 minecraft:spawner_minecart net.minecraftforge.fml.common.registry.EntityEntry@b5ff70b
[17:44:32] [Server thread/TRACE] [FML]:   Registry: 48 appliedenergistics2:appeng.entity.entitychargedquartz net.minecraftforge.fml.common.registry.EntityEntryBuilder$BuiltEntityEntry@9f5022c
[17:44:32] [Server thread/TRACE] [FML]:   Registry: 50 minecraft:creeper net.minecraftforge.fml.common.registry.EntityEntry@572b4072
[17:44:32] [Server thread/TRACE] [FML]:   Registry: 51 minecraft:skeleton net.minecraftforge.fml.common.registry.EntityEntry@24954e82
[17:44:32] [Server thread/TRACE] [FML]:   Registry: 52 minecraft:spider net.minecraftforge.fml.common.registry.EntityEntry@6ffdbeef
[17:44:32] [Server thread/TRACE] [FML]:   Registry: 53 minecraft:giant net.minecraftforge.fml.common.registry.EntityEntry@6d7556a8
[17:44:32] [Server thread/TRACE] [FML]:   Registry: 54 minecraft:zombie net.minecraftforge.fml.common.registry.EntityEntry@7e0883f3
[17:44:32] [Server thread/TRACE] [FML]:   Registry: 55 minecraft:slime net.minecraftforge.fml.common.registry.EntityEntry@1013871e
[17:44:32] [Server thread/TRACE] [FML]:   Registry: 56 minecraft:ghast net.minecraftforge.fml.common.registry.EntityEntry@5f8df69
[17:44:32] [Server thread/TRACE] [FML]:   Registry: 57 minecraft:zombie_pigman net.minecraftforge.fml.common.registry.EntityEntry@1c0680b0
[17:44:32] [Server thread/TRACE] [FML]:   Registry: 58 minecraft:enderman net.minecraftforge.fml.common.registry.EntityEntry@7381d6f0
[17:44:32] [Server thread/TRACE] [FML]:   Registry: 59 minecraft:cave_spider net.minecraftforge.fml.common.registry.EntityEntry@983050b
[17:44:32] [Server thread/TRACE] [FML]:   Registry: 60 minecraft:silverfish net.minecraftforge.fml.common.registry.EntityEntry@2006fdaa
[17:44:32] [Server thread/TRACE] [FML]:   Registry: 61 minecraft:blaze net.minecraftforge.fml.common.registry.EntityEntry@3e595da3
[17:44:32] [Server thread/TRACE] [FML]:   Registry: 62 minecraft:magma_cube net.minecraftforge.fml.common.registry.EntityEntry@4cd90c36
[17:44:32] [Server thread/TRACE] [FML]:   Registry: 63 minecraft:ender_dragon net.minecraftforge.fml.common.registry.EntityEntry@4db568e1
[17:44:32] [Server thread/TRACE] [FML]:   Registry: 64 minecraft:wither net.minecraftforge.fml.common.registry.EntityEntry@780546f8
[17:44:32] [Server thread/TRACE] [FML]:   Registry: 65 minecraft:bat net.minecraftforge.fml.common.registry.EntityEntry@3b8b4846
[17:44:32] [Server thread/TRACE] [FML]:   Registry: 66 minecraft:witch net.minecraftforge.fml.common.registry.EntityEntry@4a2653a0
[17:44:32] [Server thread/TRACE] [FML]:   Registry: 67 minecraft:endermite net.minecraftforge.fml.common.registry.EntityEntry@5ac646b3
[17:44:32] [Server thread/TRACE] [FML]:   Registry: 68 minecraft:guardian net.minecraftforge.fml.common.registry.EntityEntry@5cf072ea
[17:44:32] [Server thread/TRACE] [FML]:   Registry: 69 minecraft:shulker net.minecraftforge.fml.common.registry.EntityEntry@4ab90d01
[17:44:32] [Server thread/TRACE] [FML]:   Registry: 90 minecraft:pig net.minecraftforge.fml.common.registry.EntityEntry@4a0c512b
[17:44:32] [Server thread/TRACE] [FML]:   Registry: 91 minecraft:sheep net.minecraftforge.fml.common.registry.EntityEntry@1397b141
[17:44:32] [Server thread/TRACE] [FML]:   Registry: 92 minecraft:cow net.minecraftforge.fml.common.registry.EntityEntry@7cec3975
[17:44:32] [Server thread/TRACE] [FML]:   Registry: 93 minecraft:chicken net.minecraftforge.fml.common.registry.EntityEntry@205f52ea
[17:44:32] [Server thread/TRACE] [FML]:   Registry: 94 minecraft:squid net.minecraftforge.fml.common.registry.EntityEntry@17e6b7e4
[17:44:32] [Server thread/TRACE] [FML]:   Registry: 95 minecraft:wolf net.minecraftforge.fml.common.registry.EntityEntry@44d84313
[17:44:32] [Server thread/TRACE] [FML]:   Registry: 96 minecraft:mooshroom net.minecraftforge.fml.common.registry.EntityEntry@369fb99a
[17:44:32] [Server thread/TRACE] [FML]:   Registry: 97 minecraft:snowman net.minecraftforge.fml.common.registry.EntityEntry@d08f85a
[17:44:32] [Server thread/TRACE] [FML]:   Registry: 98 minecraft:ocelot net.minecraftforge.fml.common.registry.EntityEntry@4f563f96
[17:44:32] [Server thread/TRACE] [FML]:   Registry: 99 minecraft:villager_golem net.minecraftforge.fml.common.registry.EntityEntry@2ba9f743
[17:44:32] [Server thread/TRACE] [FML]:   Registry: 100 minecraft:horse net.minecraftforge.fml.common.registry.EntityEntry@75f65d54
[17:44:32] [Server thread/TRACE] [FML]:   Registry: 101 minecraft:rabbit net.minecraftforge.fml.common.registry.EntityEntry@5f803481
[17:44:32] [Server thread/TRACE] [FML]:   Registry: 102 minecraft:polar_bear net.minecraftforge.fml.common.registry.EntityEntry@5ebf776c
[17:44:32] [Server thread/TRACE] [FML]:   Registry: 103 minecraft:llama net.minecraftforge.fml.common.registry.EntityEntry@84a9f65
[17:44:32] [Server thread/TRACE] [FML]:   Registry: 104 minecraft:llama_spit net.minecraftforge.fml.common.registry.EntityEntry@5fafa76d
[17:44:32] [Server thread/TRACE] [FML]:   Registry: 105 minecraft:parrot net.minecraftforge.fml.common.registry.EntityEntry@142918a0
[17:44:32] [Server thread/TRACE] [FML]:   Registry: 120 minecraft:villager net.minecraftforge.fml.common.registry.EntityEntry@175bf9c9
[17:44:32] [Server thread/TRACE] [FML]:   Registry: 200 minecraft:ender_crystal net.minecraftforge.fml.common.registry.EntityEntry@306c9b2c
[17:44:33] [Server thread/TRACE] [FML]: Registry Name : minecraft:blocks
[17:44:33] [Server thread/TRACE] [FML]:   Registry: 0 minecraft:air Block{minecraft:air}
[17:44:33] [Server thread/TRACE] [FML]:   Registry: 1 minecraft:stone Block{minecraft:stone}
[17:44:33] [Server thread/TRACE] [FML]:   Registry: 2 minecraft:grass Block{minecraft:grass}
[17:44:33] [Server thread/TRACE] [FML]:   Registry: 3 minecraft:dirt Block{minecraft:dirt}
[17:44:33] [Server thread/TRACE] [FML]:   Registry: 4 minecraft:cobblestone Block{minecraft:cobblestone}
[17:44:33] [Server thread/TRACE] [FML]:   Registry: 5 minecraft:planks Block{minecraft:planks}
[17:44:33] [Server thread/TRACE] [FML]:   Registry: 6 minecraft:sapling Block{minecraft:sapling}
[17:44:33] [Server thread/TRACE] [FML]:   Registry: 7 minecraft:bedrock Block{minecraft:bedrock}
[17:44:33] [Server thread/TRACE] [FML]:   Registry: 8 minecraft:flowing_water Block{minecraft:flowing_water}
[17:44:33] [Server thread/TRACE] [FML]:   Registry: 9 minecraft:water Block{minecraft:water}
[17:44:33] [Server thread/TRACE] [FML]:   Registry: 10 minecraft:flowing_lava Block{minecraft:flowing_lava}
[17:44:33] [Server thread/TRACE] [FML]:   Registry: 11 minecraft:lava Block{minecraft:lava}
[17:44:33] [Server thread/TRACE] [FML]:   Registry: 12 minecraft:sand Block{minecraft:sand}
[17:44:33] [Server thread/TRACE] [FML]:   Registry: 13 minecraft:gravel Block{minecraft:gravel}
[17:44:33] [Server thread/TRACE] [FML]:   Registry: 14 minecraft:gold_ore Block{minecraft:gold_ore}
[17:44:33] [Server thread/TRACE] [FML]:   Registry: 15 minecraft:iron_ore Block{minecraft:iron_ore}
[17:44:33] [Server thread/TRACE] [FML]:   Registry: 16 minecraft:coal_ore Block{minecraft:coal_ore}
[17:44:33] [Server thread/TRACE] [FML]:   Registry: 17 minecraft:log Block{minecraft:log}
[17:44:33] [Server thread/TRACE] [FML]:   Registry: 18 minecraft:leaves Block{minecraft:leaves}
[17:44:33] [Server thread/TRACE] [FML]:   Registry: 19 minecraft:sponge Block{minecraft:sponge}
[17:44:33] [Server thread/TRACE] [FML]:   Registry: 20 minecraft:glass Block{minecraft:glass}
[17:44:33] [Server thread/TRACE] [FML]:   Registry: 21 minecraft:lapis_ore Block{minecraft:lapis_ore}
[17:44:33] [Server thread/TRACE] [FML]:   Registry: 22 minecraft:lapis_block Block{minecraft:lapis_block}
[17:44:33] [Server thread/TRACE] [FML]:   Registry: 23 minecraft:dispenser Block{minecraft:dispenser}
[17:44:33] [Server thread/TRACE] [FML]:   Registry: 24 minecraft:sandstone Block{minecraft:sandstone}
[17:44:33] [Server thread/TRACE] [FML]:   Registry: 25 minecraft:noteblock Block{minecraft:noteblock}
[17:44:33] [Server thread/TRACE] [FML]:   Registry: 26 minecraft:bed Block{minecraft:bed}
[17:44:33] [Server thread/TRACE] [FML]:   Registry: 27 minecraft:golden_rail Block{minecraft:golden_rail}
[17:44:33] [Server thread/TRACE] [FML]:   Registry: 28 minecraft:detector_rail Block{minecraft:detector_rail}
[17:44:33] [Server thread/TRACE] [FML]:   Registry: 29 minecraft:sticky_piston Block{minecraft:sticky_piston}
[17:44:33] [Server thread/TRACE] [FML]:   Registry: 30 minecraft:web Block{minecraft:web}
[17:44:33] [Server thread/TRACE] [FML]:   Registry: 31 minecraft:tallgrass Block{minecraft:tallgrass}
[17:44:33] [Server thread/TRACE] [FML]:   Registry: 32 minecraft:deadbush Block{minecraft:deadbush}
[17:44:33] [Server thread/TRACE] [FML]:   Registry: 33 minecraft:piston Block{minecraft:piston}
[17:44:33] [Server thread/TRACE] [FML]:   Registry: 34 minecraft:piston_head Block{minecraft:piston_head}
[17:44:33] [Server thread/TRACE] [FML]:   Registry: 35 minecraft:wool Block{minecraft:wool}
[17:44:33] [Server thread/TRACE] [FML]:   Registry: 36 minecraft:piston_extension Block{minecraft:piston_extension}
[17:44:33] [Server thread/TRACE] [FML]:   Registry: 37 minecraft:yellow_flower Block{minecraft:yellow_flower}
[17:44:33] [Server thread/TRACE] [FML]:   Registry: 38 minecraft:red_flower Block{minecraft:red_flower}
[17:44:33] [Server thread/TRACE] [FML]:   Registry: 39 minecraft:brown_mushroom Block{minecraft:brown_mushroom}
[17:44:33] [Server thread/TRACE] [FML]:   Registry: 40 minecraft:red_mushroom Block{minecraft:red_mushroom}
[17:44:33] [Server thread/TRACE] [FML]:   Registry: 41 minecraft:gold_block Block{minecraft:gold_block}
[17:44:33] [Server thread/TRACE] [FML]:   Registry: 42 minecraft:iron_block Block{minecraft:iron_block}
[17:44:33] [Server thread/TRACE] [FML]:   Registry: 43 minecraft:double_stone_slab Block{minecraft:double_stone_slab}
[17:44:33] [Server thread/TRACE] [FML]:   Registry: 44 minecraft:stone_slab Block{minecraft:stone_slab}
[17:44:33] [Server thread/TRACE] [FML]:   Registry: 45 minecraft:brick_block Block{minecraft:brick_block}
[17:44:33] [Server thread/TRACE] [FML]:   Registry: 46 minecraft:tnt Block{minecraft:tnt}
[17:44:33] [Server thread/TRACE] [FML]:   Registry: 47 minecraft:bookshelf Block{minecraft:bookshelf}
[17:44:33] [Server thread/TRACE] [FML]:   Registry: 48 minecraft:mossy_cobblestone Block{minecraft:mossy_cobblestone}
[17:44:33] [Server thread/TRACE] [FML]:   Registry: 49 minecraft:obsidian Block{minecraft:obsidian}
[17:44:33] [Server thread/TRACE] [FML]:   Registry: 50 minecraft:torch Block{minecraft:torch}
[17:44:33] [Server thread/TRACE] [FML]:   Registry: 51 minecraft:fire Block{minecraft:fire}
[17:44:33] [Server thread/TRACE] [FML]:   Registry: 52 minecraft:mob_spawner Block{minecraft:mob_spawner}
[17:44:33] [Server thread/TRACE] [FML]:   Registry: 53 minecraft:oak_stairs Block{minecraft:oak_stairs}
[17:44:33] [Server thread/TRACE] [FML]:   Registry: 54 minecraft:chest Block{minecraft:chest}
[17:44:33] [Server thread/TRACE] [FML]:   Registry: 55 minecraft:redstone_wire Block{minecraft:redstone_wire}
[17:44:33] [Server thread/TRACE] [FML]:   Registry: 56 minecraft:diamond_ore Block{minecraft:diamond_ore}
[17:44:33] [Server thread/TRACE] [FML]:   Registry: 57 minecraft:diamond_block Block{minecraft:diamond_block}
[17:44:33] [Server thread/TRACE] [FML]:   Registry: 58 minecraft:crafting_table Block{minecraft:crafting_table}
[17:44:33] [Server thread/TRACE] [FML]:   Registry: 59 minecraft:wheat Block{minecraft:wheat}
[17:44:33] [Server thread/TRACE] [FML]:   Registry: 60 minecraft:farmland Block{minecraft:farmland}
[17:44:33] [Server thread/TRACE] [FML]:   Registry: 61 minecraft:furnace Block{minecraft:furnace}
[17:44:33] [Server thread/TRACE] [FML]:   Registry: 62 minecraft:lit_furnace Block{minecraft:lit_furnace}
[17:44:33] [Server thread/TRACE] [FML]:   Registry: 63 minecraft:standing_sign Block{minecraft:standing_sign}
[17:44:33] [Server thread/TRACE] [FML]:   Registry: 64 minecraft:wooden_door Block{minecraft:wooden_door}
[17:44:33] [Server thread/TRACE] [FML]:   Registry: 65 minecraft:ladder Block{minecraft:ladder}
[17:44:33] [Server thread/TRACE] [FML]:   Registry: 66 minecraft:rail Block{minecraft:rail}
[17:44:33] [Server thread/TRACE] [FML]:   Registry: 67 minecraft:stone_stairs Block{minecraft:stone_stairs}
[17:44:33] [Server thread/TRACE] [FML]:   Registry: 68 minecraft:wall_sign Block{minecraft:wall_sign}
[17:44:33] [Server thread/TRACE] [FML]:   Registry: 69 minecraft:lever Block{minecraft:lever}
[17:44:33] [Server thread/TRACE] [FML]:   Registry: 70 minecraft:stone_pressure_plate Block{minecraft:stone_pressure_plate}
[17:44:33] [Server thread/TRACE] [FML]:   Registry: 71 minecraft:iron_door Block{minecraft:iron_door}
[17:44:33] [Server thread/TRACE] [FML]:   Registry: 72 minecraft:wooden_pressure_plate Block{minecraft:wooden_pressure_plate}
[17:44:33] [Server thread/TRACE] [FML]:   Registry: 73 minecraft:redstone_ore Block{minecraft:redstone_ore}
[17:44:33] [Server thread/TRACE] [FML]:   Registry: 74 minecraft:lit_redstone_ore Block{minecraft:lit_redstone_ore}
[17:44:33] [Server thread/TRACE] [FML]:   Registry: 75 minecraft:unlit_redstone_torch Block{minecraft:unlit_redstone_torch}
[17:44:33] [Server thread/TRACE] [FML]:   Registry: 76 minecraft:redstone_torch Block{minecraft:redstone_torch}
[17:44:33] [Server thread/TRACE] [FML]:   Registry: 77 minecraft:stone_button Block{minecraft:stone_button}
[17:44:33] [Server thread/TRACE] [FML]:   Registry: 78 minecraft:snow_layer Block{minecraft:snow_layer}
[17:44:33] [Server thread/TRACE] [FML]:   Registry: 79 minecraft:ice Block{minecraft:ice}
[17:44:33] [Server thread/TRACE] [FML]:   Registry: 80 minecraft:snow Block{minecraft:snow}
[17:44:33] [Server thread/TRACE] [FML]:   Registry: 81 minecraft:cactus Block{minecraft:cactus}
[17:44:33] [Server thread/TRACE] [FML]:   Registry: 82 minecraft:clay Block{minecraft:clay}
[17:44:33] [Server thread/TRACE] [FML]:   Registry: 83 minecraft:reeds Block{minecraft:reeds}
[17:44:33] [Server thread/TRACE] [FML]:   Registry: 84 minecraft:jukebox Block{minecraft:jukebox}
[17:44:33] [Server thread/TRACE] [FML]:   Registry: 85 minecraft:fence Block{minecraft:fence}
[17:44:33] [Server thread/TRACE] [FML]:   Registry: 86 minecraft:pumpkin Block{minecraft:pumpkin}
[17:44:33] [Server thread/TRACE] [FML]:   Registry: 87 minecraft:netherrack Block{minecraft:netherrack}
[17:44:33] [Server thread/TRACE] [FML]:   Registry: 88 minecraft:soul_sand Block{minecraft:soul_sand}
[17:44:33] [Server thread/TRACE] [FML]:   Registry: 89 minecraft:glowstone Block{minecraft:glowstone}
[17:44:33] [Server thread/TRACE] [FML]:   Registry: 90 minecraft:portal Block{minecraft:portal}
[17:44:33] [Server thread/TRACE] [FML]:   Registry: 91 minecraft:lit_pumpkin Block{minecraft:lit_pumpkin}
[17:44:33] [Server thread/TRACE] [FML]:   Registry: 92 minecraft:cake Block{minecraft:cake}
[17:44:33] [Server thread/TRACE] [FML]:   Registry: 93 minecraft:unpowered_repeater Block{minecraft:unpowered_repeater}
[17:44:33] [Server thread/TRACE] [FML]:   Registry: 94 minecraft:powered_repeater Block{minecraft:powered_repeater}
[17:44:33] [Server thread/TRACE] [FML]:   Registry: 95 minecraft:stained_glass Block{minecraft:stained_glass}
[17:44:33] [Server thread/TRACE] [FML]:   Registry: 96 minecraft:trapdoor Block{minecraft:trapdoor}
[17:44:33] [Server thread/TRACE] [FML]:   Registry: 97 minecraft:monster_egg Block{minecraft:monster_egg}
[17:44:33] [Server thread/TRACE] [FML]:   Registry: 98 minecraft:stonebrick Block{minecraft:stonebrick}
[17:44:33] [Server thread/TRACE] [FML]:   Registry: 99 minecraft:brown_mushroom_block Block{minecraft:brown_mushroom_block}
[17:44:33] [Server thread/TRACE] [FML]:   Registry: 100 minecraft:red_mushroom_block Block{minecraft:red_mushroom_block}
[17:44:33] [Server thread/TRACE] [FML]:   Registry: 101 minecraft:iron_bars Block{minecraft:iron_bars}
[17:44:33] [Server thread/TRACE] [FML]:   Registry: 102 minecraft:glass_pane Block{minecraft:glass_pane}
[17:44:33] [Server thread/TRACE] [FML]:   Registry: 103 minecraft:melon_block Block{minecraft:melon_block}
[17:44:33] [Server thread/TRACE] [FML]:   Registry: 104 minecraft:pumpkin_stem Block{minecraft:pumpkin_stem}
[17:44:33] [Server thread/TRACE] [FML]:   Registry: 105 minecraft:melon_stem Block{minecraft:melon_stem}
[17:44:33] [Server thread/TRACE] [FML]:   Registry: 106 minecraft:vine Block{minecraft:vine}
[17:44:33] [Server thread/TRACE] [FML]:   Registry: 107 minecraft:fence_gate Block{minecraft:fence_gate}
[17:44:33] [Server thread/TRACE] [FML]:   Registry: 108 minecraft:brick_stairs Block{minecraft:brick_stairs}
[17:44:33] [Server thread/TRACE] [FML]:   Registry: 109 minecraft:stone_brick_stairs Block{minecraft:stone_brick_stairs}
[17:44:33] [Server thread/TRACE] [FML]:   Registry: 110 minecraft:mycelium Block{minecraft:mycelium}
[17:44:33] [Server thread/TRACE] [FML]:   Registry: 111 minecraft:waterlily Block{minecraft:waterlily}
[17:44:33] [Server thread/TRACE] [FML]:   Registry: 112 minecraft:nether_brick Block{minecraft:nether_brick}
[17:44:33] [Server thread/TRACE] [FML]:   Registry: 113 minecraft:nether_brick_fence Block{minecraft:nether_brick_fence}
[17:44:33] [Server thread/TRACE] [FML]:   Registry: 114 minecraft:nether_brick_stairs Block{minecraft:nether_brick_stairs}
[17:44:33] [Server thread/TRACE] [FML]:   Registry: 115 minecraft:nether_wart Block{minecraft:nether_wart}
[17:44:33] [Server thread/TRACE] [FML]:   Registry: 116 minecraft:enchanting_table Block{minecraft:enchanting_table}
[17:44:33] [Server thread/TRACE] [FML]:   Registry: 117 minecraft:brewing_stand Block{minecraft:brewing_stand}
[17:44:33] [Server thread/TRACE] [FML]:   Registry: 118 minecraft:cauldron Block{minecraft:cauldron}
[17:44:33] [Server thread/TRACE] [FML]:   Registry: 119 minecraft:end_portal Block{minecraft:end_portal}
[17:44:33] [Server thread/TRACE] [FML]:   Registry: 120 minecraft:end_portal_frame Block{minecraft:end_portal_frame}
[17:44:33] [Server thread/TRACE] [FML]:   Registry: 121 minecraft:end_stone Block{minecraft:end_stone}
[17:44:33] [Server thread/TRACE] [FML]:   Registry: 122 minecraft:dragon_egg Block{minecraft:dragon_egg}
[17:44:33] [Server thread/TRACE] [FML]:   Registry: 123 minecraft:redstone_lamp Block{minecraft:redstone_lamp}
[17:44:33] [Server thread/TRACE] [FML]:   Registry: 124 minecraft:lit_redstone_lamp Block{minecraft:lit_redstone_lamp}
[17:44:33] [Server thread/TRACE] [FML]:   Registry: 125 minecraft:double_wooden_slab Block{minecraft:double_wooden_slab}
[17:44:33] [Server thread/TRACE] [FML]:   Registry: 126 minecraft:wooden_slab Block{minecraft:wooden_slab}
[17:44:33] [Server thread/TRACE] [FML]:   Registry: 127 minecraft:cocoa Block{minecraft:cocoa}
[17:44:33] [Server thread/TRACE] [FML]:   Registry: 128 minecraft:sandstone_stairs Block{minecraft:sandstone_stairs}
[17:44:33] [Server thread/TRACE] [FML]:   Registry: 129 minecraft:emerald_ore Block{minecraft:emerald_ore}
[17:44:33] [Server thread/TRACE] [FML]:   Registry: 130 minecraft:ender_chest Block{minecraft:ender_chest}
[17:44:33] [Server thread/TRACE] [FML]:   Registry: 131 minecraft:tripwire_hook Block{minecraft:tripwire_hook}
[17:44:33] [Server thread/TRACE] [FML]:   Registry: 132 minecraft:tripwire Block{minecraft:tripwire}
[17:44:33] [Server thread/TRACE] [FML]:   Registry: 133 minecraft:emerald_block Block{minecraft:emerald_block}
[17:44:33] [Server thread/TRACE] [FML]:   Registry: 134 minecraft:spruce_stairs Block{minecraft:spruce_stairs}
[17:44:33] [Server thread/TRACE] [FML]:   Registry: 135 minecraft:birch_stairs Block{minecraft:birch_stairs}
[17:44:33] [Server thread/TRACE] [FML]:   Registry: 136 minecraft:jungle_stairs Block{minecraft:jungle_stairs}
[17:44:33] [Server thread/TRACE] [FML]:   Registry: 137 minecraft:command_block Block{minecraft:command_block}
[17:44:33] [Server thread/TRACE] [FML]:   Registry: 138 minecraft:beacon Block{minecraft:beacon}
[17:44:33] [Server thread/TRACE] [FML]:   Registry: 139 minecraft:cobblestone_wall Block{minecraft:cobblestone_wall}
[17:44:33] [Server thread/TRACE] [FML]:   Registry: 140 minecraft:flower_pot Block{minecraft:flower_pot}
[17:44:33] [Server thread/TRACE] [FML]:   Registry: 141 minecraft:carrots Block{minecraft:carrots}
[17:44:33] [Server thread/TRACE] [FML]:   Registry: 142 minecraft:potatoes Block{minecraft:potatoes}
[17:44:33] [Server thread/TRACE] [FML]:   Registry: 143 minecraft:wooden_button Block{minecraft:wooden_button}
[17:44:33] [Server thread/TRACE] [FML]:   Registry: 144 minecraft:skull Block{minecraft:skull}
[17:44:33] [Server thread/TRACE] [FML]:   Registry: 145 minecraft:anvil Block{minecraft:anvil}
[17:44:33] [Server thread/TRACE] [FML]:   Registry: 146 minecraft:trapped_chest Block{minecraft:trapped_chest}
[17:44:33] [Server thread/TRACE] [FML]:   Registry: 147 minecraft:light_weighted_pressure_plate Block{minecraft:light_weighted_pressure_plate}
[17:44:33] [Server thread/TRACE] [FML]:   Registry: 148 minecraft:heavy_weighted_pressure_plate Block{minecraft:heavy_weighted_pressure_plate}
[17:44:33] [Server thread/TRACE] [FML]:   Registry: 149 minecraft:unpowered_comparator Block{minecraft:unpowered_comparator}
[17:44:33] [Server thread/TRACE] [FML]:   Registry: 150 minecraft:powered_comparator Block{minecraft:powered_comparator}
[17:44:33] [Server thread/TRACE] [FML]:   Registry: 151 minecraft:daylight_detector Block{minecraft:daylight_detector}
[17:44:33] [Server thread/TRACE] [FML]:   Registry: 152 minecraft:redstone_block Block{minecraft:redstone_block}
[17:44:33] [Server thread/TRACE] [FML]:   Registry: 153 minecraft:quartz_ore Block{minecraft:quartz_ore}
[17:44:33] [Server thread/TRACE] [FML]:   Registry: 154 minecraft:hopper Block{minecraft:hopper}
[17:44:33] [Server thread/TRACE] [FML]:   Registry: 155 minecraft:quartz_block Block{minecraft:quartz_block}
[17:44:33] [Server thread/TRACE] [FML]:   Registry: 156 minecraft:quartz_stairs Block{minecraft:quartz_stairs}
[17:44:33] [Server thread/TRACE] [FML]:   Registry: 157 minecraft:activator_rail Block{minecraft:activator_rail}
[17:44:33] [Server thread/TRACE] [FML]:   Registry: 158 minecraft:dropper Block{minecraft:dropper}
[17:44:33] [Server thread/TRACE] [FML]:   Registry: 159 minecraft:stained_hardened_clay Block{minecraft:stained_hardened_clay}
[17:44:33] [Server thread/TRACE] [FML]:   Registry: 160 minecraft:stained_glass_pane Block{minecraft:stained_glass_pane}
[17:44:33] [Server thread/TRACE] [FML]:   Registry: 161 minecraft:leaves2 Block{minecraft:leaves2}
[17:44:33] [Server thread/TRACE] [FML]:   Registry: 162 minecraft:log2 Block{minecraft:log2}
[17:44:33] [Server thread/TRACE] [FML]:   Registry: 163 minecraft:acacia_stairs Block{minecraft:acacia_stairs}
[17:44:33] [Server thread/TRACE] [FML]:   Registry: 164 minecraft:dark_oak_stairs Block{minecraft:dark_oak_stairs}
[17:44:33] [Server thread/TRACE] [FML]:   Registry: 165 minecraft:slime Block{minecraft:slime}
[17:44:33] [Server thread/TRACE] [FML]:   Registry: 166 minecraft:barrier Block{minecraft:barrier}
[17:44:33] [Server thread/TRACE] [FML]:   Registry: 167 minecraft:iron_trapdoor Block{minecraft:iron_trapdoor}
[17:44:33] [Server thread/TRACE] [FML]:   Registry: 168 minecraft:prismarine Block{minecraft:prismarine}
[17:44:33] [Server thread/TRACE] [FML]:   Registry: 169 minecraft:sea_lantern Block{minecraft:sea_lantern}
[17:44:33] [Server thread/TRACE] [FML]:   Registry: 170 minecraft:hay_block Block{minecraft:hay_block}
[17:44:33] [Server thread/TRACE] [FML]:   Registry: 171 minecraft:carpet Block{minecraft:carpet}
[17:44:33] [Server thread/TRACE] [FML]:   Registry: 172 minecraft:hardened_clay Block{minecraft:hardened_clay}
[17:44:33] [Server thread/TRACE] [FML]:   Registry: 173 minecraft:coal_block Block{minecraft:coal_block}
[17:44:33] [Server thread/TRACE] [FML]:   Registry: 174 minecraft:packed_ice Block{minecraft:packed_ice}
[17:44:33] [Server thread/TRACE] [FML]:   Registry: 175 minecraft:double_plant Block{minecraft:double_plant}
[17:44:33] [Server thread/TRACE] [FML]:   Registry: 176 minecraft:standing_banner Block{minecraft:standing_banner}
[17:44:33] [Server thread/TRACE] [FML]:   Registry: 177 minecraft:wall_banner Block{minecraft:wall_banner}
[17:44:33] [Server thread/TRACE] [FML]:   Registry: 178 minecraft:daylight_detector_inverted Block{minecraft:daylight_detector_inverted}
[17:44:33] [Server thread/TRACE] [FML]:   Registry: 179 minecraft:red_sandstone Block{minecraft:red_sandstone}
[17:44:33] [Server thread/TRACE] [FML]:   Registry: 180 minecraft:red_sandstone_stairs Block{minecraft:red_sandstone_stairs}
[17:44:33] [Server thread/TRACE] [FML]:   Registry: 181 minecraft:double_stone_slab2 Block{minecraft:double_stone_slab2}
[17:44:33] [Server thread/TRACE] [FML]:   Registry: 182 minecraft:stone_slab2 Block{minecraft:stone_slab2}
[17:44:33] [Server thread/TRACE] [FML]:   Registry: 183 minecraft:spruce_fence_gate Block{minecraft:spruce_fence_gate}
[17:44:33] [Server thread/TRACE] [FML]:   Registry: 184 minecraft:birch_fence_gate Block{minecraft:birch_fence_gate}
[17:44:33] [Server thread/TRACE] [FML]:   Registry: 185 minecraft:jungle_fence_gate Block{minecraft:jungle_fence_gate}
[17:44:33] [Server thread/TRACE] [FML]:   Registry: 186 minecraft:dark_oak_fence_gate Block{minecraft:dark_oak_fence_gate}
[17:44:33] [Server thread/TRACE] [FML]:   Registry: 187 minecraft:acacia_fence_gate Block{minecraft:acacia_fence_gate}
[17:44:33] [Server thread/TRACE] [FML]:   Registry: 188 minecraft:spruce_fence Block{minecraft:spruce_fence}
[17:44:33] [Server thread/TRACE] [FML]:   Registry: 189 minecraft:birch_fence Block{minecraft:birch_fence}
[17:44:33] [Server thread/TRACE] [FML]:   Registry: 190 minecraft:jungle_fence Block{minecraft:jungle_fence}
[17:44:33] [Server thread/TRACE] [FML]:   Registry: 191 minecraft:dark_oak_fence Block{minecraft:dark_oak_fence}
[17:44:33] [Server thread/TRACE] [FML]:   Registry: 192 minecraft:acacia_fence Block{minecraft:acacia_fence}
[17:44:33] [Server thread/TRACE] [FML]:   Registry: 193 minecraft:spruce_door Block{minecraft:spruce_door}
[17:44:33] [Server thread/TRACE] [FML]:   Registry: 194 minecraft:birch_door Block{minecraft:birch_door}
[17:44:33] [Server thread/TRACE] [FML]:   Registry: 195 minecraft:jungle_door Block{minecraft:jungle_door}
[17:44:33] [Server thread/TRACE] [FML]:   Registry: 196 minecraft:acacia_door Block{minecraft:acacia_door}
[17:44:33] [Server thread/TRACE] [FML]:   Registry: 197 minecraft:dark_oak_door Block{minecraft:dark_oak_door}
[17:44:33] [Server thread/TRACE] [FML]:   Registry: 198 minecraft:end_rod Block{minecraft:end_rod}
[17:44:33] [Server thread/TRACE] [FML]:   Registry: 199 minecraft:chorus_plant Block{minecraft:chorus_plant}
[17:44:33] [Server thread/TRACE] [FML]:   Registry: 200 minecraft:chorus_flower Block{minecraft:chorus_flower}
[17:44:33] [Server thread/TRACE] [FML]:   Registry: 201 minecraft:purpur_block Block{minecraft:purpur_block}
[17:44:33] [Server thread/TRACE] [FML]:   Registry: 202 minecraft:purpur_pillar Block{minecraft:purpur_pillar}
[17:44:33] [Server thread/TRACE] [FML]:   Registry: 203 minecraft:purpur_stairs Block{minecraft:purpur_stairs}
[17:44:33] [Server thread/TRACE] [FML]:   Registry: 204 minecraft:purpur_double_slab Block{minecraft:purpur_double_slab}
[17:44:33] [Server thread/TRACE] [FML]:   Registry: 205 minecraft:purpur_slab Block{minecraft:purpur_slab}
[17:44:33] [Server thread/TRACE] [FML]:   Registry: 206 minecraft:end_bricks Block{minecraft:end_bricks}
[17:44:33] [Server thread/TRACE] [FML]:   Registry: 207 minecraft:beetroots Block{minecraft:beetroots}
[17:44:33] [Server thread/TRACE] [FML]:   Registry: 208 minecraft:grass_path Block{minecraft:grass_path}
[17:44:33] [Server thread/TRACE] [FML]:   Registry: 209 minecraft:end_gateway Block{minecraft:end_gateway}
[17:44:33] [Server thread/TRACE] [FML]:   Registry: 210 minecraft:repeating_command_block Block{minecraft:repeating_command_block}
[17:44:33] [Server thread/TRACE] [FML]:   Registry: 211 minecraft:chain_command_block Block{minecraft:chain_command_block}
[17:44:33] [Server thread/TRACE] [FML]:   Registry: 212 minecraft:frosted_ice Block{minecraft:frosted_ice}
[17:44:33] [Server thread/TRACE] [FML]:   Registry: 213 minecraft:magma Block{minecraft:magma}
[17:44:33] [Server thread/TRACE] [FML]:   Registry: 214 minecraft:nether_wart_block Block{minecraft:nether_wart_block}
[17:44:33] [Server thread/TRACE] [FML]:   Registry: 215 minecraft:red_nether_brick Block{minecraft:red_nether_brick}
[17:44:33] [Server thread/TRACE] [FML]:   Registry: 216 minecraft:bone_block Block{minecraft:bone_block}
[17:44:33] [Server thread/TRACE] [FML]:   Registry: 217 minecraft:structure_void Block{minecraft:structure_void}
[17:44:33] [Server thread/TRACE] [FML]:   Registry: 218 minecraft:observer Block{minecraft:observer}
[17:44:33] [Server thread/TRACE] [FML]:   Registry: 219 minecraft:white_shulker_box Block{minecraft:white_shulker_box}
[17:44:33] [Server thread/TRACE] [FML]:   Registry: 220 minecraft:orange_shulker_box Block{minecraft:orange_shulker_box}
[17:44:33] [Server thread/TRACE] [FML]:   Registry: 221 minecraft:magenta_shulker_box Block{minecraft:magenta_shulker_box}
[17:44:33] [Server thread/TRACE] [FML]:   Registry: 222 minecraft:light_blue_shulker_box Block{minecraft:light_blue_shulker_box}
[17:44:33] [Server thread/TRACE] [FML]:   Registry: 223 minecraft:yellow_shulker_box Block{minecraft:yellow_shulker_box}
[17:44:33] [Server thread/TRACE] [FML]:   Registry: 224 minecraft:lime_shulker_box Block{minecraft:lime_shulker_box}
[17:44:33] [Server thread/TRACE] [FML]:   Registry: 225 minecraft:pink_shulker_box Block{minecraft:pink_shulker_box}
[17:44:33] [Server thread/TRACE] [FML]:   Registry: 226 minecraft:gray_shulker_box Block{minecraft:gray_shulker_box}
[17:44:33] [Server thread/TRACE] [FML]:   Registry: 227 minecraft:silver_shulker_box Block{minecraft:silver_shulker_box}
[17:44:33] [Server thread/TRACE] [FML]:   Registry: 228 minecraft:cyan_shulker_box Block{minecraft:cyan_shulker_box}
[17:44:33] [Server thread/TRACE] [FML]:   Registry: 229 minecraft:purple_shulker_box Block{minecraft:purple_shulker_box}
[17:44:33] [Server thread/TRACE] [FML]:   Registry: 230 minecraft:blue_shulker_box Block{minecraft:blue_shulker_box}
[17:44:33] [Server thread/TRACE] [FML]:   Registry: 231 minecraft:brown_shulker_box Block{minecraft:brown_shulker_box}
[17:44:33] [Server thread/TRACE] [FML]:   Registry: 232 minecraft:green_shulker_box Block{minecraft:green_shulker_box}
[17:44:33] [Server thread/TRACE] [FML]:   Registry: 233 minecraft:red_shulker_box Block{minecraft:red_shulker_box}
[17:44:33] [Server thread/TRACE] [FML]:   Registry: 234 minecraft:black_shulker_box Block{minecraft:black_shulker_box}
[17:44:33] [Server thread/TRACE] [FML]:   Registry: 235 minecraft:white_glazed_terracotta Block{minecraft:white_glazed_terracotta}
[17:44:33] [Server thread/TRACE] [FML]:   Registry: 236 minecraft:orange_glazed_terracotta Block{minecraft:orange_glazed_terracotta}
[17:44:33] [Server thread/TRACE] [FML]:   Registry: 237 minecraft:magenta_glazed_terracotta Block{minecraft:magenta_glazed_terracotta}
[17:44:33] [Server thread/TRACE] [FML]:   Registry: 238 minecraft:light_blue_glazed_terracotta Block{minecraft:light_blue_glazed_terracotta}
[17:44:33] [Server thread/TRACE] [FML]:   Registry: 239 minecraft:yellow_glazed_terracotta Block{minecraft:yellow_glazed_terracotta}
[17:44:33] [Server thread/TRACE] [FML]:   Registry: 240 minecraft:lime_glazed_terracotta Block{minecraft:lime_glazed_terracotta}
[17:44:33] [Server thread/TRACE] [FML]:   Registry: 241 minecraft:pink_glazed_terracotta Block{minecraft:pink_glazed_terracotta}
[17:44:33] [Server thread/TRACE] [FML]:   Registry: 242 minecraft:gray_glazed_terracotta Block{minecraft:gray_glazed_terracotta}
[17:44:33] [Server thread/TRACE] [FML]:   Registry: 243 minecraft:silver_glazed_terracotta Block{minecraft:silver_glazed_terracotta}
[17:44:33] [Server thread/TRACE] [FML]:   Registry: 244 minecraft:cyan_glazed_terracotta Block{minecraft:cyan_glazed_terracotta}
[17:44:33] [Server thread/TRACE] [FML]:   Registry: 245 minecraft:purple_glazed_terracotta Block{minecraft:purple_glazed_terracotta}
[17:44:33] [Server thread/TRACE] [FML]:   Registry: 246 minecraft:blue_glazed_terracotta Block{minecraft:blue_glazed_terracotta}
[17:44:33] [Server thread/TRACE] [FML]:   Registry: 247 minecraft:brown_glazed_terracotta Block{minecraft:brown_glazed_terracotta}
[17:44:33] [Server thread/TRACE] [FML]:   Registry: 248 minecraft:green_glazed_terracotta Block{minecraft:green_glazed_terracotta}
[17:44:33] [Server thread/TRACE] [FML]:   Registry: 249 minecraft:red_glazed_terracotta Block{minecraft:red_glazed_terracotta}
[17:44:33] [Server thread/TRACE] [FML]:   Registry: 250 minecraft:black_glazed_terracotta Block{minecraft:black_glazed_terracotta}
[17:44:33] [Server thread/TRACE] [FML]:   Registry: 251 minecraft:concrete Block{minecraft:concrete}
[17:44:33] [Server thread/TRACE] [FML]:   Registry: 252 minecraft:concrete_powder Block{minecraft:concrete_powder}
[17:44:33] [Server thread/TRACE] [FML]:   Registry: 253 appliedenergistics2:quartz_ore BlockQuartzOre[quartz_ore]
[17:44:33] [Server thread/TRACE] [FML]:   Registry: 254 appliedenergistics2:charged_quartz_ore BlockChargedQuartzOre[charged_quartz_ore]
[17:44:33] [Server thread/TRACE] [FML]:   Registry: 255 minecraft:structure_block Block{minecraft:structure_block}
[17:44:33] [Server thread/TRACE] [FML]:   Registry: 256 appliedenergistics2:matrix_frame BlockMatrixFrame[matrix_frame]
[17:44:33] [Server thread/TRACE] [FML]:   Registry: 257 appliedenergistics2:quartz_block BlockQuartz[quartz_block]
[17:44:33] [Server thread/TRACE] [FML]:   Registry: 258 appliedenergistics2:quartz_pillar BlockQuartzPillar[quartz_pillar]
[17:44:33] [Server thread/TRACE] [FML]:   Registry: 259 appliedenergistics2:chiseled_quartz_block BlockChiseledQuartz[chiseled_quartz_block]
[17:44:33] [Server thread/TRACE] [FML]:   Registry: 260 appliedenergistics2:quartz_glass BlockQuartzGlass[quartz_glass]
[17:44:33] [Server thread/TRACE] [FML]:   Registry: 261 appliedenergistics2:quartz_vibrant_glass BlockQuartzLamp[quartz_vibrant_glass]
[17:44:33] [Server thread/TRACE] [FML]:   Registry: 262 appliedenergistics2:quartz_fixture BlockQuartzFixture[quartz_fixture]
[17:44:33] [Server thread/TRACE] [FML]:   Registry: 263 appliedenergistics2:fluix_block BlockFluix[fluix_block]
[17:44:33] [Server thread/TRACE] [FML]:   Registry: 264 appliedenergistics2:sky_stone_block BlockSkyStone[sky_stone_block]
[17:44:33] [Server thread/TRACE] [FML]:   Registry: 265 appliedenergistics2:smooth_sky_stone_block BlockSkyStone[smooth_sky_stone_block]
[17:44:33] [Server thread/TRACE] [FML]:   Registry: 266 appliedenergistics2:sky_stone_brick BlockSkyStone[sky_stone_brick]
[17:44:33] [Server thread/TRACE] [FML]:   Registry: 267 appliedenergistics2:sky_stone_small_brick BlockSkyStone[sky_stone_small_brick]
[17:44:33] [Server thread/TRACE] [FML]:   Registry: 268 appliedenergistics2:sky_stone_chest BlockSkyChest[sky_stone_chest]
[17:44:33] [Server thread/TRACE] [FML]:   Registry: 269 appliedenergistics2:smooth_sky_stone_chest BlockSkyChest[smooth_sky_stone_chest]
[17:44:33] [Server thread/TRACE] [FML]:   Registry: 270 appliedenergistics2:sky_compass BlockSkyCompass[sky_compass]
[17:44:33] [Server thread/TRACE] [FML]:   Registry: 271 appliedenergistics2:grindstone BlockGrinder[grindstone]
[17:44:33] [Server thread/TRACE] [FML]:   Registry: 272 appliedenergistics2:crank BlockCrank[crank]
[17:44:33] [Server thread/TRACE] [FML]:   Registry: 273 appliedenergistics2:inscriber BlockInscriber[inscriber]
[17:44:33] [Server thread/TRACE] [FML]:   Registry: 274 appliedenergistics2:wireless_access_point BlockWireless[wireless_access_point]
[17:44:33] [Server thread/TRACE] [FML]:   Registry: 275 appliedenergistics2:charger BlockCharger[charger]
[17:44:33] [Server thread/TRACE] [FML]:   Registry: 276 appliedenergistics2:tiny_tnt BlockTinyTNT[tiny_tnt]
[17:44:33] [Server thread/TRACE] [FML]:   Registry: 277 appliedenergistics2:security_station BlockSecurityStation[security_station]
[17:44:33] [Server thread/TRACE] [FML]:   Registry: 278 appliedenergistics2:quantum_ring BlockQuantumRing[quantum_ring]
[17:44:33] [Server thread/TRACE] [FML]:   Registry: 279 appliedenergistics2:quantum_link BlockQuantumLinkChamber[quantum_link]
[17:44:33] [Server thread/TRACE] [FML]:   Registry: 280 appliedenergistics2:spatial_pylon BlockSpatialPylon[spatial_pylon]
[17:44:33] [Server thread/TRACE] [FML]:   Registry: 281 appliedenergistics2:spatial_io_port BlockSpatialIOPort[spatial_io_port]
[17:44:33] [Server thread/TRACE] [FML]:   Registry: 282 appliedenergistics2:controller BlockController[controller]
[17:44:33] [Server thread/TRACE] [FML]:   Registry: 283 appliedenergistics2:drive BlockDrive[drive]
[17:44:33] [Server thread/TRACE] [FML]:   Registry: 284 appliedenergistics2:chest BlockChest[chest]
[17:44:33] [Server thread/TRACE] [FML]:   Registry: 285 appliedenergistics2:interface BlockInterface[interface]
[17:44:33] [Server thread/TRACE] [FML]:   Registry: 286 appliedenergistics2:fluid_interface BlockFluidInterface[fluid_interface]
[17:44:33] [Server thread/TRACE] [FML]:   Registry: 287 appliedenergistics2:cell_workbench BlockCellWorkbench[cell_workbench]
[17:44:33] [Server thread/TRACE] [FML]:   Registry: 288 appliedenergistics2:io_port BlockIOPort[io_port]
[17:44:33] [Server thread/TRACE] [FML]:   Registry: 289 appliedenergistics2:condenser BlockCondenser[condenser]
[17:44:33] [Server thread/TRACE] [FML]:   Registry: 290 appliedenergistics2:energy_acceptor BlockEnergyAcceptor[energy_acceptor]
[17:44:33] [Server thread/TRACE] [FML]:   Registry: 291 appliedenergistics2:vibration_chamber BlockVibrationChamber[vibration_chamber]
[17:44:33] [Server thread/TRACE] [FML]:   Registry: 292 appliedenergistics2:quartz_growth_accelerator BlockQuartzGrowthAccelerator[quartz_growth_accelerator]
[17:44:33] [Server thread/TRACE] [FML]:   Registry: 293 appliedenergistics2:energy_cell BlockEnergyCell[energy_cell]
[17:44:33] [Server thread/TRACE] [FML]:   Registry: 294 appliedenergistics2:dense_energy_cell BlockDenseEnergyCell[dense_energy_cell]
[17:44:33] [Server thread/TRACE] [FML]:   Registry: 295 appliedenergistics2:creative_energy_cell BlockCreativeEnergyCell[creative_energy_cell]
[17:44:33] [Server thread/TRACE] [FML]:   Registry: 296 appliedenergistics2:crafting_unit BlockCraftingUnit[crafting_unit]
[17:44:33] [Server thread/TRACE] [FML]:   Registry: 297 appliedenergistics2:crafting_accelerator BlockCraftingUnit[crafting_accelerator]
[17:44:33] [Server thread/TRACE] [FML]:   Registry: 298 appliedenergistics2:crafting_storage_1k BlockCraftingStorage[crafting_storage_1k]
[17:44:33] [Server thread/TRACE] [FML]:   Registry: 299 appliedenergistics2:crafting_storage_4k BlockCraftingStorage[crafting_storage_4k]
[17:44:33] [Server thread/TRACE] [FML]:   Registry: 300 appliedenergistics2:crafting_storage_16k BlockCraftingStorage[crafting_storage_16k]
[17:44:33] [Server thread/TRACE] [FML]:   Registry: 301 appliedenergistics2:crafting_storage_64k BlockCraftingStorage[crafting_storage_64k]
[17:44:33] [Server thread/TRACE] [FML]:   Registry: 302 appliedenergistics2:crafting_monitor BlockCraftingMonitor[crafting_monitor]
[17:44:33] [Server thread/TRACE] [FML]:   Registry: 303 appliedenergistics2:molecular_assembler BlockMolecularAssembler[molecular_assembler]
[17:44:33] [Server thread/TRACE] [FML]:   Registry: 304 appliedenergistics2:light_detector BlockLightDetector[light_detector]
[17:44:33] [Server thread/TRACE] [FML]:   Registry: 305 appliedenergistics2:paint BlockPaint[paint]
[17:44:33] [Server thread/TRACE] [FML]:   Registry: 306 appliedenergistics2:sky_stone_stairs BlockStairCommon[sky_stone_stairs]
[17:44:33] [Server thread/TRACE] [FML]:   Registry: 307 appliedenergistics2:smooth_sky_stone_stairs BlockStairCommon[smooth_sky_stone_stairs]
[17:44:33] [Server thread/TRACE] [FML]:   Registry: 308 appliedenergistics2:sky_stone_brick_stairs BlockStairCommon[sky_stone_brick_stairs]
[17:44:33] [Server thread/TRACE] [FML]:   Registry: 309 appliedenergistics2:sky_stone_small_brick_stairs BlockStairCommon[sky_stone_small_brick_stairs]
[17:44:33] [Server thread/TRACE] [FML]:   Registry: 310 appliedenergistics2:fluix_stairs BlockStairCommon[fluix_stairs]
[17:44:33] [Server thread/TRACE] [FML]:   Registry: 311 appliedenergistics2:quartz_stairs BlockStairCommon[quartz_stairs]
[17:44:33] [Server thread/TRACE] [FML]:   Registry: 312 appliedenergistics2:chiseled_quartz_stairs BlockStairCommon[chiseled_quartz_stairs]
[17:44:33] [Server thread/TRACE] [FML]:   Registry: 313 appliedenergistics2:quartz_pillar_stairs BlockStairCommon[quartz_pillar_stairs]
[17:44:33] [Server thread/TRACE] [FML]:   Registry: 314 appliedenergistics2:cable_bus BlockCableBus[cable_bus]
[17:44:33] [Server thread/TRACE] [FML]:   Registry: 315 appliedenergistics2:sky_stone_slab Block{appliedenergistics2:sky_stone_slab}
[17:44:33] [Server thread/TRACE] [FML]:   Registry: 316 appliedenergistics2:sky_stone_double_slab Block{appliedenergistics2:sky_stone_double_slab}
[17:44:33] [Server thread/TRACE] [FML]:   Registry: 317 appliedenergistics2:smooth_sky_stone_slab Block{appliedenergistics2:smooth_sky_stone_slab}
[17:44:33] [Server thread/TRACE] [FML]:   Registry: 318 appliedenergistics2:smooth_sky_stone_double_slab Block{appliedenergistics2:smooth_sky_stone_double_slab}
[17:44:33] [Server thread/TRACE] [FML]:   Registry: 319 appliedenergistics2:sky_stone_brick_slab Block{appliedenergistics2:sky_stone_brick_slab}
[17:44:33] [Server thread/TRACE] [FML]:   Registry: 320 appliedenergistics2:sky_stone_brick_double_slab Block{appliedenergistics2:sky_stone_brick_double_slab}
[17:44:33] [Server thread/TRACE] [FML]:   Registry: 321 appliedenergistics2:sky_stone_small_brick_slab Block{appliedenergistics2:sky_stone_small_brick_slab}
[17:44:33] [Server thread/TRACE] [FML]:   Registry: 322 appliedenergistics2:sky_stone_small_brick_double_slab Block{appliedenergistics2:sky_stone_small_brick_double_slab}
[17:44:33] [Server thread/TRACE] [FML]:   Registry: 323 appliedenergistics2:fluix_slab Block{appliedenergistics2:fluix_slab}
[17:44:33] [Server thread/TRACE] [FML]:   Registry: 324 appliedenergistics2:fluix_double_slab Block{appliedenergistics2:fluix_double_slab}
[17:44:33] [Server thread/TRACE] [FML]:   Registry: 325 appliedenergistics2:quartz_slab Block{appliedenergistics2:quartz_slab}
[17:44:33] [Server thread/TRACE] [FML]:   Registry: 326 appliedenergistics2:quartz_double_slab Block{appliedenergistics2:quartz_double_slab}
[17:44:33] [Server thread/TRACE] [FML]:   Registry: 327 appliedenergistics2:chiseled_quartz_slab Block{appliedenergistics2:chiseled_quartz_slab}
[17:44:33] [Server thread/TRACE] [FML]:   Registry: 328 appliedenergistics2:chiseled_quartz_double_slab Block{appliedenergistics2:chiseled_quartz_double_slab}
[17:44:33] [Server thread/TRACE] [FML]:   Registry: 329 appliedenergistics2:quartz_pillar_slab Block{appliedenergistics2:quartz_pillar_slab}
[17:44:33] [Server thread/TRACE] [FML]:   Registry: 330 appliedenergistics2:quartz_pillar_double_slab Block{appliedenergistics2:quartz_pillar_double_slab}
[17:44:33] [Server thread/TRACE] [FML]: Registry Name : minecraft:items
[17:44:33] [Server thread/TRACE] [FML]:   Registry: 0 minecraft:air net.minecraft.item.ItemAir@c5a2d5
[17:44:33] [Server thread/TRACE] [FML]:   Registry: 1 minecraft:stone net.minecraft.item.ItemMultiTexture@7b2e931
[17:44:33] [Server thread/TRACE] [FML]:   Registry: 2 minecraft:grass net.minecraft.item.ItemColored@7e89eba7
[17:44:33] [Server thread/TRACE] [FML]:   Registry: 3 minecraft:dirt net.minecraft.item.ItemMultiTexture@3eedd0e3
[17:44:33] [Server thread/TRACE] [FML]:   Registry: 4 minecraft:cobblestone net.minecraft.item.ItemBlock@478089b6
[17:44:33] [Server thread/TRACE] [FML]:   Registry: 5 minecraft:planks net.minecraft.item.ItemMultiTexture@28b5d5dc
[17:44:33] [Server thread/TRACE] [FML]:   Registry: 6 minecraft:sapling net.minecraft.item.ItemMultiTexture@4377ed24
[17:44:33] [Server thread/TRACE] [FML]:   Registry: 7 minecraft:bedrock net.minecraft.item.ItemBlock@7a30e30b
[17:44:33] [Server thread/TRACE] [FML]:   Registry: 12 minecraft:sand net.minecraft.item.ItemMultiTexture@f591271
[17:44:33] [Server thread/TRACE] [FML]:   Registry: 13 minecraft:gravel net.minecraft.item.ItemBlock@77cc6a28
[17:44:33] [Server thread/TRACE] [FML]:   Registry: 14 minecraft:gold_ore net.minecraft.item.ItemBlock@b339a08
[17:44:33] [Server thread/TRACE] [FML]:   Registry: 15 minecraft:iron_ore net.minecraft.item.ItemBlock@1d556461
[17:44:33] [Server thread/TRACE] [FML]:   Registry: 16 minecraft:coal_ore net.minecraft.item.ItemBlock@5a583720
[17:44:33] [Server thread/TRACE] [FML]:   Registry: 17 minecraft:log net.minecraft.item.ItemMultiTexture@749f61a3
[17:44:33] [Server thread/TRACE] [FML]:   Registry: 18 minecraft:leaves net.minecraft.item.ItemLeaves@27ec0d06
[17:44:33] [Server thread/TRACE] [FML]:   Registry: 19 minecraft:sponge net.minecraft.item.ItemMultiTexture@3a48c398
[17:44:33] [Server thread/TRACE] [FML]:   Registry: 20 minecraft:glass net.minecraft.item.ItemBlock@1b4ba615
[17:44:33] [Server thread/TRACE] [FML]:   Registry: 21 minecraft:lapis_ore net.minecraft.item.ItemBlock@4407b042
[17:44:33] [Server thread/TRACE] [FML]:   Registry: 22 minecraft:lapis_block net.minecraft.item.ItemBlock@41f686af
[17:44:33] [Server thread/TRACE] [FML]:   Registry: 23 minecraft:dispenser net.minecraft.item.ItemBlock@3dded90a
[17:44:33] [Server thread/TRACE] [FML]:   Registry: 24 minecraft:sandstone net.minecraft.item.ItemMultiTexture@3c743d40
[17:44:33] [Server thread/TRACE] [FML]:   Registry: 25 minecraft:noteblock net.minecraft.item.ItemBlock@5aac6f9f
[17:44:33] [Server thread/TRACE] [FML]:   Registry: 27 minecraft:golden_rail net.minecraft.item.ItemBlock@2444c3df
[17:44:33] [Server thread/TRACE] [FML]:   Registry: 28 minecraft:detector_rail net.minecraft.item.ItemBlock@1eb6037d
[17:44:33] [Server thread/TRACE] [FML]:   Registry: 29 minecraft:sticky_piston net.minecraft.item.ItemPiston@3a5ce4b8
[17:44:33] [Server thread/TRACE] [FML]:   Registry: 30 minecraft:web net.minecraft.item.ItemBlock@38848217
[17:44:33] [Server thread/TRACE] [FML]:   Registry: 31 minecraft:tallgrass net.minecraft.item.ItemColored@1607d391
[17:44:33] [Server thread/TRACE] [FML]:   Registry: 32 minecraft:deadbush net.minecraft.item.ItemBlock@38826984
[17:44:33] [Server thread/TRACE] [FML]:   Registry: 33 minecraft:piston net.minecraft.item.ItemPiston@65262308
[17:44:33] [Server thread/TRACE] [FML]:   Registry: 35 minecraft:wool net.minecraft.item.ItemCloth@23bd2f6e
[17:44:33] [Server thread/TRACE] [FML]:   Registry: 37 minecraft:yellow_flower net.minecraft.item.ItemMultiTexture@54997f67
[17:44:33] [Server thread/TRACE] [FML]:   Registry: 38 minecraft:red_flower net.minecraft.item.ItemMultiTexture@76b05c0
[17:44:33] [Server thread/TRACE] [FML]:   Registry: 39 minecraft:brown_mushroom net.minecraft.item.ItemBlock@2b974137
[17:44:33] [Server thread/TRACE] [FML]:   Registry: 40 minecraft:red_mushroom net.minecraft.item.ItemBlock@7402c49f
[17:44:33] [Server thread/TRACE] [FML]:   Registry: 41 minecraft:gold_block net.minecraft.item.ItemBlock@5d22604e
[17:44:33] [Server thread/TRACE] [FML]:   Registry: 42 minecraft:iron_block net.minecraft.item.ItemBlock@2382b2f
[17:44:33] [Server thread/TRACE] [FML]:   Registry: 44 minecraft:stone_slab net.minecraft.item.ItemSlab@55c46ec1
[17:44:33] [Server thread/TRACE] [FML]:   Registry: 45 minecraft:brick_block net.minecraft.item.ItemBlock@3eff6846
[17:44:33] [Server thread/TRACE] [FML]:   Registry: 46 minecraft:tnt net.minecraft.item.ItemBlock@6ae6d078
[17:44:33] [Server thread/TRACE] [FML]:   Registry: 47 minecraft:bookshelf net.minecraft.item.ItemBlock@6ca33187
[17:44:33] [Server thread/TRACE] [FML]:   Registry: 48 minecraft:mossy_cobblestone net.minecraft.item.ItemBlock@1a67f8b4
[17:44:33] [Server thread/TRACE] [FML]:   Registry: 49 minecraft:obsidian net.minecraft.item.ItemBlock@5f1f0ee6
[17:44:33] [Server thread/TRACE] [FML]:   Registry: 50 minecraft:torch net.minecraft.item.ItemBlock@326706d
[17:44:33] [Server thread/TRACE] [FML]:   Registry: 52 minecraft:mob_spawner net.minecraft.item.ItemBlock@430aae8e
[17:44:33] [Server thread/TRACE] [FML]:   Registry: 53 minecraft:oak_stairs net.minecraft.item.ItemBlock@78504ce9
[17:44:33] [Server thread/TRACE] [FML]:   Registry: 54 minecraft:chest net.minecraft.item.ItemBlock@4e52d2f2
[17:44:33] [Server thread/TRACE] [FML]:   Registry: 56 minecraft:diamond_ore net.minecraft.item.ItemBlock@12608986
[17:44:33] [Server thread/TRACE] [FML]:   Registry: 57 minecraft:diamond_block net.minecraft.item.ItemBlock@4882b9a
[17:44:33] [Server thread/TRACE] [FML]:   Registry: 58 minecraft:crafting_table net.minecraft.item.ItemBlock@7ec508e6
[17:44:33] [Server thread/TRACE] [FML]:   Registry: 60 minecraft:farmland net.minecraft.item.ItemBlock@26d8908e
[17:44:33] [Server thread/TRACE] [FML]:   Registry: 61 minecraft:furnace net.minecraft.item.ItemBlock@30e2016a
[17:44:33] [Server thread/TRACE] [FML]:   Registry: 65 minecraft:ladder net.minecraft.item.ItemBlock@75f32817
[17:44:33] [Server thread/TRACE] [FML]:   Registry: 66 minecraft:rail net.minecraft.item.ItemBlock@23a78c77
[17:44:33] [Server thread/TRACE] [FML]:   Registry: 67 minecraft:stone_stairs net.minecraft.item.ItemBlock@4119346d
[17:44:33] [Server thread/TRACE] [FML]:   Registry: 69 minecraft:lever net.minecraft.item.ItemBlock@61d09475
[17:44:33] [Server thread/TRACE] [FML]:   Registry: 70 minecraft:stone_pressure_plate net.minecraft.item.ItemBlock@d0fabc8
[17:44:33] [Server thread/TRACE] [FML]:   Registry: 72 minecraft:wooden_pressure_plate net.minecraft.item.ItemBlock@12d44a2a
[17:44:33] [Server thread/TRACE] [FML]:   Registry: 73 minecraft:redstone_ore net.minecraft.item.ItemBlock@1a66be41
[17:44:33] [Server thread/TRACE] [FML]:   Registry: 76 minecraft:redstone_torch net.minecraft.item.ItemBlock@7f70e244
[17:44:33] [Server thread/TRACE] [FML]:   Registry: 77 minecraft:stone_button net.minecraft.item.ItemBlock@fd14789
[17:44:33] [Server thread/TRACE] [FML]:   Registry: 78 minecraft:snow_layer net.minecraft.item.ItemSnow@105ffc58
[17:44:33] [Server thread/TRACE] [FML]:   Registry: 79 minecraft:ice net.minecraft.item.ItemBlock@68454ed5
[17:44:33] [Server thread/TRACE] [FML]:   Registry: 80 minecraft:snow net.minecraft.item.ItemBlock@6d2db15b
[17:44:33] [Server thread/TRACE] [FML]:   Registry: 81 minecraft:cactus net.minecraft.item.ItemBlock@749ad37c
[17:44:33] [Server thread/TRACE] [FML]:   Registry: 82 minecraft:clay net.minecraft.item.ItemBlock@1b485c8b
[17:44:33] [Server thread/TRACE] [FML]:   Registry: 84 minecraft:jukebox net.minecraft.item.ItemBlock@59b98ad1
[17:44:33] [Server thread/TRACE] [FML]:   Registry: 85 minecraft:fence net.minecraft.item.ItemBlock@591e5fd4
[17:44:33] [Server thread/TRACE] [FML]:   Registry: 86 minecraft:pumpkin net.minecraft.item.ItemBlock@68479e8b
[17:44:33] [Server thread/TRACE] [FML]:   Registry: 87 minecraft:netherrack net.minecraft.item.ItemBlock@4e951fb1
[17:44:33] [Server thread/TRACE] [FML]:   Registry: 88 minecraft:soul_sand net.minecraft.item.ItemBlock@1b317e7d
[17:44:33] [Server thread/TRACE] [FML]:   Registry: 89 minecraft:glowstone net.minecraft.item.ItemBlock@1bb4c431
[17:44:33] [Server thread/TRACE] [FML]:   Registry: 91 minecraft:lit_pumpkin net.minecraft.item.ItemBlock@4fd3b20a
[17:44:33] [Server thread/TRACE] [FML]:   Registry: 95 minecraft:stained_glass net.minecraft.item.ItemCloth@1fc5c0b2
[17:44:33] [Server thread/TRACE] [FML]:   Registry: 96 minecraft:trapdoor net.minecraft.item.ItemBlock@295d54d6
[17:44:33] [Server thread/TRACE] [FML]:   Registry: 97 minecraft:monster_egg net.minecraft.item.ItemMultiTexture@158e6fc2
[17:44:33] [Server thread/TRACE] [FML]:   Registry: 98 minecraft:stonebrick net.minecraft.item.ItemMultiTexture@6dbb3d7d
[17:44:33] [Server thread/TRACE] [FML]:   Registry: 99 minecraft:brown_mushroom_block net.minecraft.item.ItemBlock@7a3a49e5
[17:44:33] [Server thread/TRACE] [FML]:   Registry: 100 minecraft:red_mushroom_block net.minecraft.item.ItemBlock@6c1b82cd
[17:44:33] [Server thread/TRACE] [FML]:   Registry: 101 minecraft:iron_bars net.minecraft.item.ItemBlock@acd3460
[17:44:33] [Server thread/TRACE] [FML]:   Registry: 102 minecraft:glass_pane net.minecraft.item.ItemBlock@3ea9a091
[17:44:33] [Server thread/TRACE] [FML]:   Registry: 103 minecraft:melon_block net.minecraft.item.ItemBlock@16f4a3c0
[17:44:33] [Server thread/TRACE] [FML]:   Registry: 106 minecraft:vine net.minecraft.item.ItemColored@26495639
[17:44:33] [Server thread/TRACE] [FML]:   Registry: 107 minecraft:fence_gate net.minecraft.item.ItemBlock@45c408a4
[17:44:33] [Server thread/TRACE] [FML]:   Registry: 108 minecraft:brick_stairs net.minecraft.item.ItemBlock@75ee6f89
[17:44:33] [Server thread/TRACE] [FML]:   Registry: 109 minecraft:stone_brick_stairs net.minecraft.item.ItemBlock@210d3a42
[17:44:33] [Server thread/TRACE] [FML]:   Registry: 110 minecraft:mycelium net.minecraft.item.ItemBlock@356f20b7
[17:44:33] [Server thread/TRACE] [FML]:   Registry: 111 minecraft:waterlily net.minecraft.item.ItemLilyPad@69de72ec
[17:44:33] [Server thread/TRACE] [FML]:   Registry: 112 minecraft:nether_brick net.minecraft.item.ItemBlock@21c99abf
[17:44:33] [Server thread/TRACE] [FML]:   Registry: 113 minecraft:nether_brick_fence net.minecraft.item.ItemBlock@6d6f6ca9
[17:44:33] [Server thread/TRACE] [FML]:   Registry: 114 minecraft:nether_brick_stairs net.minecraft.item.ItemBlock@54496c2d
[17:44:33] [Server thread/TRACE] [FML]:   Registry: 116 minecraft:enchanting_table net.minecraft.item.ItemBlock@4e1a3d5a
[17:44:33] [Server thread/TRACE] [FML]:   Registry: 120 minecraft:end_portal_frame net.minecraft.item.ItemBlock@236b4a44
[17:44:33] [Server thread/TRACE] [FML]:   Registry: 121 minecraft:end_stone net.minecraft.item.ItemBlock@35f760a4
[17:44:33] [Server thread/TRACE] [FML]:   Registry: 122 minecraft:dragon_egg net.minecraft.item.ItemBlock@35af52dc
[17:44:33] [Server thread/TRACE] [FML]:   Registry: 123 minecraft:redstone_lamp net.minecraft.item.ItemBlock@4cef0747
[17:44:33] [Server thread/TRACE] [FML]:   Registry: 126 minecraft:wooden_slab net.minecraft.item.ItemSlab@4213bc3e
[17:44:33] [Server thread/TRACE] [FML]:   Registry: 128 minecraft:sandstone_stairs net.minecraft.item.ItemBlock@6aaa678d
[17:44:33] [Server thread/TRACE] [FML]:   Registry: 129 minecraft:emerald_ore net.minecraft.item.ItemBlock@25dcf1b6
[17:44:33] [Server thread/TRACE] [FML]:   Registry: 130 minecraft:ender_chest net.minecraft.item.ItemBlock@113d0f75
[17:44:33] [Server thread/TRACE] [FML]:   Registry: 131 minecraft:tripwire_hook net.minecraft.item.ItemBlock@4e10a320
[17:44:33] [Server thread/TRACE] [FML]:   Registry: 133 minecraft:emerald_block net.minecraft.item.ItemBlock@773f3360
[17:44:33] [Server thread/TRACE] [FML]:   Registry: 134 minecraft:spruce_stairs net.minecraft.item.ItemBlock@352c3d70
[17:44:33] [Server thread/TRACE] [FML]:   Registry: 135 minecraft:birch_stairs net.minecraft.item.ItemBlock@4c13ca07
[17:44:33] [Server thread/TRACE] [FML]:   Registry: 136 minecraft:jungle_stairs net.minecraft.item.ItemBlock@7d17906
[17:44:33] [Server thread/TRACE] [FML]:   Registry: 137 minecraft:command_block net.minecraft.item.ItemBlock@97beeaf
[17:44:33] [Server thread/TRACE] [FML]:   Registry: 138 minecraft:beacon net.minecraft.item.ItemBlock@5d68954d
[17:44:33] [Server thread/TRACE] [FML]:   Registry: 139 minecraft:cobblestone_wall net.minecraft.item.ItemMultiTexture@4c6fc3e7
[17:44:33] [Server thread/TRACE] [FML]:   Registry: 143 minecraft:wooden_button net.minecraft.item.ItemBlock@aa8dce8
[17:44:33] [Server thread/TRACE] [FML]:   Registry: 145 minecraft:anvil net.minecraft.item.ItemAnvilBlock@4d8f2cfd
[17:44:33] [Server thread/TRACE] [FML]:   Registry: 146 minecraft:trapped_chest net.minecraft.item.ItemBlock@6d4502ca
[17:44:33] [Server thread/TRACE] [FML]:   Registry: 147 minecraft:light_weighted_pressure_plate net.minecraft.item.ItemBlock@ab2009f
[17:44:33] [Server thread/TRACE] [FML]:   Registry: 148 minecraft:heavy_weighted_pressure_plate net.minecraft.item.ItemBlock@2a11ae0b
[17:44:33] [Server thread/TRACE] [FML]:   Registry: 151 minecraft:daylight_detector net.minecraft.item.ItemBlock@1e4d8770
[17:44:33] [Server thread/TRACE] [FML]:   Registry: 152 minecraft:redstone_block net.minecraft.item.ItemBlock@5b5b9521
[17:44:33] [Server thread/TRACE] [FML]:   Registry: 153 minecraft:quartz_ore net.minecraft.item.ItemBlock@41f7c02d
[17:44:33] [Server thread/TRACE] [FML]:   Registry: 154 minecraft:hopper net.minecraft.item.ItemBlock@66314fee
[17:44:33] [Server thread/TRACE] [FML]:   Registry: 155 minecraft:quartz_block net.minecraft.item.ItemMultiTexture@14b5325f
[17:44:33] [Server thread/TRACE] [FML]:   Registry: 156 minecraft:quartz_stairs net.minecraft.item.ItemBlock@13404f75
[17:44:33] [Server thread/TRACE] [FML]:   Registry: 157 minecraft:activator_rail net.minecraft.item.ItemBlock@6cc90398
[17:44:33] [Server thread/TRACE] [FML]:   Registry: 158 minecraft:dropper net.minecraft.item.ItemBlock@6b6fd0
[17:44:33] [Server thread/TRACE] [FML]:   Registry: 159 minecraft:stained_hardened_clay net.minecraft.item.ItemCloth@3d718248
[17:44:33] [Server thread/TRACE] [FML]:   Registry: 160 minecraft:stained_glass_pane net.minecraft.item.ItemCloth@45ad3cd8
[17:44:33] [Server thread/TRACE] [FML]:   Registry: 161 minecraft:leaves2 net.minecraft.item.ItemLeaves@2676d96a
[17:44:33] [Server thread/TRACE] [FML]:   Registry: 162 minecraft:log2 net.minecraft.item.ItemMultiTexture@fb5d334
[17:44:33] [Server thread/TRACE] [FML]:   Registry: 163 minecraft:acacia_stairs net.minecraft.item.ItemBlock@6adcf059
[17:44:33] [Server thread/TRACE] [FML]:   Registry: 164 minecraft:dark_oak_stairs net.minecraft.item.ItemBlock@7962a746
[17:44:33] [Server thread/TRACE] [FML]:   Registry: 165 minecraft:slime net.minecraft.item.ItemBlock@1c31de5d
[17:44:33] [Server thread/TRACE] [FML]:   Registry: 166 minecraft:barrier net.minecraft.item.ItemBlock@2cdb5974
[17:44:33] [Server thread/TRACE] [FML]:   Registry: 167 minecraft:iron_trapdoor net.minecraft.item.ItemBlock@8aa5ab4
[17:44:33] [Server thread/TRACE] [FML]:   Registry: 168 minecraft:prismarine net.minecraft.item.ItemMultiTexture@47b961e2
[17:44:33] [Server thread/TRACE] [FML]:   Registry: 169 minecraft:sea_lantern net.minecraft.item.ItemBlock@d2cb2d0
[17:44:33] [Server thread/TRACE] [FML]:   Registry: 170 minecraft:hay_block net.minecraft.item.ItemBlock@53e4a19e
[17:44:33] [Server thread/TRACE] [FML]:   Registry: 171 minecraft:carpet net.minecraft.item.ItemCloth@62360a68
[17:44:33] [Server thread/TRACE] [FML]:   Registry: 172 minecraft:hardened_clay net.minecraft.item.ItemBlock@1450ffa3
[17:44:33] [Server thread/TRACE] [FML]:   Registry: 173 minecraft:coal_block net.minecraft.item.ItemBlock@4e756867
[17:44:33] [Server thread/TRACE] [FML]:   Registry: 174 minecraft:packed_ice net.minecraft.item.ItemBlock@38ebc866
[17:44:33] [Server thread/TRACE] [FML]:   Registry: 175 minecraft:double_plant net.minecraft.item.ItemMultiTexture@f5ae29e
[17:44:33] [Server thread/TRACE] [FML]:   Registry: 179 minecraft:red_sandstone net.minecraft.item.ItemMultiTexture@54556723
[17:44:33] [Server thread/TRACE] [FML]:   Registry: 180 minecraft:red_sandstone_stairs net.minecraft.item.ItemBlock@6124dda2
[17:44:33] [Server thread/TRACE] [FML]:   Registry: 182 minecraft:stone_slab2 net.minecraft.item.ItemSlab@380e33c2
[17:44:33] [Server thread/TRACE] [FML]:   Registry: 183 minecraft:spruce_fence_gate net.minecraft.item.ItemBlock@369a95a5
[17:44:33] [Server thread/TRACE] [FML]:   Registry: 184 minecraft:birch_fence_gate net.minecraft.item.ItemBlock@543da15
[17:44:33] [Server thread/TRACE] [FML]:   Registry: 185 minecraft:jungle_fence_gate net.minecraft.item.ItemBlock@69d7bc1a
[17:44:33] [Server thread/TRACE] [FML]:   Registry: 186 minecraft:dark_oak_fence_gate net.minecraft.item.ItemBlock@cb318ac
[17:44:33] [Server thread/TRACE] [FML]:   Registry: 187 minecraft:acacia_fence_gate net.minecraft.item.ItemBlock@6e668322
[17:44:33] [Server thread/TRACE] [FML]:   Registry: 188 minecraft:spruce_fence net.minecraft.item.ItemBlock@7bbd76b8
[17:44:33] [Server thread/TRACE] [FML]:   Registry: 189 minecraft:birch_fence net.minecraft.item.ItemBlock@2248d140
[17:44:33] [Server thread/TRACE] [FML]:   Registry: 190 minecraft:jungle_fence net.minecraft.item.ItemBlock@37b238da
[17:44:33] [Server thread/TRACE] [FML]:   Registry: 191 minecraft:dark_oak_fence net.minecraft.item.ItemBlock@1c792107
[17:44:33] [Server thread/TRACE] [FML]:   Registry: 192 minecraft:acacia_fence net.minecraft.item.ItemBlock@ce19c86
[17:44:33] [Server thread/TRACE] [FML]:   Registry: 198 minecraft:end_rod net.minecraft.item.ItemBlock@76fc5687
[17:44:33] [Server thread/TRACE] [FML]:   Registry: 199 minecraft:chorus_plant net.minecraft.item.ItemBlock@53fbb2b4
[17:44:33] [Server thread/TRACE] [FML]:   Registry: 200 minecraft:chorus_flower net.minecraft.item.ItemBlock@7434ee13
[17:44:33] [Server thread/TRACE] [FML]:   Registry: 201 minecraft:purpur_block net.minecraft.item.ItemBlock@44a14de0
[17:44:33] [Server thread/TRACE] [FML]:   Registry: 202 minecraft:purpur_pillar net.minecraft.item.ItemBlock@50fd739d
[17:44:33] [Server thread/TRACE] [FML]:   Registry: 203 minecraft:purpur_stairs net.minecraft.item.ItemBlock@5e1d1524
[17:44:33] [Server thread/TRACE] [FML]:   Registry: 205 minecraft:purpur_slab net.minecraft.item.ItemSlab@d0a2c82
[17:44:33] [Server thread/TRACE] [FML]:   Registry: 206 minecraft:end_bricks net.minecraft.item.ItemBlock@2ac05a33
[17:44:33] [Server thread/TRACE] [FML]:   Registry: 208 minecraft:grass_path net.minecraft.item.ItemBlock@7a7f9d45
[17:44:33] [Server thread/TRACE] [FML]:   Registry: 210 minecraft:repeating_command_block net.minecraft.item.ItemBlock@3bc891f2
[17:44:33] [Server thread/TRACE] [FML]:   Registry: 211 minecraft:chain_command_block net.minecraft.item.ItemBlock@445b85d7
[17:44:33] [Server thread/TRACE] [FML]:   Registry: 213 minecraft:magma net.minecraft.item.ItemBlock@3d59933
[17:44:33] [Server thread/TRACE] [FML]:   Registry: 214 minecraft:nether_wart_block net.minecraft.item.ItemBlock@4a0c3aa8
[17:44:33] [Server thread/TRACE] [FML]:   Registry: 215 minecraft:red_nether_brick net.minecraft.item.ItemBlock@3534651a
[17:44:33] [Server thread/TRACE] [FML]:   Registry: 216 minecraft:bone_block net.minecraft.item.ItemBlock@2d593b56
[17:44:33] [Server thread/TRACE] [FML]:   Registry: 217 minecraft:structure_void net.minecraft.item.ItemBlock@26a33cf
[17:44:33] [Server thread/TRACE] [FML]:   Registry: 218 minecraft:observer net.minecraft.item.ItemBlock@29188050
[17:44:33] [Server thread/TRACE] [FML]:   Registry: 219 minecraft:white_shulker_box net.minecraft.item.ItemShulkerBox@5bf523e3
[17:44:33] [Server thread/TRACE] [FML]:   Registry: 220 minecraft:orange_shulker_box net.minecraft.item.ItemShulkerBox@8d29719
[17:44:33] [Server thread/TRACE] [FML]:   Registry: 221 minecraft:magenta_shulker_box net.minecraft.item.ItemShulkerBox@65259c53
[17:44:33] [Server thread/TRACE] [FML]:   Registry: 222 minecraft:light_blue_shulker_box net.minecraft.item.ItemShulkerBox@4bff28e7
[17:44:33] [Server thread/TRACE] [FML]:   Registry: 223 minecraft:yellow_shulker_box net.minecraft.item.ItemShulkerBox@39e7e040
[17:44:33] [Server thread/TRACE] [FML]:   Registry: 224 minecraft:lime_shulker_box net.minecraft.item.ItemShulkerBox@2591d23a
[17:44:33] [Server thread/TRACE] [FML]:   Registry: 225 minecraft:pink_shulker_box net.minecraft.item.ItemShulkerBox@6c1f15df
[17:44:33] [Server thread/TRACE] [FML]:   Registry: 226 minecraft:gray_shulker_box net.minecraft.item.ItemShulkerBox@5e95b0ab
[17:44:33] [Server thread/TRACE] [FML]:   Registry: 227 minecraft:silver_shulker_box net.minecraft.item.ItemShulkerBox@5876bed9
[17:44:33] [Server thread/TRACE] [FML]:   Registry: 228 minecraft:cyan_shulker_box net.minecraft.item.ItemShulkerBox@73ddb7ef
[17:44:33] [Server thread/TRACE] [FML]:   Registry: 229 minecraft:purple_shulker_box net.minecraft.item.ItemShulkerBox@67f8f5a6
[17:44:33] [Server thread/TRACE] [FML]:   Registry: 230 minecraft:blue_shulker_box net.minecraft.item.ItemShulkerBox@141b011a
[17:44:33] [Server thread/TRACE] [FML]:   Registry: 231 minecraft:brown_shulker_box net.minecraft.item.ItemShulkerBox@7976e536
[17:44:33] [Server thread/TRACE] [FML]:   Registry: 232 minecraft:green_shulker_box net.minecraft.item.ItemShulkerBox@670a4738
[17:44:33] [Server thread/TRACE] [FML]:   Registry: 233 minecraft:red_shulker_box net.minecraft.item.ItemShulkerBox@47ffdbba
[17:44:33] [Server thread/TRACE] [FML]:   Registry: 234 minecraft:black_shulker_box net.minecraft.item.ItemShulkerBox@ba0018e
[17:44:33] [Server thread/TRACE] [FML]:   Registry: 235 minecraft:white_glazed_terracotta net.minecraft.item.ItemBlock@45311a99
[17:44:33] [Server thread/TRACE] [FML]:   Registry: 236 minecraft:orange_glazed_terracotta net.minecraft.item.ItemBlock@7037a680
[17:44:33] [Server thread/TRACE] [FML]:   Registry: 237 minecraft:magenta_glazed_terracotta net.minecraft.item.ItemBlock@492c8137
[17:44:33] [Server thread/TRACE] [FML]:   Registry: 238 minecraft:light_blue_glazed_terracotta net.minecraft.item.ItemBlock@420b55ed
[17:44:33] [Server thread/TRACE] [FML]:   Registry: 239 minecraft:yellow_glazed_terracotta net.minecraft.item.ItemBlock@f237ae7
[17:44:33] [Server thread/TRACE] [FML]:   Registry: 240 minecraft:lime_glazed_terracotta net.minecraft.item.ItemBlock@42edde25
[17:44:33] [Server thread/TRACE] [FML]:   Registry: 241 minecraft:pink_glazed_terracotta net.minecraft.item.ItemBlock@6fe5da76
[17:44:33] [Server thread/TRACE] [FML]:   Registry: 242 minecraft:gray_glazed_terracotta net.minecraft.item.ItemBlock@77d95e5a
[17:44:33] [Server thread/TRACE] [FML]:   Registry: 243 minecraft:silver_glazed_terracotta net.minecraft.item.ItemBlock@6339e604
[17:44:33] [Server thread/TRACE] [FML]:   Registry: 244 minecraft:cyan_glazed_terracotta net.minecraft.item.ItemBlock@4f8900b0
[17:44:33] [Server thread/TRACE] [FML]:   Registry: 245 minecraft:purple_glazed_terracotta net.minecraft.item.ItemBlock@e7e455d
[17:44:33] [Server thread/TRACE] [FML]:   Registry: 246 minecraft:blue_glazed_terracotta net.minecraft.item.ItemBlock@33e8e146
[17:44:33] [Server thread/TRACE] [FML]:   Registry: 247 minecraft:brown_glazed_terracotta net.minecraft.item.ItemBlock@1f4d38f9
[17:44:33] [Server thread/TRACE] [FML]:   Registry: 248 minecraft:green_glazed_terracotta net.minecraft.item.ItemBlock@18463720
[17:44:33] [Server thread/TRACE] [FML]:   Registry: 249 minecraft:red_glazed_terracotta net.minecraft.item.ItemBlock@64eeddd8
[17:44:33] [Server thread/TRACE] [FML]:   Registry: 250 minecraft:black_glazed_terracotta net.minecraft.item.ItemBlock@10f8e2d2
[17:44:33] [Server thread/TRACE] [FML]:   Registry: 251 minecraft:concrete net.minecraft.item.ItemCloth@66048ac4
[17:44:33] [Server thread/TRACE] [FML]:   Registry: 252 minecraft:concrete_powder net.minecraft.item.ItemCloth@4f525e13
[17:44:33] [Server thread/TRACE] [FML]:   Registry: 255 minecraft:structure_block net.minecraft.item.ItemBlock@5d404a3c
[17:44:33] [Server thread/TRACE] [FML]:   Registry: 256 minecraft:iron_shovel net.minecraft.item.ItemSpade@57b33c29
[17:44:33] [Server thread/TRACE] [FML]:   Registry: 257 minecraft:iron_pickaxe net.minecraft.item.ItemPickaxe@13390a96
[17:44:33] [Server thread/TRACE] [FML]:   Registry: 258 minecraft:iron_axe net.minecraft.item.ItemAxe@7497a554
[17:44:33] [Server thread/TRACE] [FML]:   Registry: 259 minecraft:flint_and_steel net.minecraft.item.ItemFlintAndSteel@65015a49
[17:44:33] [Server thread/TRACE] [FML]:   Registry: 260 minecraft:apple net.minecraft.item.ItemFood@795faad
[17:44:33] [Server thread/TRACE] [FML]:   Registry: 261 minecraft:bow net.minecraft.item.ItemBow@2ecdcfe3
[17:44:33] [Server thread/TRACE] [FML]:   Registry: 262 minecraft:arrow net.minecraft.item.ItemArrow@83e635f
[17:44:33] [Server thread/TRACE] [FML]:   Registry: 263 minecraft:coal net.minecraft.item.ItemCoal@c82ad22
[17:44:33] [Server thread/TRACE] [FML]:   Registry: 264 minecraft:diamond net.minecraft.item.Item@3f80d8c
[17:44:33] [Server thread/TRACE] [FML]:   Registry: 265 minecraft:iron_ingot net.minecraft.item.Item@2d3b0978
[17:44:33] [Server thread/TRACE] [FML]:   Registry: 266 minecraft:gold_ingot net.minecraft.item.Item@5c60c08
[17:44:33] [Server thread/TRACE] [FML]:   Registry: 267 minecraft:iron_sword net.minecraft.item.ItemSword@212e39ee
[17:44:33] [Server thread/TRACE] [FML]:   Registry: 268 minecraft:wooden_sword net.minecraft.item.ItemSword@638d2ce3
[17:44:33] [Server thread/TRACE] [FML]:   Registry: 269 minecraft:wooden_shovel net.minecraft.item.ItemSpade@79617c3d
[17:44:33] [Server thread/TRACE] [FML]:   Registry: 270 minecraft:wooden_pickaxe net.minecraft.item.ItemPickaxe@49cceb19
[17:44:33] [Server thread/TRACE] [FML]:   Registry: 271 minecraft:wooden_axe net.minecraft.item.ItemAxe@197d5a87
[17:44:33] [Server thread/TRACE] [FML]:   Registry: 272 minecraft:stone_sword net.minecraft.item.ItemSword@131d977f
[17:44:33] [Server thread/TRACE] [FML]:   Registry: 273 minecraft:stone_shovel net.minecraft.item.ItemSpade@616f81b5
[17:44:33] [Server thread/TRACE] [FML]:   Registry: 274 minecraft:stone_pickaxe net.minecraft.item.ItemPickaxe@4f552aa2
[17:44:33] [Server thread/TRACE] [FML]:   Registry: 275 minecraft:stone_axe net.minecraft.item.ItemAxe@3c8fe8ad
[17:44:33] [Server thread/TRACE] [FML]:   Registry: 276 minecraft:diamond_sword net.minecraft.item.ItemSword@43d6262c
[17:44:33] [Server thread/TRACE] [FML]:   Registry: 277 minecraft:diamond_shovel net.minecraft.item.ItemSpade@5e2975ca
[17:44:33] [Server thread/TRACE] [FML]:   Registry: 278 minecraft:diamond_pickaxe net.minecraft.item.ItemPickaxe@38cf4497
[17:44:33] [Server thread/TRACE] [FML]:   Registry: 279 minecraft:diamond_axe net.minecraft.item.ItemAxe@7b4619a3
[17:44:33] [Server thread/TRACE] [FML]:   Registry: 280 minecraft:stick net.minecraft.item.Item@9d3a7a1
[17:44:33] [Server thread/TRACE] [FML]:   Registry: 281 minecraft:bowl net.minecraft.item.Item@1c411474
[17:44:33] [Server thread/TRACE] [FML]:   Registry: 282 minecraft:mushroom_stew net.minecraft.item.ItemSoup@b56c222
[17:44:33] [Server thread/TRACE] [FML]:   Registry: 283 minecraft:golden_sword net.minecraft.item.ItemSword@5a2035e1
[17:44:33] [Server thread/TRACE] [FML]:   Registry: 284 minecraft:golden_shovel net.minecraft.item.ItemSpade@4df7b4ac
[17:44:33] [Server thread/TRACE] [FML]:   Registry: 285 minecraft:golden_pickaxe net.minecraft.item.ItemPickaxe@7c47e077
[17:44:33] [Server thread/TRACE] [FML]:   Registry: 286 minecraft:golden_axe net.minecraft.item.ItemAxe@41bd6a0f
[17:44:33] [Server thread/TRACE] [FML]:   Registry: 287 minecraft:string net.minecraft.item.ItemBlockSpecial@57b130f6
[17:44:33] [Server thread/TRACE] [FML]:   Registry: 288 minecraft:feather net.minecraft.item.Item@67e4928c
[17:44:33] [Server thread/TRACE] [FML]:   Registry: 289 minecraft:gunpowder net.minecraft.item.Item@2cc61b3b
[17:44:33] [Server thread/TRACE] [FML]:   Registry: 290 minecraft:wooden_hoe net.minecraft.item.ItemHoe@3b2c8bda
[17:44:33] [Server thread/TRACE] [FML]:   Registry: 291 minecraft:stone_hoe net.minecraft.item.ItemHoe@688d619c
[17:44:33] [Server thread/TRACE] [FML]:   Registry: 292 minecraft:iron_hoe net.minecraft.item.ItemHoe@647ff23e
[17:44:33] [Server thread/TRACE] [FML]:   Registry: 293 minecraft:diamond_hoe net.minecraft.item.ItemHoe@6a04d2a4
[17:44:33] [Server thread/TRACE] [FML]:   Registry: 294 minecraft:golden_hoe net.minecraft.item.ItemHoe@35a9e665
[17:44:33] [Server thread/TRACE] [FML]:   Registry: 295 minecraft:wheat_seeds net.minecraft.item.ItemSeeds@7227926b
[17:44:33] [Server thread/TRACE] [FML]:   Registry: 296 minecraft:wheat net.minecraft.item.Item@2f75a9b1
[17:44:33] [Server thread/TRACE] [FML]:   Registry: 297 minecraft:bread net.minecraft.item.ItemFood@556aed22
[17:44:33] [Server thread/TRACE] [FML]:   Registry: 298 minecraft:leather_helmet net.minecraft.item.ItemArmor@5ad40184
[17:44:33] [Server thread/TRACE] [FML]:   Registry: 299 minecraft:leather_chestplate net.minecraft.item.ItemArmor@3359c3f6
[17:44:33] [Server thread/TRACE] [FML]:   Registry: 300 minecraft:leather_leggings net.minecraft.item.ItemArmor@3d3b272a
[17:44:33] [Server thread/TRACE] [FML]:   Registry: 301 minecraft:leather_boots net.minecraft.item.ItemArmor@45b27ad3
[17:44:33] [Server thread/TRACE] [FML]:   Registry: 302 minecraft:chainmail_helmet net.minecraft.item.ItemArmor@3f908bc0
[17:44:33] [Server thread/TRACE] [FML]:   Registry: 303 minecraft:chainmail_chestplate net.minecraft.item.ItemArmor@422ba9b7
[17:44:33] [Server thread/TRACE] [FML]:   Registry: 304 minecraft:chainmail_leggings net.minecraft.item.ItemArmor@26cdd4af
[17:44:33] [Server thread/TRACE] [FML]:   Registry: 305 minecraft:chainmail_boots net.minecraft.item.ItemArmor@707f4647
[17:44:33] [Server thread/TRACE] [FML]:   Registry: 306 minecraft:iron_helmet net.minecraft.item.ItemArmor@4b8a0d03
[17:44:33] [Server thread/TRACE] [FML]:   Registry: 307 minecraft:iron_chestplate net.minecraft.item.ItemArmor@54f373d4
[17:44:33] [Server thread/TRACE] [FML]:   Registry: 308 minecraft:iron_leggings net.minecraft.item.ItemArmor@1c53bd49
[17:44:33] [Server thread/TRACE] [FML]:   Registry: 309 minecraft:iron_boots net.minecraft.item.ItemArmor@16949dfa
[17:44:33] [Server thread/TRACE] [FML]:   Registry: 310 minecraft:diamond_helmet net.minecraft.item.ItemArmor@d6d683e
[17:44:33] [Server thread/TRACE] [FML]:   Registry: 311 minecraft:diamond_chestplate net.minecraft.item.ItemArmor@42cfd794
[17:44:33] [Server thread/TRACE] [FML]:   Registry: 312 minecraft:diamond_leggings net.minecraft.item.ItemArmor@43778371
[17:44:33] [Server thread/TRACE] [FML]:   Registry: 313 minecraft:diamond_boots net.minecraft.item.ItemArmor@71beada8
[17:44:33] [Server thread/TRACE] [FML]:   Registry: 314 minecraft:golden_helmet net.minecraft.item.ItemArmor@17f41739
[17:44:33] [Server thread/TRACE] [FML]:   Registry: 315 minecraft:golden_chestplate net.minecraft.item.ItemArmor@2b3b1124
[17:44:33] [Server thread/TRACE] [FML]:   Registry: 316 minecraft:golden_leggings net.minecraft.item.ItemArmor@54286339
[17:44:33] [Server thread/TRACE] [FML]:   Registry: 317 minecraft:golden_boots net.minecraft.item.ItemArmor@507f47f9
[17:44:33] [Server thread/TRACE] [FML]:   Registry: 318 minecraft:flint net.minecraft.item.Item@6785df10
[17:44:33] [Server thread/TRACE] [FML]:   Registry: 319 minecraft:porkchop net.minecraft.item.ItemFood@144440f5
[17:44:33] [Server thread/TRACE] [FML]:   Registry: 320 minecraft:cooked_porkchop net.minecraft.item.ItemFood@3e2c8ef
[17:44:33] [Server thread/TRACE] [FML]:   Registry: 321 minecraft:painting net.minecraft.item.ItemHangingEntity@4ff074a0
[17:44:33] [Server thread/TRACE] [FML]:   Registry: 322 minecraft:golden_apple net.minecraft.item.ItemAppleGold@fd69983
[17:44:33] [Server thread/TRACE] [FML]:   Registry: 323 minecraft:sign net.minecraft.item.ItemSign@2adc1e84
[17:44:33] [Server thread/TRACE] [FML]:   Registry: 324 minecraft:wooden_door net.minecraft.item.ItemDoor@323efafe
[17:44:33] [Server thread/TRACE] [FML]:   Registry: 325 minecraft:bucket net.minecraft.item.ItemBucket@4182a651
[17:44:33] [Server thread/TRACE] [FML]:   Registry: 326 minecraft:water_bucket net.minecraft.item.ItemBucket@7791ff50
[17:44:33] [Server thread/TRACE] [FML]:   Registry: 327 minecraft:lava_bucket net.minecraft.item.ItemBucket@46de118b
[17:44:33] [Server thread/TRACE] [FML]:   Registry: 328 minecraft:minecart net.minecraft.item.ItemMinecart@4ffa078d
[17:44:33] [Server thread/TRACE] [FML]:   Registry: 329 minecraft:saddle net.minecraft.item.ItemSaddle@3516b881
[17:44:33] [Server thread/TRACE] [FML]:   Registry: 330 minecraft:iron_door net.minecraft.item.ItemDoor@6be8ce1b
[17:44:33] [Server thread/TRACE] [FML]:   Registry: 331 minecraft:redstone net.minecraft.item.ItemRedstone@a7bbdbc
[17:44:33] [Server thread/TRACE] [FML]:   Registry: 332 minecraft:snowball net.minecraft.item.ItemSnowball@1dd64243
[17:44:33] [Server thread/TRACE] [FML]:   Registry: 333 minecraft:boat net.minecraft.item.ItemBoat@1d1b3620
[17:44:33] [Server thread/TRACE] [FML]:   Registry: 334 minecraft:leather net.minecraft.item.Item@71e7c13f
[17:44:33] [Server thread/TRACE] [FML]:   Registry: 335 minecraft:milk_bucket net.minecraft.item.ItemBucketMilk@14af73e1
[17:44:33] [Server thread/TRACE] [FML]:   Registry: 336 minecraft:brick net.minecraft.item.Item@73da303e
[17:44:33] [Server thread/TRACE] [FML]:   Registry: 337 minecraft:clay_ball net.minecraft.item.Item@24068086
[17:44:33] [Server thread/TRACE] [FML]:   Registry: 338 minecraft:reeds net.minecraft.item.ItemBlockSpecial@32513dea
[17:44:33] [Server thread/TRACE] [FML]:   Registry: 339 minecraft:paper net.minecraft.item.Item@5d0e703a
[17:44:33] [Server thread/TRACE] [FML]:   Registry: 340 minecraft:book net.minecraft.item.ItemBook@3a751535
[17:44:33] [Server thread/TRACE] [FML]:   Registry: 341 minecraft:slime_ball net.minecraft.item.Item@7fb82f73
[17:44:33] [Server thread/TRACE] [FML]:   Registry: 342 minecraft:chest_minecart net.minecraft.item.ItemMinecart@2f166d61
[17:44:33] [Server thread/TRACE] [FML]:   Registry: 343 minecraft:furnace_minecart net.minecraft.item.ItemMinecart@5896b9f5
[17:44:33] [Server thread/TRACE] [FML]:   Registry: 344 minecraft:egg net.minecraft.item.ItemEgg@1fe05fff
[17:44:33] [Server thread/TRACE] [FML]:   Registry: 345 minecraft:compass net.minecraft.item.ItemCompass@2b400bd0
[17:44:33] [Server thread/TRACE] [FML]:   Registry: 346 minecraft:fishing_rod net.minecraft.item.ItemFishingRod@41e7a544
[17:44:33] [Server thread/TRACE] [FML]:   Registry: 347 minecraft:clock net.minecraft.item.ItemClock@4bc21e34
[17:44:33] [Server thread/TRACE] [FML]:   Registry: 348 minecraft:glowstone_dust net.minecraft.item.Item@7544260a
[17:44:33] [Server thread/TRACE] [FML]:   Registry: 349 minecraft:fish net.minecraft.item.ItemFishFood@3573e19d
[17:44:33] [Server thread/TRACE] [FML]:   Registry: 350 minecraft:cooked_fish net.minecraft.item.ItemFishFood@5c1dd18
[17:44:33] [Server thread/TRACE] [FML]:   Registry: 351 minecraft:dye net.minecraft.item.ItemDye@3dec79f8
[17:44:33] [Server thread/TRACE] [FML]:   Registry: 352 minecraft:bone net.minecraft.item.Item@5bf7f15f
[17:44:33] [Server thread/TRACE] [FML]:   Registry: 353 minecraft:sugar net.minecraft.item.Item@14b26e90
[17:44:33] [Server thread/TRACE] [FML]:   Registry: 354 minecraft:cake net.minecraft.item.ItemBlockSpecial@11309dd4
[17:44:33] [Server thread/TRACE] [FML]:   Registry: 355 minecraft:bed net.minecraft.item.ItemBed@1e194966
[17:44:33] [Server thread/TRACE] [FML]:   Registry: 356 minecraft:repeater net.minecraft.item.ItemBlockSpecial@160546b1
[17:44:33] [Server thread/TRACE] [FML]:   Registry: 357 minecraft:cookie net.minecraft.item.ItemFood@103e7c7c
[17:44:33] [Server thread/TRACE] [FML]:   Registry: 358 minecraft:filled_map net.minecraft.item.ItemMap@270b8c2a
[17:44:33] [Server thread/TRACE] [FML]:   Registry: 359 minecraft:shears net.minecraft.item.ItemShears@2fea9a7b
[17:44:33] [Server thread/TRACE] [FML]:   Registry: 360 minecraft:melon net.minecraft.item.ItemFood@2aa07d80
[17:44:33] [Server thread/TRACE] [FML]:   Registry: 361 minecraft:pumpkin_seeds net.minecraft.item.ItemSeeds@69c1ea07
[17:44:33] [Server thread/TRACE] [FML]:   Registry: 362 minecraft:melon_seeds net.minecraft.item.ItemSeeds@5cbe72b9
[17:44:33] [Server thread/TRACE] [FML]:   Registry: 363 minecraft:beef net.minecraft.item.ItemFood@27fc0217
[17:44:33] [Server thread/TRACE] [FML]:   Registry: 364 minecraft:cooked_beef net.minecraft.item.ItemFood@e993715
[17:44:33] [Server thread/TRACE] [FML]:   Registry: 365 minecraft:chicken net.minecraft.item.ItemFood@413eaf5d
[17:44:33] [Server thread/TRACE] [FML]:   Registry: 366 minecraft:cooked_chicken net.minecraft.item.ItemFood@3e28af44
[17:44:33] [Server thread/TRACE] [FML]:   Registry: 367 minecraft:rotten_flesh net.minecraft.item.ItemFood@33891646
[17:44:33] [Server thread/TRACE] [FML]:   Registry: 368 minecraft:ender_pearl net.minecraft.item.ItemEnderPearl@40013051
[17:44:33] [Server thread/TRACE] [FML]:   Registry: 369 minecraft:blaze_rod net.minecraft.item.Item@71f29d91
[17:44:33] [Server thread/TRACE] [FML]:   Registry: 370 minecraft:ghast_tear net.minecraft.item.Item@6143b2b1
[17:44:33] [Server thread/TRACE] [FML]:   Registry: 371 minecraft:gold_nugget net.minecraft.item.Item@a63643e
[17:44:33] [Server thread/TRACE] [FML]:   Registry: 372 minecraft:nether_wart net.minecraft.item.ItemSeeds@43294e9b
[17:44:33] [Server thread/TRACE] [FML]:   Registry: 373 minecraft:potion net.minecraft.item.ItemPotion@5a78b52b
[17:44:33] [Server thread/TRACE] [FML]:   Registry: 374 minecraft:glass_bottle net.minecraft.item.ItemGlassBottle@79c1ccf7
[17:44:33] [Server thread/TRACE] [FML]:   Registry: 375 minecraft:spider_eye net.minecraft.item.ItemFood@4654e373
[17:44:33] [Server thread/TRACE] [FML]:   Registry: 376 minecraft:fermented_spider_eye net.minecraft.item.Item@2474df51
[17:44:33] [Server thread/TRACE] [FML]:   Registry: 377 minecraft:blaze_powder net.minecraft.item.Item@2864d34d
[17:44:33] [Server thread/TRACE] [FML]:   Registry: 378 minecraft:magma_cream net.minecraft.item.Item@5fb514c2
[17:44:33] [Server thread/TRACE] [FML]:   Registry: 379 minecraft:brewing_stand net.minecraft.item.ItemBlockSpecial@3e9b3b3c
[17:44:33] [Server thread/TRACE] [FML]:   Registry: 380 minecraft:cauldron net.minecraft.item.ItemBlockSpecial@3c97f5e9
[17:44:33] [Server thread/TRACE] [FML]:   Registry: 381 minecraft:ender_eye net.minecraft.item.ItemEnderEye@294ebe11
[17:44:33] [Server thread/TRACE] [FML]:   Registry: 382 minecraft:speckled_melon net.minecraft.item.Item@4e51eda7
[17:44:33] [Server thread/TRACE] [FML]:   Registry: 383 minecraft:spawn_egg net.minecraft.item.ItemMonsterPlacer@653e7b
[17:44:33] [Server thread/TRACE] [FML]:   Registry: 384 minecraft:experience_bottle net.minecraft.item.ItemExpBottle@6fdc2db6
[17:44:33] [Server thread/TRACE] [FML]:   Registry: 385 minecraft:fire_charge net.minecraft.item.ItemFireball@779b4f9c
[17:44:33] [Server thread/TRACE] [FML]:   Registry: 386 minecraft:writable_book net.minecraft.item.ItemWritableBook@2a531637
[17:44:33] [Server thread/TRACE] [FML]:   Registry: 387 minecraft:written_book net.minecraft.item.ItemWrittenBook@3a8640f7
[17:44:33] [Server thread/TRACE] [FML]:   Registry: 388 minecraft:emerald net.minecraft.item.Item@ca10069
[17:44:33] [Server thread/TRACE] [FML]:   Registry: 389 minecraft:item_frame net.minecraft.item.ItemHangingEntity@45e69324
[17:44:33] [Server thread/TRACE] [FML]:   Registry: 390 minecraft:flower_pot net.minecraft.item.ItemBlockSpecial@3c89b864
[17:44:33] [Server thread/TRACE] [FML]:   Registry: 391 minecraft:carrot net.minecraft.item.ItemSeedFood@2168def
[17:44:33] [Server thread/TRACE] [FML]:   Registry: 392 minecraft:potato net.minecraft.item.ItemSeedFood@3639b04
[17:44:33] [Server thread/TRACE] [FML]:   Registry: 393 minecraft:baked_potato net.minecraft.item.ItemFood@5cb8580
[17:44:33] [Server thread/TRACE] [FML]:   Registry: 394 minecraft:poisonous_potato net.minecraft.item.ItemFood@2ca1e49a
[17:44:33] [Server thread/TRACE] [FML]:   Registry: 395 minecraft:map net.minecraft.item.ItemEmptyMap@163df259
[17:44:33] [Server thread/TRACE] [FML]:   Registry: 396 minecraft:golden_carrot net.minecraft.item.ItemFood@405603b6
[17:44:33] [Server thread/TRACE] [FML]:   Registry: 397 minecraft:skull net.minecraft.item.ItemSkull@5b59c3d
[17:44:33] [Server thread/TRACE] [FML]:   Registry: 398 minecraft:carrot_on_a_stick net.minecraft.item.ItemCarrotOnAStick@1d0b447b
[17:44:33] [Server thread/TRACE] [FML]:   Registry: 399 minecraft:nether_star net.minecraft.item.ItemSimpleFoiled@d978ab9
[17:44:33] [Server thread/TRACE] [FML]:   Registry: 400 minecraft:pumpkin_pie net.minecraft.item.ItemFood@3cf06a01
[17:44:33] [Server thread/TRACE] [FML]:   Registry: 401 minecraft:fireworks net.minecraft.item.ItemFirework@36638b59
[17:44:33] [Server thread/TRACE] [FML]:   Registry: 402 minecraft:firework_charge net.minecraft.item.ItemFireworkCharge@229cb4d8
[17:44:33] [Server thread/TRACE] [FML]:   Registry: 403 minecraft:enchanted_book net.minecraft.item.ItemEnchantedBook@391dfe7c
[17:44:33] [Server thread/TRACE] [FML]:   Registry: 404 minecraft:comparator net.minecraft.item.ItemBlockSpecial@702cfbde
[17:44:33] [Server thread/TRACE] [FML]:   Registry: 405 minecraft:netherbrick net.minecraft.item.Item@7d3bcd3
[17:44:33] [Server thread/TRACE] [FML]:   Registry: 406 minecraft:quartz net.minecraft.item.Item@5dce5c03
[17:44:33] [Server thread/TRACE] [FML]:   Registry: 407 minecraft:tnt_minecart net.minecraft.item.ItemMinecart@b76b7d8
[17:44:33] [Server thread/TRACE] [FML]:   Registry: 408 minecraft:hopper_minecart net.minecraft.item.ItemMinecart@1c135f63
[17:44:33] [Server thread/TRACE] [FML]:   Registry: 409 minecraft:prismarine_shard net.minecraft.item.Item@63c4d16
[17:44:33] [Server thread/TRACE] [FML]:   Registry: 410 minecraft:prismarine_crystals net.minecraft.item.Item@29bd2796
[17:44:33] [Server thread/TRACE] [FML]:   Registry: 411 minecraft:rabbit net.minecraft.item.ItemFood@174b8d0e
[17:44:33] [Server thread/TRACE] [FML]:   Registry: 412 minecraft:cooked_rabbit net.minecraft.item.ItemFood@112530c3
[17:44:33] [Server thread/TRACE] [FML]:   Registry: 413 minecraft:rabbit_stew net.minecraft.item.ItemSoup@75959b0c
[17:44:33] [Server thread/TRACE] [FML]:   Registry: 414 minecraft:rabbit_foot net.minecraft.item.Item@355493bf
[17:44:33] [Server thread/TRACE] [FML]:   Registry: 415 minecraft:rabbit_hide net.minecraft.item.Item@7ebc5be6
[17:44:33] [Server thread/TRACE] [FML]:   Registry: 416 minecraft:armor_stand net.minecraft.item.ItemArmorStand@adc3344
[17:44:33] [Server thread/TRACE] [FML]:   Registry: 417 minecraft:iron_horse_armor net.minecraft.item.Item@484302ee
[17:44:33] [Server thread/TRACE] [FML]:   Registry: 418 minecraft:golden_horse_armor net.minecraft.item.Item@4e647f39
[17:44:33] [Server thread/TRACE] [FML]:   Registry: 419 minecraft:diamond_horse_armor net.minecraft.item.Item@778197c0
[17:44:33] [Server thread/TRACE] [FML]:   Registry: 420 minecraft:lead net.minecraft.item.ItemLead@7538cfe6
[17:44:33] [Server thread/TRACE] [FML]:   Registry: 421 minecraft:name_tag net.minecraft.item.ItemNameTag@598e5cb8
[17:44:33] [Server thread/TRACE] [FML]:   Registry: 422 minecraft:command_block_minecart net.minecraft.item.ItemMinecart@199806aa
[17:44:33] [Server thread/TRACE] [FML]:   Registry: 423 minecraft:mutton net.minecraft.item.ItemFood@300aa927
[17:44:33] [Server thread/TRACE] [FML]:   Registry: 424 minecraft:cooked_mutton net.minecraft.item.ItemFood@fa11fda
[17:44:33] [Server thread/TRACE] [FML]:   Registry: 425 minecraft:banner net.minecraft.item.ItemBanner@34695b23
[17:44:33] [Server thread/TRACE] [FML]:   Registry: 426 minecraft:end_crystal net.minecraft.item.ItemEndCrystal@6c9151c1
[17:44:33] [Server thread/TRACE] [FML]:   Registry: 427 minecraft:spruce_door net.minecraft.item.ItemDoor@2c3679e5
[17:44:33] [Server thread/TRACE] [FML]:   Registry: 428 minecraft:birch_door net.minecraft.item.ItemDoor@41f40dfa
[17:44:33] [Server thread/TRACE] [FML]:   Registry: 429 minecraft:jungle_door net.minecraft.item.ItemDoor@2548fc01
[17:44:33] [Server thread/TRACE] [FML]:   Registry: 430 minecraft:acacia_door net.minecraft.item.ItemDoor@4331be30
[17:44:33] [Server thread/TRACE] [FML]:   Registry: 431 minecraft:dark_oak_door net.minecraft.item.ItemDoor@5cd71ee2
[17:44:33] [Server thread/TRACE] [FML]:   Registry: 432 minecraft:chorus_fruit net.minecraft.item.ItemChorusFruit@224d537d
[17:44:33] [Server thread/TRACE] [FML]:   Registry: 433 minecraft:chorus_fruit_popped net.minecraft.item.Item@450d10cb
[17:44:33] [Server thread/TRACE] [FML]:   Registry: 434 minecraft:beetroot net.minecraft.item.ItemFood@1bd59b82
[17:44:33] [Server thread/TRACE] [FML]:   Registry: 435 minecraft:beetroot_seeds net.minecraft.item.ItemSeeds@6a9df5
[17:44:33] [Server thread/TRACE] [FML]:   Registry: 436 minecraft:beetroot_soup net.minecraft.item.ItemSoup@48f4f03e
[17:44:33] [Server thread/TRACE] [FML]:   Registry: 437 minecraft:dragon_breath net.minecraft.item.Item@65d23aa3
[17:44:33] [Server thread/TRACE] [FML]:   Registry: 438 minecraft:splash_potion net.minecraft.item.ItemSplashPotion@29532e91
[17:44:33] [Server thread/TRACE] [FML]:   Registry: 439 minecraft:spectral_arrow net.minecraft.item.ItemSpectralArrow@19739906
[17:44:33] [Server thread/TRACE] [FML]:   Registry: 440 minecraft:tipped_arrow net.minecraft.item.ItemTippedArrow@470c4229
[17:44:33] [Server thread/TRACE] [FML]:   Registry: 441 minecraft:lingering_potion net.minecraft.item.ItemLingeringPotion@549d14fe
[17:44:33] [Server thread/TRACE] [FML]:   Registry: 442 minecraft:shield net.minecraft.item.ItemShield@2bd2430f
[17:44:33] [Server thread/TRACE] [FML]:   Registry: 443 minecraft:elytra net.minecraft.item.ItemElytra@2a984952
[17:44:33] [Server thread/TRACE] [FML]:   Registry: 444 minecraft:spruce_boat net.minecraft.item.ItemBoat@16944b58
[17:44:33] [Server thread/TRACE] [FML]:   Registry: 445 minecraft:birch_boat net.minecraft.item.ItemBoat@1dbc607d
[17:44:33] [Server thread/TRACE] [FML]:   Registry: 446 minecraft:jungle_boat net.minecraft.item.ItemBoat@62b42406
[17:44:33] [Server thread/TRACE] [FML]:   Registry: 447 minecraft:acacia_boat net.minecraft.item.ItemBoat@a0e33db
[17:44:33] [Server thread/TRACE] [FML]:   Registry: 448 minecraft:dark_oak_boat net.minecraft.item.ItemBoat@3ef46749
[17:44:33] [Server thread/TRACE] [FML]:   Registry: 449 minecraft:totem_of_undying net.minecraft.item.Item@40b54762
[17:44:33] [Server thread/TRACE] [FML]:   Registry: 450 minecraft:shulker_shell net.minecraft.item.Item@362cf66
[17:44:33] [Server thread/TRACE] [FML]:   Registry: 452 minecraft:iron_nugget net.minecraft.item.Item@7809b43a
[17:44:33] [Server thread/TRACE] [FML]:   Registry: 453 minecraft:knowledge_book net.minecraft.item.ItemKnowledgeBook@181098bf
[17:44:33] [Server thread/TRACE] [FML]:   Registry: 2256 minecraft:record_13 net.minecraft.item.ItemRecord@1d2d4d7a
[17:44:33] [Server thread/TRACE] [FML]:   Registry: 2257 minecraft:record_cat net.minecraft.item.ItemRecord@5e020dd1
[17:44:33] [Server thread/TRACE] [FML]:   Registry: 2258 minecraft:record_blocks net.minecraft.item.ItemRecord@4bbc02ef
[17:44:33] [Server thread/TRACE] [FML]:   Registry: 2259 minecraft:record_chirp net.minecraft.item.ItemRecord@f0c1ae1
[17:44:33] [Server thread/TRACE] [FML]:   Registry: 2260 minecraft:record_far net.minecraft.item.ItemRecord@783dc0e7
[17:44:33] [Server thread/TRACE] [FML]:   Registry: 2261 minecraft:record_mall net.minecraft.item.ItemRecord@361f26b4
[17:44:33] [Server thread/TRACE] [FML]:   Registry: 2262 minecraft:record_mellohi net.minecraft.item.ItemRecord@1d9ff1e2
[17:44:33] [Server thread/TRACE] [FML]:   Registry: 2263 minecraft:record_stal net.minecraft.item.ItemRecord@722b3ba2
[17:44:33] [Server thread/TRACE] [FML]:   Registry: 2264 minecraft:record_strad net.minecraft.item.ItemRecord@6487f7f8
[17:44:33] [Server thread/TRACE] [FML]:   Registry: 2265 minecraft:record_ward net.minecraft.item.ItemRecord@2b62475a
[17:44:33] [Server thread/TRACE] [FML]:   Registry: 2266 minecraft:record_11 net.minecraft.item.ItemRecord@4990b335
[17:44:33] [Server thread/TRACE] [FML]:   Registry: 2267 minecraft:record_wait net.minecraft.item.ItemRecord@624d778e
[17:44:33] [Server thread/TRACE] [FML]:   Registry: 4096 appliedenergistics2:quartz_ore appeng.block.AEBaseItemBlock@4946dd4e
[17:44:33] [Server thread/TRACE] [FML]:   Registry: 4097 appliedenergistics2:charged_quartz_ore appeng.block.AEBaseItemBlock@230e2893
[17:44:33] [Server thread/TRACE] [FML]:   Registry: 4098 appliedenergistics2:matrix_frame appeng.block.AEBaseItemBlock@59f57462
[17:44:33] [Server thread/TRACE] [FML]:   Registry: 4099 appliedenergistics2:quartz_block appeng.block.AEBaseItemBlock@121a1a75
[17:44:33] [Server thread/TRACE] [FML]:   Registry: 4100 appliedenergistics2:quartz_pillar appeng.block.AEBaseItemBlock@6dc909d5
[17:44:33] [Server thread/TRACE] [FML]:   Registry: 4101 appliedenergistics2:chiseled_quartz_block appeng.block.AEBaseItemBlock@3f51ee4f
[17:44:33] [Server thread/TRACE] [FML]:   Registry: 4102 appliedenergistics2:quartz_glass appeng.block.AEBaseItemBlock@4d75dba3
[17:44:33] [Server thread/TRACE] [FML]:   Registry: 4103 appliedenergistics2:quartz_vibrant_glass appeng.block.AEBaseItemBlock@ffea9ca
[17:44:33] [Server thread/TRACE] [FML]:   Registry: 4104 appliedenergistics2:quartz_fixture appeng.block.AEBaseItemBlock@2adc8e41
[17:44:33] [Server thread/TRACE] [FML]:   Registry: 4105 appliedenergistics2:fluix_block appeng.block.AEBaseItemBlock@1a4f2ec3
[17:44:33] [Server thread/TRACE] [FML]:   Registry: 4106 appliedenergistics2:sky_stone_block appeng.block.AEBaseItemBlock@790446ea
[17:44:33] [Server thread/TRACE] [FML]:   Registry: 4107 appliedenergistics2:smooth_sky_stone_block appeng.block.AEBaseItemBlock@34e10f9
[17:44:33] [Server thread/TRACE] [FML]:   Registry: 4108 appliedenergistics2:sky_stone_brick appeng.block.AEBaseItemBlock@4dae3857
[17:44:33] [Server thread/TRACE] [FML]:   Registry: 4109 appliedenergistics2:sky_stone_small_brick appeng.block.AEBaseItemBlock@2ef43e17
[17:44:33] [Server thread/TRACE] [FML]:   Registry: 4110 appliedenergistics2:sky_stone_chest appeng.block.AEBaseItemBlock@751c1e35
[17:44:33] [Server thread/TRACE] [FML]:   Registry: 4111 appliedenergistics2:smooth_sky_stone_chest appeng.block.AEBaseItemBlock@6a611b7
[17:44:33] [Server thread/TRACE] [FML]:   Registry: 4112 appliedenergistics2:sky_compass appeng.block.AEBaseItemBlock@3af6edb4
[17:44:33] [Server thread/TRACE] [FML]:   Registry: 4113 appliedenergistics2:grindstone appeng.block.AEBaseItemBlock@357d787b
[17:44:33] [Server thread/TRACE] [FML]:   Registry: 4114 appliedenergistics2:crank appeng.block.AEBaseItemBlock@20852557
[17:44:33] [Server thread/TRACE] [FML]:   Registry: 4115 appliedenergistics2:inscriber appeng.block.AEBaseItemBlock@1618a359
[17:44:33] [Server thread/TRACE] [FML]:   Registry: 4116 appliedenergistics2:wireless_access_point appeng.block.AEBaseItemBlock@1b8e6763
[17:44:33] [Server thread/TRACE] [FML]:   Registry: 4117 appliedenergistics2:charger appeng.block.AEBaseItemBlock@45ee6ac9
[17:44:33] [Server thread/TRACE] [FML]:   Registry: 4118 appliedenergistics2:tiny_tnt appeng.block.AEBaseItemBlock@34bd5a51
[17:44:33] [Server thread/TRACE] [FML]:   Registry: 4119 appliedenergistics2:security_station appeng.block.AEBaseItemBlock@4c4850be
[17:44:33] [Server thread/TRACE] [FML]:   Registry: 4120 appliedenergistics2:quantum_ring appeng.block.AEBaseItemBlock@1f193005
[17:44:33] [Server thread/TRACE] [FML]:   Registry: 4121 appliedenergistics2:quantum_link appeng.block.AEBaseItemBlock@7744f9fa
[17:44:33] [Server thread/TRACE] [FML]:   Registry: 4122 appliedenergistics2:spatial_pylon appeng.block.AEBaseItemBlock@41ca7df9
[17:44:33] [Server thread/TRACE] [FML]:   Registry: 4123 appliedenergistics2:spatial_io_port appeng.block.AEBaseItemBlock@4f0908de
[17:44:33] [Server thread/TRACE] [FML]:   Registry: 4124 appliedenergistics2:controller appeng.block.AEBaseItemBlock@19469022
[17:44:33] [Server thread/TRACE] [FML]:   Registry: 4125 appliedenergistics2:drive appeng.block.AEBaseItemBlock@491d31d9
[17:44:33] [Server thread/TRACE] [FML]:   Registry: 4126 appliedenergistics2:chest appeng.block.AEBaseItemBlock@5baab8b6
[17:44:33] [Server thread/TRACE] [FML]:   Registry: 4127 appliedenergistics2:interface appeng.block.AEBaseItemBlock@5c6204e5
[17:44:33] [Server thread/TRACE] [FML]:   Registry: 4128 appliedenergistics2:fluid_interface appeng.block.AEBaseItemBlock@718858cb
[17:44:33] [Server thread/TRACE] [FML]:   Registry: 4129 appliedenergistics2:cell_workbench appeng.block.AEBaseItemBlock@513b2cda
[17:44:33] [Server thread/TRACE] [FML]:   Registry: 4130 appliedenergistics2:io_port appeng.block.AEBaseItemBlock@5f5a5143
[17:44:33] [Server thread/TRACE] [FML]:   Registry: 4131 appliedenergistics2:condenser appeng.block.AEBaseItemBlock@13d32361
[17:44:33] [Server thread/TRACE] [FML]:   Registry: 4132 appliedenergistics2:energy_acceptor appeng.block.AEBaseItemBlock@202e6fd0
[17:44:33] [Server thread/TRACE] [FML]:   Registry: 4133 appliedenergistics2:vibration_chamber appeng.block.AEBaseItemBlock@287bdaf3
[17:44:33] [Server thread/TRACE] [FML]:   Registry: 4134 appliedenergistics2:quartz_growth_accelerator appeng.block.AEBaseItemBlock@25a656f6
[17:44:33] [Server thread/TRACE] [FML]:   Registry: 4135 appliedenergistics2:energy_cell appeng.block.AEBaseItemBlockChargeable@2fe4a108
[17:44:33] [Server thread/TRACE] [FML]:   Registry: 4136 appliedenergistics2:dense_energy_cell appeng.block.AEBaseItemBlockChargeable@7c671bcb
[17:44:33] [Server thread/TRACE] [FML]:   Registry: 4137 appliedenergistics2:creative_energy_cell appeng.block.AEBaseItemBlock@abdeaf6
[17:44:33] [Server thread/TRACE] [FML]:   Registry: 4138 appliedenergistics2:crafting_unit appeng.block.AEBaseItemBlock@1d3b0cb1
[17:44:33] [Server thread/TRACE] [FML]:   Registry: 4139 appliedenergistics2:crafting_accelerator appeng.block.AEBaseItemBlock@17dd02ff
[17:44:33] [Server thread/TRACE] [FML]:   Registry: 4140 appliedenergistics2:crafting_storage_1k appeng.block.crafting.ItemCraftingStorage@53a0fa8c
[17:44:33] [Server thread/TRACE] [FML]:   Registry: 4141 appliedenergistics2:crafting_storage_4k appeng.block.crafting.ItemCraftingStorage@362f5054
[17:44:33] [Server thread/TRACE] [FML]:   Registry: 4142 appliedenergistics2:crafting_storage_16k appeng.block.crafting.ItemCraftingStorage@73b49ca4
[17:44:33] [Server thread/TRACE] [FML]:   Registry: 4143 appliedenergistics2:crafting_storage_64k appeng.block.crafting.ItemCraftingStorage@c81a2d7
[17:44:33] [Server thread/TRACE] [FML]:   Registry: 4144 appliedenergistics2:crafting_monitor appeng.block.AEBaseItemBlock@58215d51
[17:44:33] [Server thread/TRACE] [FML]:   Registry: 4145 appliedenergistics2:molecular_assembler appeng.block.AEBaseItemBlock@14400bf1
[17:44:33] [Server thread/TRACE] [FML]:   Registry: 4146 appliedenergistics2:light_detector appeng.block.AEBaseItemBlock@43c6f461
[17:44:33] [Server thread/TRACE] [FML]:   Registry: 4147 appliedenergistics2:paint appeng.block.AEBaseItemBlock@42d071d4
[17:44:33] [Server thread/TRACE] [FML]:   Registry: 4148 appliedenergistics2:sky_stone_stairs net.minecraft.item.ItemBlock@1049770a
[17:44:33] [Server thread/TRACE] [FML]:   Registry: 4149 appliedenergistics2:smooth_sky_stone_stairs net.minecraft.item.ItemBlock@4c2f971
[17:44:33] [Server thread/TRACE] [FML]:   Registry: 4150 appliedenergistics2:sky_stone_brick_stairs net.minecraft.item.ItemBlock@70d36074
[17:44:33] [Server thread/TRACE] [FML]:   Registry: 4151 appliedenergistics2:sky_stone_small_brick_stairs net.minecraft.item.ItemBlock@31cce16b
[17:44:33] [Server thread/TRACE] [FML]:   Registry: 4152 appliedenergistics2:fluix_stairs net.minecraft.item.ItemBlock@6ae6317f
[17:44:33] [Server thread/TRACE] [FML]:   Registry: 4153 appliedenergistics2:quartz_stairs net.minecraft.item.ItemBlock@79fc5423
[17:44:33] [Server thread/TRACE] [FML]:   Registry: 4154 appliedenergistics2:chiseled_quartz_stairs net.minecraft.item.ItemBlock@12c75ba8
[17:44:33] [Server thread/TRACE] [FML]:   Registry: 4155 appliedenergistics2:quartz_pillar_stairs net.minecraft.item.ItemBlock@44562722
[17:44:33] [Server thread/TRACE] [FML]:   Registry: 4156 appliedenergistics2:cable_bus appeng.block.AEBaseItemBlock@1fe08b1e
[17:44:33] [Server thread/TRACE] [FML]:   Registry: 4157 appliedenergistics2:sky_stone_slab net.minecraft.item.ItemSlab@4a6898d
[17:44:33] [Server thread/TRACE] [FML]:   Registry: 4158 appliedenergistics2:smooth_sky_stone_slab net.minecraft.item.ItemSlab@2c9498aa
[17:44:33] [Server thread/TRACE] [FML]:   Registry: 4159 appliedenergistics2:sky_stone_brick_slab net.minecraft.item.ItemSlab@590ed52d
[17:44:33] [Server thread/TRACE] [FML]:   Registry: 4160 appliedenergistics2:sky_stone_small_brick_slab net.minecraft.item.ItemSlab@422d1d69
[17:44:33] [Server thread/TRACE] [FML]:   Registry: 4161 appliedenergistics2:fluix_slab net.minecraft.item.ItemSlab@72770e40
[17:44:33] [Server thread/TRACE] [FML]:   Registry: 4162 appliedenergistics2:quartz_slab net.minecraft.item.ItemSlab@7a2e996c
[17:44:33] [Server thread/TRACE] [FML]:   Registry: 4163 appliedenergistics2:chiseled_quartz_slab net.minecraft.item.ItemSlab@55a68cb9
[17:44:33] [Server thread/TRACE] [FML]:   Registry: 4164 appliedenergistics2:quartz_pillar_slab net.minecraft.item.ItemSlab@7fca1531
[17:44:33] [Server thread/TRACE] [FML]:   Registry: 4165 appliedenergistics2:certus_quartz_axe appeng.items.tools.quartz.ToolQuartzAxe@35050186
[17:44:33] [Server thread/TRACE] [FML]:   Registry: 4166 appliedenergistics2:certus_quartz_hoe appeng.items.tools.quartz.ToolQuartzHoe@3bee1bb3
[17:44:33] [Server thread/TRACE] [FML]:   Registry: 4167 appliedenergistics2:certus_quartz_spade appeng.items.tools.quartz.ToolQuartzSpade@5a4c9b33
[17:44:33] [Server thread/TRACE] [FML]:   Registry: 4168 appliedenergistics2:certus_quartz_pickaxe appeng.items.tools.quartz.ToolQuartzPickaxe@75806ed6
[17:44:33] [Server thread/TRACE] [FML]:   Registry: 4169 appliedenergistics2:certus_quartz_sword appeng.items.tools.quartz.ToolQuartzSword@689448d1
[17:44:33] [Server thread/TRACE] [FML]:   Registry: 4170 appliedenergistics2:certus_quartz_wrench ToolQuartzWrench[certus_quartz_wrench]
[17:44:33] [Server thread/TRACE] [FML]:   Registry: 4171 appliedenergistics2:certus_quartz_cutting_knife ToolQuartzCuttingKnife[certus_quartz_cutting_knife]
[17:44:33] [Server thread/TRACE] [FML]:   Registry: 4172 appliedenergistics2:nether_quartz_axe appeng.items.tools.quartz.ToolQuartzAxe@6b475c1e
[17:44:33] [Server thread/TRACE] [FML]:   Registry: 4173 appliedenergistics2:nether_quartz_hoe appeng.items.tools.quartz.ToolQuartzHoe@21df4367
[17:44:33] [Server thread/TRACE] [FML]:   Registry: 4174 appliedenergistics2:nether_quartz_spade appeng.items.tools.quartz.ToolQuartzSpade@65d8f9d2
[17:44:33] [Server thread/TRACE] [FML]:   Registry: 4175 appliedenergistics2:nether_quartz_pickaxe appeng.items.tools.quartz.ToolQuartzPickaxe@43040840
[17:44:33] [Server thread/TRACE] [FML]:   Registry: 4176 appliedenergistics2:nether_quartz_sword appeng.items.tools.quartz.ToolQuartzSword@12f20b92
[17:44:33] [Server thread/TRACE] [FML]:   Registry: 4177 appliedenergistics2:nether_quartz_wrench ToolQuartzWrench[nether_quartz_wrench]
[17:44:33] [Server thread/TRACE] [FML]:   Registry: 4178 appliedenergistics2:nether_quartz_cutting_knife ToolQuartzCuttingKnife[nether_quartz_cutting_knife]
[17:44:33] [Server thread/TRACE] [FML]:   Registry: 4179 appliedenergistics2:entropy_manipulator ToolEntropyManipulator[entropy_manipulator]
[17:44:33] [Server thread/TRACE] [FML]:   Registry: 4180 appliedenergistics2:wireless_terminal ToolWirelessTerminal[wireless_terminal]
[17:44:33] [Server thread/TRACE] [FML]:   Registry: 4181 appliedenergistics2:wireless_crafting_terminal ToolWirelessCraftingTerminal[wireless_crafting_terminal]
[17:44:33] [Server thread/TRACE] [FML]:   Registry: 4182 appliedenergistics2:wireless_pattern_terminal ToolWirelessPatternTerminal[wireless_pattern_terminal]
[17:44:33] [Server thread/TRACE] [FML]:   Registry: 4183 appliedenergistics2:wireless_fluid_terminal ToolWirelessFluidTerminal[wireless_fluid_terminal]
[17:44:33] [Server thread/TRACE] [FML]:   Registry: 4184 appliedenergistics2:wireless_interface_terminal ToolWirelessInterfaceTerminal[wireless_interface_terminal]
[17:44:33] [Server thread/TRACE] [FML]:   Registry: 4185 appliedenergistics2:charged_staff ToolChargedStaff[charged_staff]
[17:44:33] [Server thread/TRACE] [FML]:   Registry: 4186 appliedenergistics2:matter_cannon ToolMatterCannon[matter_cannon]
[17:44:33] [Server thread/TRACE] [FML]:   Registry: 4187 appliedenergistics2:portable_cell ToolPortableCell[portable_cell]
[17:44:33] [Server thread/TRACE] [FML]:   Registry: 4188 appliedenergistics2:color_applicator ToolColorApplicator[color_applicator]
[17:44:33] [Server thread/TRACE] [FML]:   Registry: 4189 appliedenergistics2:biometric_card ToolBiometricCard[biometric_card]
[17:44:33] [Server thread/TRACE] [FML]:   Registry: 4190 appliedenergistics2:memory_card ToolMemoryCard[memory_card]
[17:44:33] [Server thread/TRACE] [FML]:   Registry: 4191 appliedenergistics2:network_tool ToolNetworkTool[network_tool]
[17:44:33] [Server thread/TRACE] [FML]:   Registry: 4192 appliedenergistics2:creative_storage_cell ItemCreativeStorageCell[creative_storage_cell]
[17:44:33] [Server thread/TRACE] [FML]:   Registry: 4193 appliedenergistics2:view_cell ItemViewCell[view_cell]
[17:44:33] [Server thread/TRACE] [FML]:   Registry: 4194 appliedenergistics2:storage_cell_1k BasicItemStorageCell[storage_cell_1k]
[17:44:33] [Server thread/TRACE] [FML]:   Registry: 4195 appliedenergistics2:storage_cell_4k BasicItemStorageCell[storage_cell_4k]
[17:44:33] [Server thread/TRACE] [FML]:   Registry: 4196 appliedenergistics2:storage_cell_16k BasicItemStorageCell[storage_cell_16k]
[17:44:33] [Server thread/TRACE] [FML]:   Registry: 4197 appliedenergistics2:storage_cell_64k BasicItemStorageCell[storage_cell_64k]
[17:44:33] [Server thread/TRACE] [FML]:   Registry: 4198 appliedenergistics2:fluid_storage_cell_1k BasicFluidStorageCell[fluid_storage_cell_1k]
[17:44:33] [Server thread/TRACE] [FML]:   Registry: 4199 appliedenergistics2:fluid_storage_cell_4k BasicFluidStorageCell[fluid_storage_cell_4k]
[17:44:33] [Server thread/TRACE] [FML]:   Registry: 4200 appliedenergistics2:fluid_storage_cell_16k BasicFluidStorageCell[fluid_storage_cell_16k]
[17:44:33] [Server thread/TRACE] [FML]:   Registry: 4201 appliedenergistics2:fluid_storage_cell_64k BasicFluidStorageCell[fluid_storage_cell_64k]
[17:44:33] [Server thread/TRACE] [FML]:   Registry: 4202 appliedenergistics2:spatial_storage_cell_2_cubed ItemSpatialStorageCell[spatial_storage_cell_2_cubed]
[17:44:33] [Server thread/TRACE] [FML]:   Registry: 4203 appliedenergistics2:spatial_storage_cell_16_cubed ItemSpatialStorageCell[spatial_storage_cell_16_cubed]
[17:44:33] [Server thread/TRACE] [FML]:   Registry: 4204 appliedenergistics2:spatial_storage_cell_128_cubed ItemSpatialStorageCell[spatial_storage_cell_128_cubed]
[17:44:33] [Server thread/TRACE] [FML]:   Registry: 4205 appliedenergistics2:facade ItemFacade[facade]
[17:44:33] [Server thread/TRACE] [FML]:   Registry: 4206 appliedenergistics2:crystal_seed ItemCrystalSeed[crystal_seed]
[17:44:33] [Server thread/TRACE] [FML]:   Registry: 4207 appliedenergistics2:encoded_pattern ItemEncodedPattern[encoded_pattern]
[17:44:33] [Server thread/TRACE] [FML]:   Registry: 4208 appliedenergistics2:paint_ball ItemPaintBall[paint_ball]
[17:44:33] [Server thread/TRACE] [FML]:   Registry: 4209 appliedenergistics2:dummy_fluid_item FluidDummyItem[dummy_fluid_item]
[17:44:33] [Server thread/TRACE] [FML]:   Registry: 4210 appliedenergistics2:material ItemMaterial[material]
[17:44:33] [Server thread/TRACE] [FML]:   Registry: 4211 appliedenergistics2:part ItemPart[part]
[17:44:33] [Server thread/TRACE] [FML]: Registry Name : minecraft:potions
[17:44:33] [Server thread/TRACE] [FML]:   Registry: 1 minecraft:speed net.minecraft.potion.Potion@6d9428f3
[17:44:33] [Server thread/TRACE] [FML]:   Registry: 2 minecraft:slowness net.minecraft.potion.Potion@4ac19bc6
[17:44:33] [Server thread/TRACE] [FML]:   Registry: 3 minecraft:haste net.minecraft.potion.Potion@2a075e70
[17:44:33] [Server thread/TRACE] [FML]:   Registry: 4 minecraft:mining_fatigue net.minecraft.potion.Potion@492c9892
[17:44:33] [Server thread/TRACE] [FML]:   Registry: 5 minecraft:strength net.minecraft.potion.PotionAttackDamage@6475e778
[17:44:33] [Server thread/TRACE] [FML]:   Registry: 6 minecraft:instant_health net.minecraft.potion.PotionHealth@356fa0d1
[17:44:33] [Server thread/TRACE] [FML]:   Registry: 7 minecraft:instant_damage net.minecraft.potion.PotionHealth@51508029
[17:44:33] [Server thread/TRACE] [FML]:   Registry: 8 minecraft:jump_boost net.minecraft.potion.Potion@5f20b6fe
[17:44:33] [Server thread/TRACE] [FML]:   Registry: 9 minecraft:nausea net.minecraft.potion.Potion@31880efa
[17:44:33] [Server thread/TRACE] [FML]:   Registry: 10 minecraft:regeneration net.minecraft.potion.Potion@79295932
[17:44:33] [Server thread/TRACE] [FML]:   Registry: 11 minecraft:resistance net.minecraft.potion.Potion@2cadcff6
[17:44:33] [Server thread/TRACE] [FML]:   Registry: 12 minecraft:fire_resistance net.minecraft.potion.Potion@76e00bdb
[17:44:33] [Server thread/TRACE] [FML]:   Registry: 13 minecraft:water_breathing net.minecraft.potion.Potion@7ee2423
[17:44:33] [Server thread/TRACE] [FML]:   Registry: 14 minecraft:invisibility net.minecraft.potion.Potion@343d1d25
[17:44:33] [Server thread/TRACE] [FML]:   Registry: 15 minecraft:blindness net.minecraft.potion.Potion@762da62b
[17:44:33] [Server thread/TRACE] [FML]:   Registry: 16 minecraft:night_vision net.minecraft.potion.Potion@e5c5e6
[17:44:33] [Server thread/TRACE] [FML]:   Registry: 17 minecraft:hunger net.minecraft.potion.Potion@76dc36e5
[17:44:33] [Server thread/TRACE] [FML]:   Registry: 18 minecraft:weakness net.minecraft.potion.PotionAttackDamage@2a54c92e
[17:44:33] [Server thread/TRACE] [FML]:   Registry: 19 minecraft:poison net.minecraft.potion.Potion@31533eb1
[17:44:33] [Server thread/TRACE] [FML]:   Registry: 20 minecraft:wither net.minecraft.potion.Potion@1fb71788
[17:44:33] [Server thread/TRACE] [FML]:   Registry: 21 minecraft:health_boost net.minecraft.potion.PotionHealthBoost@58ec8271
[17:44:33] [Server thread/TRACE] [FML]:   Registry: 22 minecraft:absorption net.minecraft.potion.PotionAbsorption@5eb2972f
[17:44:33] [Server thread/TRACE] [FML]:   Registry: 23 minecraft:saturation net.minecraft.potion.PotionHealth@29699283
[17:44:33] [Server thread/TRACE] [FML]:   Registry: 24 minecraft:glowing net.minecraft.potion.Potion@5d32c1c7
[17:44:33] [Server thread/TRACE] [FML]:   Registry: 25 minecraft:levitation net.minecraft.potion.Potion@a6dffdb
[17:44:33] [Server thread/TRACE] [FML]:   Registry: 26 minecraft:luck net.minecraft.potion.Potion@40ac0a56
[17:44:33] [Server thread/TRACE] [FML]:   Registry: 27 minecraft:unluck net.minecraft.potion.Potion@25b4754a
[17:44:33] [Server thread/TRACE] [FML]: Registry Name : minecraft:biomes
[17:44:33] [Server thread/TRACE] [FML]:   Registry: 0 minecraft:ocean net.minecraft.world.biome.BiomeOcean@3dee3a6c
[17:44:33] [Server thread/TRACE] [FML]:   Registry: 1 minecraft:plains net.minecraft.world.biome.BiomePlains@6109d880
[17:44:33] [Server thread/TRACE] [FML]:   Registry: 2 minecraft:desert net.minecraft.world.biome.BiomeDesert@6f976c
[17:44:33] [Server thread/TRACE] [FML]:   Registry: 3 minecraft:extreme_hills net.minecraft.world.biome.BiomeHills@14fff5e7
[17:44:33] [Server thread/TRACE] [FML]:   Registry: 4 minecraft:forest net.minecraft.world.biome.BiomeForest@8f09a02
[17:44:33] [Server thread/TRACE] [FML]:   Registry: 5 minecraft:taiga net.minecraft.world.biome.BiomeTaiga@6942ee48
[17:44:33] [Server thread/TRACE] [FML]:   Registry: 6 minecraft:swampland net.minecraft.world.biome.BiomeSwamp@6abd8bcd
[17:44:33] [Server thread/TRACE] [FML]:   Registry: 7 minecraft:river net.minecraft.world.biome.BiomeRiver@79424f25
[17:44:33] [Server thread/TRACE] [FML]:   Registry: 8 minecraft:hell net.minecraft.world.biome.BiomeHell@2b1a1a37
[17:44:33] [Server thread/TRACE] [FML]:   Registry: 9 minecraft:sky net.minecraft.world.biome.BiomeEnd@7131d668
[17:44:33] [Server thread/TRACE] [FML]:   Registry: 10 minecraft:frozen_ocean net.minecraft.world.biome.BiomeOcean@46a97805
[17:44:33] [Server thread/TRACE] [FML]:   Registry: 11 minecraft:frozen_river net.minecraft.world.biome.BiomeRiver@667dd150
[17:44:33] [Server thread/TRACE] [FML]:   Registry: 12 minecraft:ice_flats net.minecraft.world.biome.BiomeSnow@1293f8d7
[17:44:33] [Server thread/TRACE] [FML]:   Registry: 13 minecraft:ice_mountains net.minecraft.world.biome.BiomeSnow@58e5fbe5
[17:44:33] [Server thread/TRACE] [FML]:   Registry: 14 minecraft:mushroom_island net.minecraft.world.biome.BiomeMushroomIsland@6b33892a
[17:44:33] [Server thread/TRACE] [FML]:   Registry: 15 minecraft:mushroom_island_shore net.minecraft.world.biome.BiomeMushroomIsland@666b91db
[17:44:33] [Server thread/TRACE] [FML]:   Registry: 16 minecraft:beaches net.minecraft.world.biome.BiomeBeach@663cf5d7
[17:44:33] [Server thread/TRACE] [FML]:   Registry: 17 minecraft:desert_hills net.minecraft.world.biome.BiomeDesert@11b14ae3
[17:44:33] [Server thread/TRACE] [FML]:   Registry: 18 minecraft:forest_hills net.minecraft.world.biome.BiomeForest@2b6ee447
[17:44:33] [Server thread/TRACE] [FML]:   Registry: 19 minecraft:taiga_hills net.minecraft.world.biome.BiomeTaiga@9cb927e
[17:44:33] [Server thread/TRACE] [FML]:   Registry: 20 minecraft:smaller_extreme_hills net.minecraft.world.biome.BiomeHills@8585cdd
[17:44:33] [Server thread/TRACE] [FML]:   Registry: 21 minecraft:jungle net.minecraft.world.biome.BiomeJungle@6c9e74f3
[17:44:33] [Server thread/TRACE] [FML]:   Registry: 22 minecraft:jungle_hills net.minecraft.world.biome.BiomeJungle@813ab53
[17:44:33] [Server thread/TRACE] [FML]:   Registry: 23 minecraft:jungle_edge net.minecraft.world.biome.BiomeJungle@5030997b
[17:44:33] [Server thread/TRACE] [FML]:   Registry: 24 minecraft:deep_ocean net.minecraft.world.biome.BiomeOcean@62c47480
[17:44:33] [Server thread/TRACE] [FML]:   Registry: 25 minecraft:stone_beach net.minecraft.world.biome.BiomeStoneBeach@683ed81b
[17:44:33] [Server thread/TRACE] [FML]:   Registry: 26 minecraft:cold_beach net.minecraft.world.biome.BiomeBeach@3c116f26
[17:44:33] [Server thread/TRACE] [FML]:   Registry: 27 minecraft:birch_forest net.minecraft.world.biome.BiomeForest@7db06c50
[17:44:33] [Server thread/TRACE] [FML]:   Registry: 28 minecraft:birch_forest_hills net.minecraft.world.biome.BiomeForest@1554eaa4
[17:44:33] [Server thread/TRACE] [FML]:   Registry: 29 minecraft:roofed_forest net.minecraft.world.biome.BiomeForest@b340615
[17:44:33] [Server thread/TRACE] [FML]:   Registry: 30 minecraft:taiga_cold net.minecraft.world.biome.BiomeTaiga@3c6b300a
[17:44:33] [Server thread/TRACE] [FML]:   Registry: 31 minecraft:taiga_cold_hills net.minecraft.world.biome.BiomeTaiga@4247093b
[17:44:33] [Server thread/TRACE] [FML]:   Registry: 32 minecraft:redwood_taiga net.minecraft.world.biome.BiomeTaiga@7074da1d
[17:44:33] [Server thread/TRACE] [FML]:   Registry: 33 minecraft:redwood_taiga_hills net.minecraft.world.biome.BiomeTaiga@5bdb6ea8
[17:44:33] [Server thread/TRACE] [FML]:   Registry: 34 minecraft:extreme_hills_with_trees net.minecraft.world.biome.BiomeHills@3e55eeb9
[17:44:33] [Server thread/TRACE] [FML]:   Registry: 35 minecraft:savanna net.minecraft.world.biome.BiomeSavanna@1253b822
[17:44:33] [Server thread/TRACE] [FML]:   Registry: 36 minecraft:savanna_rock net.minecraft.world.biome.BiomeSavanna@127d2aee
[17:44:33] [Server thread/TRACE] [FML]:   Registry: 37 minecraft:mesa net.minecraft.world.biome.BiomeMesa@5807ea46
[17:44:33] [Server thread/TRACE] [FML]:   Registry: 38 minecraft:mesa_rock net.minecraft.world.biome.BiomeMesa@305289b3
[17:44:33] [Server thread/TRACE] [FML]:   Registry: 39 minecraft:mesa_clear_rock net.minecraft.world.biome.BiomeMesa@3ee68377
[17:44:33] [Server thread/TRACE] [FML]:   Registry: 40 appliedenergistics2:storage_biome appeng.spatial.BiomeGenStorage@2d252298
[17:44:33] [Server thread/TRACE] [FML]:   Registry: 127 minecraft:void net.minecraft.world.biome.BiomeVoid@776d8097
[17:44:33] [Server thread/TRACE] [FML]:   Registry: 129 minecraft:mutated_plains net.minecraft.world.biome.BiomePlains@7a34505a
[17:44:33] [Server thread/TRACE] [FML]:   Registry: 130 minecraft:mutated_desert net.minecraft.world.biome.BiomeDesert@b787274
[17:44:33] [Server thread/TRACE] [FML]:   Registry: 131 minecraft:mutated_extreme_hills net.minecraft.world.biome.BiomeHills@4ec616d6
[17:44:33] [Server thread/TRACE] [FML]:   Registry: 132 minecraft:mutated_forest net.minecraft.world.biome.BiomeForest@55b45ea1
[17:44:33] [Server thread/TRACE] [FML]:   Registry: 133 minecraft:mutated_taiga net.minecraft.world.biome.BiomeTaiga@d5a72cd
[17:44:33] [Server thread/TRACE] [FML]:   Registry: 134 minecraft:mutated_swampland net.minecraft.world.biome.BiomeSwamp@45f95ac0
[17:44:33] [Server thread/TRACE] [FML]:   Registry: 140 minecraft:mutated_ice_flats net.minecraft.world.biome.BiomeSnow@3b77940f
[17:44:33] [Server thread/TRACE] [FML]:   Registry: 149 minecraft:mutated_jungle net.minecraft.world.biome.BiomeJungle@4c418496
[17:44:33] [Server thread/TRACE] [FML]:   Registry: 151 minecraft:mutated_jungle_edge net.minecraft.world.biome.BiomeJungle@12d35bc9
[17:44:33] [Server thread/TRACE] [FML]:   Registry: 155 minecraft:mutated_birch_forest net.minecraft.world.biome.BiomeForestMutated@1aa31454
[17:44:33] [Server thread/TRACE] [FML]:   Registry: 156 minecraft:mutated_birch_forest_hills net.minecraft.world.biome.BiomeForestMutated@5a8656a2
[17:44:33] [Server thread/TRACE] [FML]:   Registry: 157 minecraft:mutated_roofed_forest net.minecraft.world.biome.BiomeForest@52035328
[17:44:33] [Server thread/TRACE] [FML]:   Registry: 158 minecraft:mutated_taiga_cold net.minecraft.world.biome.BiomeTaiga@5614ae05
[17:44:33] [Server thread/TRACE] [FML]:   Registry: 160 minecraft:mutated_redwood_taiga net.minecraft.world.biome.BiomeTaiga@54970127
[17:44:33] [Server thread/TRACE] [FML]:   Registry: 161 minecraft:mutated_redwood_taiga_hills net.minecraft.world.biome.BiomeTaiga@3c4c7e51
[17:44:33] [Server thread/TRACE] [FML]:   Registry: 162 minecraft:mutated_extreme_hills_with_trees net.minecraft.world.biome.BiomeHills@749ee0e3
[17:44:33] [Server thread/TRACE] [FML]:   Registry: 163 minecraft:mutated_savanna net.minecraft.world.biome.BiomeSavannaMutated@6bfbab1c
[17:44:33] [Server thread/TRACE] [FML]:   Registry: 164 minecraft:mutated_savanna_rock net.minecraft.world.biome.BiomeSavannaMutated@349aeec4
[17:44:33] [Server thread/TRACE] [FML]:   Registry: 165 minecraft:mutated_mesa net.minecraft.world.biome.BiomeMesa@3700994c
[17:44:33] [Server thread/TRACE] [FML]:   Registry: 166 minecraft:mutated_mesa_rock net.minecraft.world.biome.BiomeMesa@78a165db
[17:44:33] [Server thread/TRACE] [FML]:   Registry: 167 minecraft:mutated_mesa_clear_rock net.minecraft.world.biome.BiomeMesa@4eb48298
[17:44:33] [Server thread/TRACE] [FML]: Registry Name : minecraft:soundevents
[17:44:33] [Server thread/TRACE] [FML]:   Registry: 0 minecraft:ambient.cave net.minecraft.util.SoundEvent@61514735
[17:44:33] [Server thread/TRACE] [FML]:   Registry: 1 minecraft:block.anvil.break net.minecraft.util.SoundEvent@28369db0
[17:44:33] [Server thread/TRACE] [FML]:   Registry: 2 minecraft:block.anvil.destroy net.minecraft.util.SoundEvent@30893e08
[17:44:33] [Server thread/TRACE] [FML]:   Registry: 3 minecraft:block.anvil.fall net.minecraft.util.SoundEvent@2e86807a
[17:44:33] [Server thread/TRACE] [FML]:   Registry: 4 minecraft:block.anvil.hit net.minecraft.util.SoundEvent@4548d254
[17:44:33] [Server thread/TRACE] [FML]:   Registry: 5 minecraft:block.anvil.land net.minecraft.util.SoundEvent@590f0c50
[17:44:33] [Server thread/TRACE] [FML]:   Registry: 6 minecraft:block.anvil.place net.minecraft.util.SoundEvent@208f0007
[17:44:33] [Server thread/TRACE] [FML]:   Registry: 7 minecraft:block.anvil.step net.minecraft.util.SoundEvent@3a90c13c
[17:44:33] [Server thread/TRACE] [FML]:   Registry: 8 minecraft:block.anvil.use net.minecraft.util.SoundEvent@39c96e48
[17:44:33] [Server thread/TRACE] [FML]:   Registry: 9 minecraft:block.brewing_stand.brew net.minecraft.util.SoundEvent@188598ad
[17:44:33] [Server thread/TRACE] [FML]:   Registry: 10 minecraft:block.chest.close net.minecraft.util.SoundEvent@40d23c82
[17:44:33] [Server thread/TRACE] [FML]:   Registry: 11 minecraft:block.chest.locked net.minecraft.util.SoundEvent@7cf78c85
[17:44:33] [Server thread/TRACE] [FML]:   Registry: 12 minecraft:block.chest.open net.minecraft.util.SoundEvent@ebe067d
[17:44:33] [Server thread/TRACE] [FML]:   Registry: 13 minecraft:block.chorus_flower.death net.minecraft.util.SoundEvent@3a4ab7f7
[17:44:33] [Server thread/TRACE] [FML]:   Registry: 14 minecraft:block.chorus_flower.grow net.minecraft.util.SoundEvent@6badba10
[17:44:33] [Server thread/TRACE] [FML]:   Registry: 15 minecraft:block.cloth.break net.minecraft.util.SoundEvent@2b7e8044
[17:44:33] [Server thread/TRACE] [FML]:   Registry: 16 minecraft:block.cloth.fall net.minecraft.util.SoundEvent@550de6b8
[17:44:33] [Server thread/TRACE] [FML]:   Registry: 17 minecraft:block.cloth.hit net.minecraft.util.SoundEvent@3a1706e1
[17:44:33] [Server thread/TRACE] [FML]:   Registry: 18 minecraft:block.cloth.place net.minecraft.util.SoundEvent@3c6c4689
[17:44:33] [Server thread/TRACE] [FML]:   Registry: 19 minecraft:block.cloth.step net.minecraft.util.SoundEvent@63cf9de0
[17:44:33] [Server thread/TRACE] [FML]:   Registry: 20 minecraft:block.comparator.click net.minecraft.util.SoundEvent@594d9f07
[17:44:33] [Server thread/TRACE] [FML]:   Registry: 21 minecraft:block.dispenser.dispense net.minecraft.util.SoundEvent@5befbac1
[17:44:33] [Server thread/TRACE] [FML]:   Registry: 22 minecraft:block.dispenser.fail net.minecraft.util.SoundEvent@5e9f73b
[17:44:33] [Server thread/TRACE] [FML]:   Registry: 23 minecraft:block.dispenser.launch net.minecraft.util.SoundEvent@1a565afb
[17:44:33] [Server thread/TRACE] [FML]:   Registry: 24 minecraft:block.enchantment_table.use net.minecraft.util.SoundEvent@2fd64b11
[17:44:33] [Server thread/TRACE] [FML]:   Registry: 25 minecraft:block.end_gateway.spawn net.minecraft.util.SoundEvent@949c598
[17:44:33] [Server thread/TRACE] [FML]:   Registry: 26 minecraft:block.end_portal.spawn net.minecraft.util.SoundEvent@43d3aba5
[17:44:33] [Server thread/TRACE] [FML]:   Registry: 27 minecraft:block.end_portal_frame.fill net.minecraft.util.SoundEvent@6bfaa0a6
[17:44:33] [Server thread/TRACE] [FML]:   Registry: 28 minecraft:block.enderchest.close net.minecraft.util.SoundEvent@76e9f00b
[17:44:33] [Server thread/TRACE] [FML]:   Registry: 29 minecraft:block.enderchest.open net.minecraft.util.SoundEvent@314b9e4b
[17:44:33] [Server thread/TRACE] [FML]:   Registry: 30 minecraft:block.fence_gate.close net.minecraft.util.SoundEvent@6f1b8544
[17:44:33] [Server thread/TRACE] [FML]:   Registry: 31 minecraft:block.fence_gate.open net.minecraft.util.SoundEvent@51dae791
[17:44:33] [Server thread/TRACE] [FML]:   Registry: 32 minecraft:block.fire.ambient net.minecraft.util.SoundEvent@688a2c09
[17:44:33] [Server thread/TRACE] [FML]:   Registry: 33 minecraft:block.fire.extinguish net.minecraft.util.SoundEvent@5de5e95
[17:44:33] [Server thread/TRACE] [FML]:   Registry: 34 minecraft:block.furnace.fire_crackle net.minecraft.util.SoundEvent@365cdacf
[17:44:33] [Server thread/TRACE] [FML]:   Registry: 35 minecraft:block.glass.break net.minecraft.util.SoundEvent@303c55fa
[17:44:33] [Server thread/TRACE] [FML]:   Registry: 36 minecraft:block.glass.fall net.minecraft.util.SoundEvent@9efcd90
[17:44:33] [Server thread/TRACE] [FML]:   Registry: 37 minecraft:block.glass.hit net.minecraft.util.SoundEvent@7eb200ce
[17:44:33] [Server thread/TRACE] [FML]:   Registry: 38 minecraft:block.glass.place net.minecraft.util.SoundEvent@2ee83775
[17:44:33] [Server thread/TRACE] [FML]:   Registry: 39 minecraft:block.glass.step net.minecraft.util.SoundEvent@7c2924d7
[17:44:33] [Server thread/TRACE] [FML]:   Registry: 40 minecraft:block.grass.break net.minecraft.util.SoundEvent@b5de58f
[17:44:33] [Server thread/TRACE] [FML]:   Registry: 41 minecraft:block.grass.fall net.minecraft.util.SoundEvent@6587305a
[17:44:33] [Server thread/TRACE] [FML]:   Registry: 42 minecraft:block.grass.hit net.minecraft.util.SoundEvent@abbe000
[17:44:33] [Server thread/TRACE] [FML]:   Registry: 43 minecraft:block.grass.place net.minecraft.util.SoundEvent@3f81621c
[17:44:33] [Server thread/TRACE] [FML]:   Registry: 44 minecraft:block.grass.step net.minecraft.util.SoundEvent@5b9499fe
[17:44:33] [Server thread/TRACE] [FML]:   Registry: 45 minecraft:block.gravel.break net.minecraft.util.SoundEvent@74d6736
[17:44:33] [Server thread/TRACE] [FML]:   Registry: 46 minecraft:block.gravel.fall net.minecraft.util.SoundEvent@52a33c3f
[17:44:33] [Server thread/TRACE] [FML]:   Registry: 47 minecraft:block.gravel.hit net.minecraft.util.SoundEvent@668625f5
[17:44:33] [Server thread/TRACE] [FML]:   Registry: 48 minecraft:block.gravel.place net.minecraft.util.SoundEvent@19a20bb2
[17:44:33] [Server thread/TRACE] [FML]:   Registry: 49 minecraft:block.gravel.step net.minecraft.util.SoundEvent@75babb67
[17:44:33] [Server thread/TRACE] [FML]:   Registry: 50 minecraft:block.iron_door.close net.minecraft.util.SoundEvent@3eb3232b
[17:44:33] [Server thread/TRACE] [FML]:   Registry: 51 minecraft:block.iron_door.open net.minecraft.util.SoundEvent@69cd1085
[17:44:33] [Server thread/TRACE] [FML]:   Registry: 52 minecraft:block.iron_trapdoor.close net.minecraft.util.SoundEvent@60bb7995
[17:44:33] [Server thread/TRACE] [FML]:   Registry: 53 minecraft:block.iron_trapdoor.open net.minecraft.util.SoundEvent@40fa8766
[17:44:33] [Server thread/TRACE] [FML]:   Registry: 54 minecraft:block.ladder.break net.minecraft.util.SoundEvent@67774e29
[17:44:33] [Server thread/TRACE] [FML]:   Registry: 55 minecraft:block.ladder.fall net.minecraft.util.SoundEvent@663f237a
[17:44:33] [Server thread/TRACE] [FML]:   Registry: 56 minecraft:block.ladder.hit net.minecraft.util.SoundEvent@5d7399f9
[17:44:33] [Server thread/TRACE] [FML]:   Registry: 57 minecraft:block.ladder.place net.minecraft.util.SoundEvent@49a6f486
[17:44:33] [Server thread/TRACE] [FML]:   Registry: 58 minecraft:block.ladder.step net.minecraft.util.SoundEvent@14fded9d
[17:44:33] [Server thread/TRACE] [FML]:   Registry: 59 minecraft:block.lava.ambient net.minecraft.util.SoundEvent@bc6288b
[17:44:33] [Server thread/TRACE] [FML]:   Registry: 60 minecraft:block.lava.extinguish net.minecraft.util.SoundEvent@4a3bd45b
[17:44:33] [Server thread/TRACE] [FML]:   Registry: 61 minecraft:block.lava.pop net.minecraft.util.SoundEvent@34c70b5e
[17:44:33] [Server thread/TRACE] [FML]:   Registry: 62 minecraft:block.lever.click net.minecraft.util.SoundEvent@4f2d995e
[17:44:33] [Server thread/TRACE] [FML]:   Registry: 63 minecraft:block.metal.break net.minecraft.util.SoundEvent@75156240
[17:44:33] [Server thread/TRACE] [FML]:   Registry: 64 minecraft:block.metal.fall net.minecraft.util.SoundEvent@6198e9b5
[17:44:33] [Server thread/TRACE] [FML]:   Registry: 65 minecraft:block.metal.hit net.minecraft.util.SoundEvent@6d099323
[17:44:33] [Server thread/TRACE] [FML]:   Registry: 66 minecraft:block.metal.place net.minecraft.util.SoundEvent@4ecd00b5
[17:44:33] [Server thread/TRACE] [FML]:   Registry: 67 minecraft:block.metal.step net.minecraft.util.SoundEvent@10947c4e
[17:44:33] [Server thread/TRACE] [FML]:   Registry: 68 minecraft:block.metal_pressureplate.click_off net.minecraft.util.SoundEvent@3667faa8
[17:44:33] [Server thread/TRACE] [FML]:   Registry: 69 minecraft:block.metal_pressureplate.click_on net.minecraft.util.SoundEvent@1756f7cc
[17:44:33] [Server thread/TRACE] [FML]:   Registry: 70 minecraft:block.note.basedrum net.minecraft.util.SoundEvent@3138953b
[17:44:33] [Server thread/TRACE] [FML]:   Registry: 71 minecraft:block.note.bass net.minecraft.util.SoundEvent@27df95e
[17:44:33] [Server thread/TRACE] [FML]:   Registry: 72 minecraft:block.note.bell net.minecraft.util.SoundEvent@b46e103
[17:44:33] [Server thread/TRACE] [FML]:   Registry: 73 minecraft:block.note.chime net.minecraft.util.SoundEvent@2b0e9f30
[17:44:33] [Server thread/TRACE] [FML]:   Registry: 74 minecraft:block.note.flute net.minecraft.util.SoundEvent@5eea5627
[17:44:33] [Server thread/TRACE] [FML]:   Registry: 75 minecraft:block.note.guitar net.minecraft.util.SoundEvent@3330f3ad
[17:44:33] [Server thread/TRACE] [FML]:   Registry: 76 minecraft:block.note.harp net.minecraft.util.SoundEvent@f425231
[17:44:33] [Server thread/TRACE] [FML]:   Registry: 77 minecraft:block.note.hat net.minecraft.util.SoundEvent@506aabf6
[17:44:33] [Server thread/TRACE] [FML]:   Registry: 78 minecraft:block.note.pling net.minecraft.util.SoundEvent@5cbd94b2
[17:44:33] [Server thread/TRACE] [FML]:   Registry: 79 minecraft:block.note.snare net.minecraft.util.SoundEvent@6824b913
[17:44:33] [Server thread/TRACE] [FML]:   Registry: 80 minecraft:block.note.xylophone net.minecraft.util.SoundEvent@756aadfc
[17:44:33] [Server thread/TRACE] [FML]:   Registry: 81 minecraft:block.piston.contract net.minecraft.util.SoundEvent@705a8dbc
[17:44:33] [Server thread/TRACE] [FML]:   Registry: 82 minecraft:block.piston.extend net.minecraft.util.SoundEvent@40729f01
[17:44:33] [Server thread/TRACE] [FML]:   Registry: 83 minecraft:block.portal.ambient net.minecraft.util.SoundEvent@d535a3d
[17:44:33] [Server thread/TRACE] [FML]:   Registry: 84 minecraft:block.portal.travel net.minecraft.util.SoundEvent@2d760326
[17:44:33] [Server thread/TRACE] [FML]:   Registry: 85 minecraft:block.portal.trigger net.minecraft.util.SoundEvent@9e54c59
[17:44:33] [Server thread/TRACE] [FML]:   Registry: 86 minecraft:block.redstone_torch.burnout net.minecraft.util.SoundEvent@5dbb50f3
[17:44:33] [Server thread/TRACE] [FML]:   Registry: 87 minecraft:block.sand.break net.minecraft.util.SoundEvent@4a2e7bcb
[17:44:33] [Server thread/TRACE] [FML]:   Registry: 88 minecraft:block.sand.fall net.minecraft.util.SoundEvent@575c3e9b
[17:44:33] [Server thread/TRACE] [FML]:   Registry: 89 minecraft:block.sand.hit net.minecraft.util.SoundEvent@74f827ad
[17:44:33] [Server thread/TRACE] [FML]:   Registry: 90 minecraft:block.sand.place net.minecraft.util.SoundEvent@73c3cd09
[17:44:33] [Server thread/TRACE] [FML]:   Registry: 91 minecraft:block.sand.step net.minecraft.util.SoundEvent@4a8a0099
[17:44:33] [Server thread/TRACE] [FML]:   Registry: 92 minecraft:block.shulker_box.close net.minecraft.util.SoundEvent@7c1447b5
[17:44:33] [Server thread/TRACE] [FML]:   Registry: 93 minecraft:block.shulker_box.open net.minecraft.util.SoundEvent@49e4c2d5
[17:44:33] [Server thread/TRACE] [FML]:   Registry: 94 minecraft:block.slime.break net.minecraft.util.SoundEvent@24a2e565
[17:44:33] [Server thread/TRACE] [FML]:   Registry: 95 minecraft:block.slime.fall net.minecraft.util.SoundEvent@3e36b7a0
[17:44:33] [Server thread/TRACE] [FML]:   Registry: 96 minecraft:block.slime.hit net.minecraft.util.SoundEvent@60c1663c
[17:44:33] [Server thread/TRACE] [FML]:   Registry: 97 minecraft:block.slime.place net.minecraft.util.SoundEvent@f5cf29b
[17:44:33] [Server thread/TRACE] [FML]:   Registry: 98 minecraft:block.slime.step net.minecraft.util.SoundEvent@3c66b7d8
[17:44:33] [Server thread/TRACE] [FML]:   Registry: 99 minecraft:block.snow.break net.minecraft.util.SoundEvent@37e69c43
[17:44:33] [Server thread/TRACE] [FML]:   Registry: 100 minecraft:block.snow.fall net.minecraft.util.SoundEvent@5c7dfc05
[17:44:33] [Server thread/TRACE] [FML]:   Registry: 101 minecraft:block.snow.hit net.minecraft.util.SoundEvent@345d053b
[17:44:33] [Server thread/TRACE] [FML]:   Registry: 102 minecraft:block.snow.place net.minecraft.util.SoundEvent@3d0cac1f
[17:44:33] [Server thread/TRACE] [FML]:   Registry: 103 minecraft:block.snow.step net.minecraft.util.SoundEvent@3e8b3b79
[17:44:33] [Server thread/TRACE] [FML]:   Registry: 104 minecraft:block.stone.break net.minecraft.util.SoundEvent@d257579
[17:44:33] [Server thread/TRACE] [FML]:   Registry: 105 minecraft:block.stone.fall net.minecraft.util.SoundEvent@518ddd3b
[17:44:33] [Server thread/TRACE] [FML]:   Registry: 106 minecraft:block.stone.hit net.minecraft.util.SoundEvent@939ff41
[17:44:33] [Server thread/TRACE] [FML]:   Registry: 107 minecraft:block.stone.place net.minecraft.util.SoundEvent@6e0e5dec
[17:44:33] [Server thread/TRACE] [FML]:   Registry: 108 minecraft:block.stone.step net.minecraft.util.SoundEvent@48a663e9
[17:44:33] [Server thread/TRACE] [FML]:   Registry: 109 minecraft:block.stone_button.click_off net.minecraft.util.SoundEvent@777d0bc3
[17:44:33] [Server thread/TRACE] [FML]:   Registry: 110 minecraft:block.stone_button.click_on net.minecraft.util.SoundEvent@3178219a
[17:44:33] [Server thread/TRACE] [FML]:   Registry: 111 minecraft:block.stone_pressureplate.click_off net.minecraft.util.SoundEvent@2d85fb64
[17:44:33] [Server thread/TRACE] [FML]:   Registry: 112 minecraft:block.stone_pressureplate.click_on net.minecraft.util.SoundEvent@56476c16
[17:44:33] [Server thread/TRACE] [FML]:   Registry: 113 minecraft:block.tripwire.attach net.minecraft.util.SoundEvent@497b560e
[17:44:33] [Server thread/TRACE] [FML]:   Registry: 114 minecraft:block.tripwire.click_off net.minecraft.util.SoundEvent@39ffda4a
[17:44:33] [Server thread/TRACE] [FML]:   Registry: 115 minecraft:block.tripwire.click_on net.minecraft.util.SoundEvent@3ba348ca
[17:44:33] [Server thread/TRACE] [FML]:   Registry: 116 minecraft:block.tripwire.detach net.minecraft.util.SoundEvent@56e9a474
[17:44:33] [Server thread/TRACE] [FML]:   Registry: 117 minecraft:block.water.ambient net.minecraft.util.SoundEvent@45b15381
[17:44:33] [Server thread/TRACE] [FML]:   Registry: 118 minecraft:block.waterlily.place net.minecraft.util.SoundEvent@2dbfcf7
[17:44:33] [Server thread/TRACE] [FML]:   Registry: 119 minecraft:block.wood.break net.minecraft.util.SoundEvent@239f017e
[17:44:33] [Server thread/TRACE] [FML]:   Registry: 120 minecraft:block.wood.fall net.minecraft.util.SoundEvent@38cedb7d
[17:44:33] [Server thread/TRACE] [FML]:   Registry: 121 minecraft:block.wood.hit net.minecraft.util.SoundEvent@772caabe
[17:44:33] [Server thread/TRACE] [FML]:   Registry: 122 minecraft:block.wood.place net.minecraft.util.SoundEvent@2acdcce8
[17:44:33] [Server thread/TRACE] [FML]:   Registry: 123 minecraft:block.wood.step net.minecraft.util.SoundEvent@7102ac3e
[17:44:33] [Server thread/TRACE] [FML]:   Registry: 124 minecraft:block.wood_button.click_off net.minecraft.util.SoundEvent@3f598450
[17:44:33] [Server thread/TRACE] [FML]:   Registry: 125 minecraft:block.wood_button.click_on net.minecraft.util.SoundEvent@2db2a05f
[17:44:33] [Server thread/TRACE] [FML]:   Registry: 126 minecraft:block.wood_pressureplate.click_off net.minecraft.util.SoundEvent@695c938d
[17:44:33] [Server thread/TRACE] [FML]:   Registry: 127 minecraft:block.wood_pressureplate.click_on net.minecraft.util.SoundEvent@d5bb1c4
[17:44:33] [Server thread/TRACE] [FML]:   Registry: 128 minecraft:block.wooden_door.close net.minecraft.util.SoundEvent@7ed3df3b
[17:44:33] [Server thread/TRACE] [FML]:   Registry: 129 minecraft:block.wooden_door.open net.minecraft.util.SoundEvent@465b38e6
[17:44:33] [Server thread/TRACE] [FML]:   Registry: 130 minecraft:block.wooden_trapdoor.close net.minecraft.util.SoundEvent@4b960b5b
[17:44:33] [Server thread/TRACE] [FML]:   Registry: 131 minecraft:block.wooden_trapdoor.open net.minecraft.util.SoundEvent@1b13467c
[17:44:33] [Server thread/TRACE] [FML]:   Registry: 132 minecraft:enchant.thorns.hit net.minecraft.util.SoundEvent@7bd96822
[17:44:33] [Server thread/TRACE] [FML]:   Registry: 133 minecraft:entity.armorstand.break net.minecraft.util.SoundEvent@64dae3b7
[17:44:33] [Server thread/TRACE] [FML]:   Registry: 134 minecraft:entity.armorstand.fall net.minecraft.util.SoundEvent@1fedf0a4
[17:44:33] [Server thread/TRACE] [FML]:   Registry: 135 minecraft:entity.armorstand.hit net.minecraft.util.SoundEvent@1e4c6583
[17:44:33] [Server thread/TRACE] [FML]:   Registry: 136 minecraft:entity.armorstand.place net.minecraft.util.SoundEvent@2ee48610
[17:44:33] [Server thread/TRACE] [FML]:   Registry: 137 minecraft:entity.arrow.hit net.minecraft.util.SoundEvent@1d901f20
[17:44:33] [Server thread/TRACE] [FML]:   Registry: 138 minecraft:entity.arrow.hit_player net.minecraft.util.SoundEvent@6d08b4e6
[17:44:33] [Server thread/TRACE] [FML]:   Registry: 139 minecraft:entity.arrow.shoot net.minecraft.util.SoundEvent@1015a4b9
[17:44:33] [Server thread/TRACE] [FML]:   Registry: 140 minecraft:entity.bat.ambient net.minecraft.util.SoundEvent@1acb74ad
[17:44:33] [Server thread/TRACE] [FML]:   Registry: 141 minecraft:entity.bat.death net.minecraft.util.SoundEvent@7bf01cb
[17:44:33] [Server thread/TRACE] [FML]:   Registry: 142 minecraft:entity.bat.hurt net.minecraft.util.SoundEvent@2f382a5e
[17:44:33] [Server thread/TRACE] [FML]:   Registry: 143 minecraft:entity.bat.loop net.minecraft.util.SoundEvent@12b5736c
[17:44:33] [Server thread/TRACE] [FML]:   Registry: 144 minecraft:entity.bat.takeoff net.minecraft.util.SoundEvent@539a138b
[17:44:33] [Server thread/TRACE] [FML]:   Registry: 145 minecraft:entity.blaze.ambient net.minecraft.util.SoundEvent@2cd4e16a
[17:44:33] [Server thread/TRACE] [FML]:   Registry: 146 minecraft:entity.blaze.burn net.minecraft.util.SoundEvent@42505474
[17:44:33] [Server thread/TRACE] [FML]:   Registry: 147 minecraft:entity.blaze.death net.minecraft.util.SoundEvent@7b477141
[17:44:33] [Server thread/TRACE] [FML]:   Registry: 148 minecraft:entity.blaze.hurt net.minecraft.util.SoundEvent@784223e9
[17:44:33] [Server thread/TRACE] [FML]:   Registry: 149 minecraft:entity.blaze.shoot net.minecraft.util.SoundEvent@7316523a
[17:44:33] [Server thread/TRACE] [FML]:   Registry: 150 minecraft:entity.boat.paddle_land net.minecraft.util.SoundEvent@33a55bd8
[17:44:33] [Server thread/TRACE] [FML]:   Registry: 151 minecraft:entity.boat.paddle_water net.minecraft.util.SoundEvent@73a8e994
[17:44:33] [Server thread/TRACE] [FML]:   Registry: 152 minecraft:entity.bobber.retrieve net.minecraft.util.SoundEvent@1a1cc163
[17:44:33] [Server thread/TRACE] [FML]:   Registry: 153 minecraft:entity.bobber.splash net.minecraft.util.SoundEvent@5b5ac798
[17:44:33] [Server thread/TRACE] [FML]:   Registry: 154 minecraft:entity.bobber.throw net.minecraft.util.SoundEvent@42383cb0
[17:44:33] [Server thread/TRACE] [FML]:   Registry: 155 minecraft:entity.cat.ambient net.minecraft.util.SoundEvent@7668892a
[17:44:33] [Server thread/TRACE] [FML]:   Registry: 156 minecraft:entity.cat.death net.minecraft.util.SoundEvent@a83495d
[17:44:33] [Server thread/TRACE] [FML]:   Registry: 157 minecraft:entity.cat.hiss net.minecraft.util.SoundEvent@7e83992
[17:44:33] [Server thread/TRACE] [FML]:   Registry: 158 minecraft:entity.cat.hurt net.minecraft.util.SoundEvent@4364863
[17:44:33] [Server thread/TRACE] [FML]:   Registry: 159 minecraft:entity.cat.purr net.minecraft.util.SoundEvent@3625a016
[17:44:33] [Server thread/TRACE] [FML]:   Registry: 160 minecraft:entity.cat.purreow net.minecraft.util.SoundEvent@267cde2e
[17:44:33] [Server thread/TRACE] [FML]:   Registry: 161 minecraft:entity.chicken.ambient net.minecraft.util.SoundEvent@609e57da
[17:44:33] [Server thread/TRACE] [FML]:   Registry: 162 minecraft:entity.chicken.death net.minecraft.util.SoundEvent@56dd6efa
[17:44:33] [Server thread/TRACE] [FML]:   Registry: 163 minecraft:entity.chicken.egg net.minecraft.util.SoundEvent@4d634127
[17:44:33] [Server thread/TRACE] [FML]:   Registry: 164 minecraft:entity.chicken.hurt net.minecraft.util.SoundEvent@d2e6b0b
[17:44:33] [Server thread/TRACE] [FML]:   Registry: 165 minecraft:entity.chicken.step net.minecraft.util.SoundEvent@1f1cddf3
[17:44:33] [Server thread/TRACE] [FML]:   Registry: 166 minecraft:entity.cow.ambient net.minecraft.util.SoundEvent@228bda54
[17:44:33] [Server thread/TRACE] [FML]:   Registry: 167 minecraft:entity.cow.death net.minecraft.util.SoundEvent@75b6dd5b
[17:44:33] [Server thread/TRACE] [FML]:   Registry: 168 minecraft:entity.cow.hurt net.minecraft.util.SoundEvent@b3e86d5
[17:44:33] [Server thread/TRACE] [FML]:   Registry: 169 minecraft:entity.cow.milk net.minecraft.util.SoundEvent@72b43104
[17:44:33] [Server thread/TRACE] [FML]:   Registry: 170 minecraft:entity.cow.step net.minecraft.util.SoundEvent@e111c7c
[17:44:33] [Server thread/TRACE] [FML]:   Registry: 171 minecraft:entity.creeper.death net.minecraft.util.SoundEvent@4d0e54e0
[17:44:33] [Server thread/TRACE] [FML]:   Registry: 172 minecraft:entity.creeper.hurt net.minecraft.util.SoundEvent@32f96bba
[17:44:33] [Server thread/TRACE] [FML]:   Registry: 173 minecraft:entity.creeper.primed net.minecraft.util.SoundEvent@611640f0
[17:44:33] [Server thread/TRACE] [FML]:   Registry: 174 minecraft:entity.donkey.ambient net.minecraft.util.SoundEvent@67e25252
[17:44:33] [Server thread/TRACE] [FML]:   Registry: 175 minecraft:entity.donkey.angry net.minecraft.util.SoundEvent@58f4b31a
[17:44:33] [Server thread/TRACE] [FML]:   Registry: 176 minecraft:entity.donkey.chest net.minecraft.util.SoundEvent@21a9a705
[17:44:33] [Server thread/TRACE] [FML]:   Registry: 177 minecraft:entity.donkey.death net.minecraft.util.SoundEvent@72eb6200
[17:44:33] [Server thread/TRACE] [FML]:   Registry: 178 minecraft:entity.donkey.hurt net.minecraft.util.SoundEvent@76ececd
[17:44:33] [Server thread/TRACE] [FML]:   Registry: 179 minecraft:entity.egg.throw net.minecraft.util.SoundEvent@7affc159
[17:44:33] [Server thread/TRACE] [FML]:   Registry: 180 minecraft:entity.elder_guardian.ambient net.minecraft.util.SoundEvent@1682c08c
[17:44:33] [Server thread/TRACE] [FML]:   Registry: 181 minecraft:entity.elder_guardian.ambient_land net.minecraft.util.SoundEvent@3fd05b3e
[17:44:33] [Server thread/TRACE] [FML]:   Registry: 182 minecraft:entity.elder_guardian.curse net.minecraft.util.SoundEvent@4eb9f2af
[17:44:33] [Server thread/TRACE] [FML]:   Registry: 183 minecraft:entity.elder_guardian.death net.minecraft.util.SoundEvent@4a481728
[17:44:33] [Server thread/TRACE] [FML]:   Registry: 184 minecraft:entity.elder_guardian.death_land net.minecraft.util.SoundEvent@4ace284d
[17:44:33] [Server thread/TRACE] [FML]:   Registry: 185 minecraft:entity.elder_guardian.flop net.minecraft.util.SoundEvent@77fa9381
[17:44:33] [Server thread/TRACE] [FML]:   Registry: 186 minecraft:entity.elder_guardian.hurt net.minecraft.util.SoundEvent@76d72b5b
[17:44:33] [Server thread/TRACE] [FML]:   Registry: 187 minecraft:entity.elder_guardian.hurt_land net.minecraft.util.SoundEvent@7cac93fe
[17:44:33] [Server thread/TRACE] [FML]:   Registry: 188 minecraft:entity.enderdragon.ambient net.minecraft.util.SoundEvent@479b5066
[17:44:33] [Server thread/TRACE] [FML]:   Registry: 189 minecraft:entity.enderdragon.death net.minecraft.util.SoundEvent@64deb58f
[17:44:33] [Server thread/TRACE] [FML]:   Registry: 190 minecraft:entity.enderdragon.flap net.minecraft.util.SoundEvent@2b1cd7bc
[17:44:33] [Server thread/TRACE] [FML]:   Registry: 191 minecraft:entity.enderdragon.growl net.minecraft.util.SoundEvent@33379242
[17:44:33] [Server thread/TRACE] [FML]:   Registry: 192 minecraft:entity.enderdragon.hurt net.minecraft.util.SoundEvent@2e32fc22
[17:44:33] [Server thread/TRACE] [FML]:   Registry: 193 minecraft:entity.enderdragon.shoot net.minecraft.util.SoundEvent@3f5156a6
[17:44:33] [Server thread/TRACE] [FML]:   Registry: 194 minecraft:entity.enderdragon_fireball.explode net.minecraft.util.SoundEvent@72bdd7c7
[17:44:33] [Server thread/TRACE] [FML]:   Registry: 195 minecraft:entity.endereye.death net.minecraft.util.SoundEvent@7d17ee50
[17:44:33] [Server thread/TRACE] [FML]:   Registry: 196 minecraft:entity.endereye.launch net.minecraft.util.SoundEvent@44fdce3c
[17:44:33] [Server thread/TRACE] [FML]:   Registry: 197 minecraft:entity.endermen.ambient net.minecraft.util.SoundEvent@712c5463
[17:44:33] [Server thread/TRACE] [FML]:   Registry: 198 minecraft:entity.endermen.death net.minecraft.util.SoundEvent@6d33a66e
[17:44:33] [Server thread/TRACE] [FML]:   Registry: 199 minecraft:entity.endermen.hurt net.minecraft.util.SoundEvent@2f14b0f6
[17:44:33] [Server thread/TRACE] [FML]:   Registry: 200 minecraft:entity.endermen.scream net.minecraft.util.SoundEvent@5b20706
[17:44:33] [Server thread/TRACE] [FML]:   Registry: 201 minecraft:entity.endermen.stare net.minecraft.util.SoundEvent@16aed49f
[17:44:33] [Server thread/TRACE] [FML]:   Registry: 202 minecraft:entity.endermen.teleport net.minecraft.util.SoundEvent@66de00f2
[17:44:33] [Server thread/TRACE] [FML]:   Registry: 203 minecraft:entity.endermite.ambient net.minecraft.util.SoundEvent@6c479fdf
[17:44:33] [Server thread/TRACE] [FML]:   Registry: 204 minecraft:entity.endermite.death net.minecraft.util.SoundEvent@79d82f66
[17:44:33] [Server thread/TRACE] [FML]:   Registry: 205 minecraft:entity.endermite.hurt net.minecraft.util.SoundEvent@19b206ee
[17:44:33] [Server thread/TRACE] [FML]:   Registry: 206 minecraft:entity.endermite.step net.minecraft.util.SoundEvent@ffd4cba
[17:44:33] [Server thread/TRACE] [FML]:   Registry: 207 minecraft:entity.enderpearl.throw net.minecraft.util.SoundEvent@5f1483fd
[17:44:33] [Server thread/TRACE] [FML]:   Registry: 208 minecraft:entity.evocation_fangs.attack net.minecraft.util.SoundEvent@670f2466
[17:44:33] [Server thread/TRACE] [FML]:   Registry: 209 minecraft:entity.evocation_illager.ambient net.minecraft.util.SoundEvent@6e03db1f
[17:44:33] [Server thread/TRACE] [FML]:   Registry: 210 minecraft:entity.evocation_illager.cast_spell net.minecraft.util.SoundEvent@bfec2f9
[17:44:33] [Server thread/TRACE] [FML]:   Registry: 211 minecraft:entity.evocation_illager.death net.minecraft.util.SoundEvent@708eb310
[17:44:33] [Server thread/TRACE] [FML]:   Registry: 212 minecraft:entity.evocation_illager.hurt net.minecraft.util.SoundEvent@6ebc9573
[17:44:33] [Server thread/TRACE] [FML]:   Registry: 213 minecraft:entity.evocation_illager.prepare_attack net.minecraft.util.SoundEvent@1e977098
[17:44:33] [Server thread/TRACE] [FML]:   Registry: 214 minecraft:entity.evocation_illager.prepare_summon net.minecraft.util.SoundEvent@630390b9
[17:44:33] [Server thread/TRACE] [FML]:   Registry: 215 minecraft:entity.evocation_illager.prepare_wololo net.minecraft.util.SoundEvent@6690b9fa
[17:44:33] [Server thread/TRACE] [FML]:   Registry: 216 minecraft:entity.experience_bottle.throw net.minecraft.util.SoundEvent@6c8dbf56
[17:44:33] [Server thread/TRACE] [FML]:   Registry: 217 minecraft:entity.experience_orb.pickup net.minecraft.util.SoundEvent@493b01ef
[17:44:33] [Server thread/TRACE] [FML]:   Registry: 218 minecraft:entity.firework.blast net.minecraft.util.SoundEvent@36c2d629
[17:44:33] [Server thread/TRACE] [FML]:   Registry: 219 minecraft:entity.firework.blast_far net.minecraft.util.SoundEvent@55fee662
[17:44:33] [Server thread/TRACE] [FML]:   Registry: 220 minecraft:entity.firework.large_blast net.minecraft.util.SoundEvent@54089484
[17:44:33] [Server thread/TRACE] [FML]:   Registry: 221 minecraft:entity.firework.large_blast_far net.minecraft.util.SoundEvent@45adc393
[17:44:33] [Server thread/TRACE] [FML]:   Registry: 222 minecraft:entity.firework.launch net.minecraft.util.SoundEvent@65fe2691
[17:44:33] [Server thread/TRACE] [FML]:   Registry: 223 minecraft:entity.firework.shoot net.minecraft.util.SoundEvent@479111ba
[17:44:33] [Server thread/TRACE] [FML]:   Registry: 224 minecraft:entity.firework.twinkle net.minecraft.util.SoundEvent@57ad1178
[17:44:33] [Server thread/TRACE] [FML]:   Registry: 225 minecraft:entity.firework.twinkle_far net.minecraft.util.SoundEvent@7c37f145
[17:44:33] [Server thread/TRACE] [FML]:   Registry: 226 minecraft:entity.generic.big_fall net.minecraft.util.SoundEvent@68699afc
[17:44:33] [Server thread/TRACE] [FML]:   Registry: 227 minecraft:entity.generic.burn net.minecraft.util.SoundEvent@273a5a8a
[17:44:33] [Server thread/TRACE] [FML]:   Registry: 228 minecraft:entity.generic.death net.minecraft.util.SoundEvent@1823b9c4
[17:44:33] [Server thread/TRACE] [FML]:   Registry: 229 minecraft:entity.generic.drink net.minecraft.util.SoundEvent@5b5dce5c
[17:44:33] [Server thread/TRACE] [FML]:   Registry: 230 minecraft:entity.generic.eat net.minecraft.util.SoundEvent@7f4701b1
[17:44:33] [Server thread/TRACE] [FML]:   Registry: 231 minecraft:entity.generic.explode net.minecraft.util.SoundEvent@adcfad9
[17:44:33] [Server thread/TRACE] [FML]:   Registry: 232 minecraft:entity.generic.extinguish_fire net.minecraft.util.SoundEvent@fb49fdf
[17:44:33] [Server thread/TRACE] [FML]:   Registry: 233 minecraft:entity.generic.hurt net.minecraft.util.SoundEvent@3a2e9f5b
[17:44:33] [Server thread/TRACE] [FML]:   Registry: 234 minecraft:entity.generic.small_fall net.minecraft.util.SoundEvent@7da34b26
[17:44:33] [Server thread/TRACE] [FML]:   Registry: 235 minecraft:entity.generic.splash net.minecraft.util.SoundEvent@10c47c79
[17:44:33] [Server thread/TRACE] [FML]:   Registry: 236 minecraft:entity.generic.swim net.minecraft.util.SoundEvent@3b2553d9
[17:44:33] [Server thread/TRACE] [FML]:   Registry: 237 minecraft:entity.ghast.ambient net.minecraft.util.SoundEvent@753fd7a1
[17:44:33] [Server thread/TRACE] [FML]:   Registry: 238 minecraft:entity.ghast.death net.minecraft.util.SoundEvent@12a2585b
[17:44:33] [Server thread/TRACE] [FML]:   Registry: 239 minecraft:entity.ghast.hurt net.minecraft.util.SoundEvent@21b6c9c2
[17:44:33] [Server thread/TRACE] [FML]:   Registry: 240 minecraft:entity.ghast.scream net.minecraft.util.SoundEvent@309cedb6
[17:44:33] [Server thread/TRACE] [FML]:   Registry: 241 minecraft:entity.ghast.shoot net.minecraft.util.SoundEvent@3b95a6db
[17:44:33] [Server thread/TRACE] [FML]:   Registry: 242 minecraft:entity.ghast.warn net.minecraft.util.SoundEvent@3bf54172
[17:44:33] [Server thread/TRACE] [FML]:   Registry: 243 minecraft:entity.guardian.ambient net.minecraft.util.SoundEvent@2c9a6717
[17:44:33] [Server thread/TRACE] [FML]:   Registry: 244 minecraft:entity.guardian.ambient_land net.minecraft.util.SoundEvent@7b3cde6f
[17:44:33] [Server thread/TRACE] [FML]:   Registry: 245 minecraft:entity.guardian.attack net.minecraft.util.SoundEvent@6d091cad
[17:44:33] [Server thread/TRACE] [FML]:   Registry: 246 minecraft:entity.guardian.death net.minecraft.util.SoundEvent@7c663eaf
[17:44:33] [Server thread/TRACE] [FML]:   Registry: 247 minecraft:entity.guardian.death_land net.minecraft.util.SoundEvent@3bb5ceb
[17:44:33] [Server thread/TRACE] [FML]:   Registry: 248 minecraft:entity.guardian.flop net.minecraft.util.SoundEvent@1e692555
[17:44:33] [Server thread/TRACE] [FML]:   Registry: 249 minecraft:entity.guardian.hurt net.minecraft.util.SoundEvent@3ba0ae41
[17:44:33] [Server thread/TRACE] [FML]:   Registry: 250 minecraft:entity.guardian.hurt_land net.minecraft.util.SoundEvent@76fe6cdc
[17:44:33] [Server thread/TRACE] [FML]:   Registry: 251 minecraft:entity.horse.ambient net.minecraft.util.SoundEvent@2ffb3aec
[17:44:33] [Server thread/TRACE] [FML]:   Registry: 252 minecraft:entity.horse.angry net.minecraft.util.SoundEvent@786ff1cb
[17:44:33] [Server thread/TRACE] [FML]:   Registry: 253 minecraft:entity.horse.armor net.minecraft.util.SoundEvent@46039a21
[17:44:33] [Server thread/TRACE] [FML]:   Registry: 254 minecraft:entity.horse.breathe net.minecraft.util.SoundEvent@431e86b1
[17:44:33] [Server thread/TRACE] [FML]:   Registry: 255 minecraft:entity.horse.death net.minecraft.util.SoundEvent@35c4e864
[17:44:33] [Server thread/TRACE] [FML]:   Registry: 256 minecraft:entity.horse.eat net.minecraft.util.SoundEvent@32a2a6be
[17:44:33] [Server thread/TRACE] [FML]:   Registry: 257 minecraft:entity.horse.gallop net.minecraft.util.SoundEvent@682af059
[17:44:33] [Server thread/TRACE] [FML]:   Registry: 258 minecraft:entity.horse.hurt net.minecraft.util.SoundEvent@5f36c8e3
[17:44:33] [Server thread/TRACE] [FML]:   Registry: 259 minecraft:entity.horse.jump net.minecraft.util.SoundEvent@4da39ca9
[17:44:33] [Server thread/TRACE] [FML]:   Registry: 260 minecraft:entity.horse.land net.minecraft.util.SoundEvent@6a9344f5
[17:44:33] [Server thread/TRACE] [FML]:   Registry: 261 minecraft:entity.horse.saddle net.minecraft.util.SoundEvent@5584d9c6
[17:44:33] [Server thread/TRACE] [FML]:   Registry: 262 minecraft:entity.horse.step net.minecraft.util.SoundEvent@3c9c6245
[17:44:33] [Server thread/TRACE] [FML]:   Registry: 263 minecraft:entity.horse.step_wood net.minecraft.util.SoundEvent@6d0be7ab
[17:44:33] [Server thread/TRACE] [FML]:   Registry: 264 minecraft:entity.hostile.big_fall net.minecraft.util.SoundEvent@1d4fb213
[17:44:33] [Server thread/TRACE] [FML]:   Registry: 265 minecraft:entity.hostile.death net.minecraft.util.SoundEvent@6ef60295
[17:44:33] [Server thread/TRACE] [FML]:   Registry: 266 minecraft:entity.hostile.hurt net.minecraft.util.SoundEvent@3127cb44
[17:44:33] [Server thread/TRACE] [FML]:   Registry: 267 minecraft:entity.hostile.small_fall net.minecraft.util.SoundEvent@3234474
[17:44:33] [Server thread/TRACE] [FML]:   Registry: 268 minecraft:entity.hostile.splash net.minecraft.util.SoundEvent@631cb129
[17:44:33] [Server thread/TRACE] [FML]:   Registry: 269 minecraft:entity.hostile.swim net.minecraft.util.SoundEvent@3d20e575
[17:44:33] [Server thread/TRACE] [FML]:   Registry: 270 minecraft:entity.husk.ambient net.minecraft.util.SoundEvent@3252747e
[17:44:33] [Server thread/TRACE] [FML]:   Registry: 271 minecraft:entity.husk.death net.minecraft.util.SoundEvent@2b4b96a4
[17:44:33] [Server thread/TRACE] [FML]:   Registry: 272 minecraft:entity.husk.hurt net.minecraft.util.SoundEvent@2dd8ff1d
[17:44:33] [Server thread/TRACE] [FML]:   Registry: 273 minecraft:entity.husk.step net.minecraft.util.SoundEvent@17e9bc9e
[17:44:33] [Server thread/TRACE] [FML]:   Registry: 274 minecraft:entity.illusion_illager.ambient net.minecraft.util.SoundEvent@36b9cb99
[17:44:33] [Server thread/TRACE] [FML]:   Registry: 275 minecraft:entity.illusion_illager.cast_spell net.minecraft.util.SoundEvent@4130955c
[17:44:33] [Server thread/TRACE] [FML]:   Registry: 276 minecraft:entity.illusion_illager.death net.minecraft.util.SoundEvent@2bfaba70
[17:44:33] [Server thread/TRACE] [FML]:   Registry: 277 minecraft:entity.illusion_illager.hurt net.minecraft.util.SoundEvent@71adfedd
[17:44:33] [Server thread/TRACE] [FML]:   Registry: 278 minecraft:entity.illusion_illager.mirror_move net.minecraft.util.SoundEvent@9301672
[17:44:33] [Server thread/TRACE] [FML]:   Registry: 279 minecraft:entity.illusion_illager.prepare_blindness net.minecraft.util.SoundEvent@4ceff87d
[17:44:33] [Server thread/TRACE] [FML]:   Registry: 280 minecraft:entity.illusion_illager.prepare_mirror net.minecraft.util.SoundEvent@3238e2aa
[17:44:33] [Server thread/TRACE] [FML]:   Registry: 281 minecraft:entity.irongolem.attack net.minecraft.util.SoundEvent@2c7db926
[17:44:33] [Server thread/TRACE] [FML]:   Registry: 282 minecraft:entity.irongolem.death net.minecraft.util.SoundEvent@2577a95d
[17:44:33] [Server thread/TRACE] [FML]:   Registry: 283 minecraft:entity.irongolem.hurt net.minecraft.util.SoundEvent@1668919e
[17:44:33] [Server thread/TRACE] [FML]:   Registry: 284 minecraft:entity.irongolem.step net.minecraft.util.SoundEvent@63300c4b
[17:44:33] [Server thread/TRACE] [FML]:   Registry: 285 minecraft:entity.item.break net.minecraft.util.SoundEvent@22c53d82
[17:44:33] [Server thread/TRACE] [FML]:   Registry: 286 minecraft:entity.item.pickup net.minecraft.util.SoundEvent@3a6045c6
[17:44:33] [Server thread/TRACE] [FML]:   Registry: 287 minecraft:entity.itemframe.add_item net.minecraft.util.SoundEvent@68d6d775
[17:44:33] [Server thread/TRACE] [FML]:   Registry: 288 minecraft:entity.itemframe.break net.minecraft.util.SoundEvent@b67cc70
[17:44:33] [Server thread/TRACE] [FML]:   Registry: 289 minecraft:entity.itemframe.place net.minecraft.util.SoundEvent@45c9b3
[17:44:33] [Server thread/TRACE] [FML]:   Registry: 290 minecraft:entity.itemframe.remove_item net.minecraft.util.SoundEvent@38b3f208
[17:44:33] [Server thread/TRACE] [FML]:   Registry: 291 minecraft:entity.itemframe.rotate_item net.minecraft.util.SoundEvent@6680f714
[17:44:33] [Server thread/TRACE] [FML]:   Registry: 292 minecraft:entity.leashknot.break net.minecraft.util.SoundEvent@53b1a3f8
[17:44:33] [Server thread/TRACE] [FML]:   Registry: 293 minecraft:entity.leashknot.place net.minecraft.util.SoundEvent@7d97e06c
[17:44:33] [Server thread/TRACE] [FML]:   Registry: 294 minecraft:entity.lightning.impact net.minecraft.util.SoundEvent@5a936e64
[17:44:33] [Server thread/TRACE] [FML]:   Registry: 295 minecraft:entity.lightning.thunder net.minecraft.util.SoundEvent@3b4a1a75
[17:44:33] [Server thread/TRACE] [FML]:   Registry: 296 minecraft:entity.lingeringpotion.throw net.minecraft.util.SoundEvent@65bad087
[17:44:33] [Server thread/TRACE] [FML]:   Registry: 297 minecraft:entity.llama.ambient net.minecraft.util.SoundEvent@276cc8dc
[17:44:33] [Server thread/TRACE] [FML]:   Registry: 298 minecraft:entity.llama.angry net.minecraft.util.SoundEvent@66cd621b
[17:44:33] [Server thread/TRACE] [FML]:   Registry: 299 minecraft:entity.llama.chest net.minecraft.util.SoundEvent@d3f4505
[17:44:33] [Server thread/TRACE] [FML]:   Registry: 300 minecraft:entity.llama.death net.minecraft.util.SoundEvent@3eb292cd
[17:44:33] [Server thread/TRACE] [FML]:   Registry: 301 minecraft:entity.llama.eat net.minecraft.util.SoundEvent@7fd987ef
[17:44:33] [Server thread/TRACE] [FML]:   Registry: 302 minecraft:entity.llama.hurt net.minecraft.util.SoundEvent@7209ffb5
[17:44:33] [Server thread/TRACE] [FML]:   Registry: 303 minecraft:entity.llama.spit net.minecraft.util.SoundEvent@5e99b9c
[17:44:33] [Server thread/TRACE] [FML]:   Registry: 304 minecraft:entity.llama.step net.minecraft.util.SoundEvent@2fe74516
[17:44:33] [Server thread/TRACE] [FML]:   Registry: 305 minecraft:entity.llama.swag net.minecraft.util.SoundEvent@1c3259fa
[17:44:33] [Server thread/TRACE] [FML]:   Registry: 306 minecraft:entity.magmacube.death net.minecraft.util.SoundEvent@217bf99e
[17:44:33] [Server thread/TRACE] [FML]:   Registry: 307 minecraft:entity.magmacube.hurt net.minecraft.util.SoundEvent@6807a356
[17:44:33] [Server thread/TRACE] [FML]:   Registry: 308 minecraft:entity.magmacube.jump net.minecraft.util.SoundEvent@7ddd84b5
[17:44:33] [Server thread/TRACE] [FML]:   Registry: 309 minecraft:entity.magmacube.squish net.minecraft.util.SoundEvent@73aeef7d
[17:44:33] [Server thread/TRACE] [FML]:   Registry: 310 minecraft:entity.minecart.inside net.minecraft.util.SoundEvent@d675f9f
[17:44:33] [Server thread/TRACE] [FML]:   Registry: 311 minecraft:entity.minecart.riding net.minecraft.util.SoundEvent@58af5076
[17:44:33] [Server thread/TRACE] [FML]:   Registry: 312 minecraft:entity.mooshroom.shear net.minecraft.util.SoundEvent@49469ffa
[17:44:33] [Server thread/TRACE] [FML]:   Registry: 313 minecraft:entity.mule.ambient net.minecraft.util.SoundEvent@4d9754a8
[17:44:33] [Server thread/TRACE] [FML]:   Registry: 314 minecraft:entity.mule.chest net.minecraft.util.SoundEvent@7a3b7122
[17:44:33] [Server thread/TRACE] [FML]:   Registry: 315 minecraft:entity.mule.death net.minecraft.util.SoundEvent@58b5a2f3
[17:44:33] [Server thread/TRACE] [FML]:   Registry: 316 minecraft:entity.mule.hurt net.minecraft.util.SoundEvent@25f15f50
[17:44:33] [Server thread/TRACE] [FML]:   Registry: 317 minecraft:entity.painting.break net.minecraft.util.SoundEvent@52b46d52
[17:44:33] [Server thread/TRACE] [FML]:   Registry: 318 minecraft:entity.painting.place net.minecraft.util.SoundEvent@7327a447
[17:44:33] [Server thread/TRACE] [FML]:   Registry: 319 minecraft:entity.parrot.ambient net.minecraft.util.SoundEvent@67022ea
[17:44:33] [Server thread/TRACE] [FML]:   Registry: 320 minecraft:entity.parrot.death net.minecraft.util.SoundEvent@2954f6ab
[17:44:33] [Server thread/TRACE] [FML]:   Registry: 321 minecraft:entity.parrot.eat net.minecraft.util.SoundEvent@58fbd02e
[17:44:33] [Server thread/TRACE] [FML]:   Registry: 322 minecraft:entity.parrot.fly net.minecraft.util.SoundEvent@163042ea
[17:44:33] [Server thread/TRACE] [FML]:   Registry: 323 minecraft:entity.parrot.hurt net.minecraft.util.SoundEvent@11d045b4
[17:44:33] [Server thread/TRACE] [FML]:   Registry: 324 minecraft:entity.parrot.imitate.blaze net.minecraft.util.SoundEvent@1fbf088b
[17:44:33] [Server thread/TRACE] [FML]:   Registry: 325 minecraft:entity.parrot.imitate.creeper net.minecraft.util.SoundEvent@1943c1f2
[17:44:33] [Server thread/TRACE] [FML]:   Registry: 326 minecraft:entity.parrot.imitate.elder_guardian net.minecraft.util.SoundEvent@d70f722
[17:44:33] [Server thread/TRACE] [FML]:   Registry: 327 minecraft:entity.parrot.imitate.enderdragon net.minecraft.util.SoundEvent@1e1eeedd
[17:44:33] [Server thread/TRACE] [FML]:   Registry: 328 minecraft:entity.parrot.imitate.enderman net.minecraft.util.SoundEvent@798256c5
[17:44:33] [Server thread/TRACE] [FML]:   Registry: 329 minecraft:entity.parrot.imitate.endermite net.minecraft.util.SoundEvent@7ec95456
[17:44:33] [Server thread/TRACE] [FML]:   Registry: 330 minecraft:entity.parrot.imitate.evocation_illager net.minecraft.util.SoundEvent@748a654a
[17:44:33] [Server thread/TRACE] [FML]:   Registry: 331 minecraft:entity.parrot.imitate.ghast net.minecraft.util.SoundEvent@1d8b0500
[17:44:33] [Server thread/TRACE] [FML]:   Registry: 332 minecraft:entity.parrot.imitate.husk net.minecraft.util.SoundEvent@76544c0a
[17:44:33] [Server thread/TRACE] [FML]:   Registry: 333 minecraft:entity.parrot.imitate.illusion_illager net.minecraft.util.SoundEvent@428bdd72
[17:44:33] [Server thread/TRACE] [FML]:   Registry: 334 minecraft:entity.parrot.imitate.magmacube net.minecraft.util.SoundEvent@650c405c
[17:44:33] [Server thread/TRACE] [FML]:   Registry: 335 minecraft:entity.parrot.imitate.polar_bear net.minecraft.util.SoundEvent@20eaeaf8
[17:44:33] [Server thread/TRACE] [FML]:   Registry: 336 minecraft:entity.parrot.imitate.shulker net.minecraft.util.SoundEvent@748ac6f3
[17:44:33] [Server thread/TRACE] [FML]:   Registry: 337 minecraft:entity.parrot.imitate.silverfish net.minecraft.util.SoundEvent@68f6e55d
[17:44:33] [Server thread/TRACE] [FML]:   Registry: 338 minecraft:entity.parrot.imitate.skeleton net.minecraft.util.SoundEvent@6fff46bf
[17:44:33] [Server thread/TRACE] [FML]:   Registry: 339 minecraft:entity.parrot.imitate.slime net.minecraft.util.SoundEvent@1835dc92
[17:44:33] [Server thread/TRACE] [FML]:   Registry: 340 minecraft:entity.parrot.imitate.spider net.minecraft.util.SoundEvent@3aaa3c39
[17:44:33] [Server thread/TRACE] [FML]:   Registry: 341 minecraft:entity.parrot.imitate.stray net.minecraft.util.SoundEvent@65a9ea3c
[17:44:33] [Server thread/TRACE] [FML]:   Registry: 342 minecraft:entity.parrot.imitate.vex net.minecraft.util.SoundEvent@70f68288
[17:44:33] [Server thread/TRACE] [FML]:   Registry: 343 minecraft:entity.parrot.imitate.vindication_illager net.minecraft.util.SoundEvent@46911148
[17:44:33] [Server thread/TRACE] [FML]:   Registry: 344 minecraft:entity.parrot.imitate.witch net.minecraft.util.SoundEvent@2db1b657
[17:44:33] [Server thread/TRACE] [FML]:   Registry: 345 minecraft:entity.parrot.imitate.wither net.minecraft.util.SoundEvent@7e351d7
[17:44:33] [Server thread/TRACE] [FML]:   Registry: 346 minecraft:entity.parrot.imitate.wither_skeleton net.minecraft.util.SoundEvent@43c57161
[17:44:33] [Server thread/TRACE] [FML]:   Registry: 347 minecraft:entity.parrot.imitate.wolf net.minecraft.util.SoundEvent@d902300
[17:44:33] [Server thread/TRACE] [FML]:   Registry: 348 minecraft:entity.parrot.imitate.zombie net.minecraft.util.SoundEvent@2db33feb
[17:44:33] [Server thread/TRACE] [FML]:   Registry: 349 minecraft:entity.parrot.imitate.zombie_pigman net.minecraft.util.SoundEvent@30c3ae63
[17:44:33] [Server thread/TRACE] [FML]:   Registry: 350 minecraft:entity.parrot.imitate.zombie_villager net.minecraft.util.SoundEvent@58658f63
[17:44:33] [Server thread/TRACE] [FML]:   Registry: 351 minecraft:entity.parrot.step net.minecraft.util.SoundEvent@54e12f4c
[17:44:33] [Server thread/TRACE] [FML]:   Registry: 352 minecraft:entity.pig.ambient net.minecraft.util.SoundEvent@60990e5c
[17:44:33] [Server thread/TRACE] [FML]:   Registry: 353 minecraft:entity.pig.death net.minecraft.util.SoundEvent@4d84049a
[17:44:33] [Server thread/TRACE] [FML]:   Registry: 354 minecraft:entity.pig.hurt net.minecraft.util.SoundEvent@39ee94de
[17:44:33] [Server thread/TRACE] [FML]:   Registry: 355 minecraft:entity.pig.saddle net.minecraft.util.SoundEvent@642857e0
[17:44:33] [Server thread/TRACE] [FML]:   Registry: 356 minecraft:entity.pig.step net.minecraft.util.SoundEvent@4c6b4ed7
[17:44:33] [Server thread/TRACE] [FML]:   Registry: 357 minecraft:entity.player.attack.crit net.minecraft.util.SoundEvent@21263314
[17:44:33] [Server thread/TRACE] [FML]:   Registry: 358 minecraft:entity.player.attack.knockback net.minecraft.util.SoundEvent@6ca30b8a
[17:44:33] [Server thread/TRACE] [FML]:   Registry: 359 minecraft:entity.player.attack.nodamage net.minecraft.util.SoundEvent@4a92c6a9
[17:44:33] [Server thread/TRACE] [FML]:   Registry: 360 minecraft:entity.player.attack.strong net.minecraft.util.SoundEvent@5c9934da
[17:44:33] [Server thread/TRACE] [FML]:   Registry: 361 minecraft:entity.player.attack.sweep net.minecraft.util.SoundEvent@4cb702ce
[17:44:33] [Server thread/TRACE] [FML]:   Registry: 362 minecraft:entity.player.attack.weak net.minecraft.util.SoundEvent@383caf89
[17:44:33] [Server thread/TRACE] [FML]:   Registry: 363 minecraft:entity.player.big_fall net.minecraft.util.SoundEvent@64c781a9
[17:44:33] [Server thread/TRACE] [FML]:   Registry: 364 minecraft:entity.player.breath net.minecraft.util.SoundEvent@71ed560f
[17:44:33] [Server thread/TRACE] [FML]:   Registry: 365 minecraft:entity.player.burp net.minecraft.util.SoundEvent@5b88b8e
[17:44:33] [Server thread/TRACE] [FML]:   Registry: 366 minecraft:entity.player.death net.minecraft.util.SoundEvent@58253c57
[17:44:33] [Server thread/TRACE] [FML]:   Registry: 367 minecraft:entity.player.hurt net.minecraft.util.SoundEvent@b73433
[17:44:33] [Server thread/TRACE] [FML]:   Registry: 368 minecraft:entity.player.hurt_drown net.minecraft.util.SoundEvent@1bf14704
[17:44:33] [Server thread/TRACE] [FML]:   Registry: 369 minecraft:entity.player.hurt_on_fire net.minecraft.util.SoundEvent@5a545b0f
[17:44:33] [Server thread/TRACE] [FML]:   Registry: 370 minecraft:entity.player.levelup net.minecraft.util.SoundEvent@2be21396
[17:44:33] [Server thread/TRACE] [FML]:   Registry: 371 minecraft:entity.player.small_fall net.minecraft.util.SoundEvent@124dac75
[17:44:33] [Server thread/TRACE] [FML]:   Registry: 372 minecraft:entity.player.splash net.minecraft.util.SoundEvent@315105f
[17:44:33] [Server thread/TRACE] [FML]:   Registry: 373 minecraft:entity.player.swim net.minecraft.util.SoundEvent@7b61bf11
[17:44:33] [Server thread/TRACE] [FML]:   Registry: 374 minecraft:entity.polar_bear.ambient net.minecraft.util.SoundEvent@40247d48
[17:44:33] [Server thread/TRACE] [FML]:   Registry: 375 minecraft:entity.polar_bear.baby_ambient net.minecraft.util.SoundEvent@3ff54f3d
[17:44:33] [Server thread/TRACE] [FML]:   Registry: 376 minecraft:entity.polar_bear.death net.minecraft.util.SoundEvent@14c93774
[17:44:33] [Server thread/TRACE] [FML]:   Registry: 377 minecraft:entity.polar_bear.hurt net.minecraft.util.SoundEvent@62a68bcb
[17:44:33] [Server thread/TRACE] [FML]:   Registry: 378 minecraft:entity.polar_bear.step net.minecraft.util.SoundEvent@18b74ea
[17:44:33] [Server thread/TRACE] [FML]:   Registry: 379 minecraft:entity.polar_bear.warning net.minecraft.util.SoundEvent@14924f41
[17:44:33] [Server thread/TRACE] [FML]:   Registry: 380 minecraft:entity.rabbit.ambient net.minecraft.util.SoundEvent@493da830
[17:44:33] [Server thread/TRACE] [FML]:   Registry: 381 minecraft:entity.rabbit.attack net.minecraft.util.SoundEvent@1f939a0f
[17:44:33] [Server thread/TRACE] [FML]:   Registry: 382 minecraft:entity.rabbit.death net.minecraft.util.SoundEvent@45658133
[17:44:33] [Server thread/TRACE] [FML]:   Registry: 383 minecraft:entity.rabbit.hurt net.minecraft.util.SoundEvent@430b2699
[17:44:33] [Server thread/TRACE] [FML]:   Registry: 384 minecraft:entity.rabbit.jump net.minecraft.util.SoundEvent@67536ae0
[17:44:33] [Server thread/TRACE] [FML]:   Registry: 385 minecraft:entity.sheep.ambient net.minecraft.util.SoundEvent@6413d7e7
[17:44:33] [Server thread/TRACE] [FML]:   Registry: 386 minecraft:entity.sheep.death net.minecraft.util.SoundEvent@d16be4f
[17:44:33] [Server thread/TRACE] [FML]:   Registry: 387 minecraft:entity.sheep.hurt net.minecraft.util.SoundEvent@17b37e9a
[17:44:33] [Server thread/TRACE] [FML]:   Registry: 388 minecraft:entity.sheep.shear net.minecraft.util.SoundEvent@6bcb12e6
[17:44:33] [Server thread/TRACE] [FML]:   Registry: 389 minecraft:entity.sheep.step net.minecraft.util.SoundEvent@111d5c97
[17:44:33] [Server thread/TRACE] [FML]:   Registry: 390 minecraft:entity.shulker.ambient net.minecraft.util.SoundEvent@29c17c3d
[17:44:33] [Server thread/TRACE] [FML]:   Registry: 391 minecraft:entity.shulker.close net.minecraft.util.SoundEvent@250a9031
[17:44:33] [Server thread/TRACE] [FML]:   Registry: 392 minecraft:entity.shulker.death net.minecraft.util.SoundEvent@1665fa54
[17:44:33] [Server thread/TRACE] [FML]:   Registry: 393 minecraft:entity.shulker.hurt net.minecraft.util.SoundEvent@6d67f5eb
[17:44:33] [Server thread/TRACE] [FML]:   Registry: 394 minecraft:entity.shulker.hurt_closed net.minecraft.util.SoundEvent@4f654cee
[17:44:33] [Server thread/TRACE] [FML]:   Registry: 395 minecraft:entity.shulker.open net.minecraft.util.SoundEvent@3e1fd62b
[17:44:33] [Server thread/TRACE] [FML]:   Registry: 396 minecraft:entity.shulker.shoot net.minecraft.util.SoundEvent@7112ce6
[17:44:33] [Server thread/TRACE] [FML]:   Registry: 397 minecraft:entity.shulker.teleport net.minecraft.util.SoundEvent@558b4942
[17:44:33] [Server thread/TRACE] [FML]:   Registry: 398 minecraft:entity.shulker_bullet.hit net.minecraft.util.SoundEvent@30ec7d21
[17:44:33] [Server thread/TRACE] [FML]:   Registry: 399 minecraft:entity.shulker_bullet.hurt net.minecraft.util.SoundEvent@70025b99
[17:44:33] [Server thread/TRACE] [FML]:   Registry: 400 minecraft:entity.silverfish.ambient net.minecraft.util.SoundEvent@7efa3f63
[17:44:33] [Server thread/TRACE] [FML]:   Registry: 401 minecraft:entity.silverfish.death net.minecraft.util.SoundEvent@7134b8a7
[17:44:33] [Server thread/TRACE] [FML]:   Registry: 402 minecraft:entity.silverfish.hurt net.minecraft.util.SoundEvent@2262d6d5
[17:44:33] [Server thread/TRACE] [FML]:   Registry: 403 minecraft:entity.silverfish.step net.minecraft.util.SoundEvent@40de8f93
[17:44:33] [Server thread/TRACE] [FML]:   Registry: 404 minecraft:entity.skeleton.ambient net.minecraft.util.SoundEvent@6ff0b1cc
[17:44:33] [Server thread/TRACE] [FML]:   Registry: 405 minecraft:entity.skeleton.death net.minecraft.util.SoundEvent@3b55dd15
[17:44:33] [Server thread/TRACE] [FML]:   Registry: 406 minecraft:entity.skeleton.hurt net.minecraft.util.SoundEvent@f3560d4
[17:44:33] [Server thread/TRACE] [FML]:   Registry: 407 minecraft:entity.skeleton.shoot net.minecraft.util.SoundEvent@3ba3d4b6
[17:44:33] [Server thread/TRACE] [FML]:   Registry: 408 minecraft:entity.skeleton.step net.minecraft.util.SoundEvent@51b77cdf
[17:44:33] [Server thread/TRACE] [FML]:   Registry: 409 minecraft:entity.skeleton_horse.ambient net.minecraft.util.SoundEvent@441fbe89
[17:44:33] [Server thread/TRACE] [FML]:   Registry: 410 minecraft:entity.skeleton_horse.death net.minecraft.util.SoundEvent@6088451e
[17:44:33] [Server thread/TRACE] [FML]:   Registry: 411 minecraft:entity.skeleton_horse.hurt net.minecraft.util.SoundEvent@45ab3bdd
[17:44:33] [Server thread/TRACE] [FML]:   Registry: 412 minecraft:entity.slime.attack net.minecraft.util.SoundEvent@2f10f633
[17:44:33] [Server thread/TRACE] [FML]:   Registry: 413 minecraft:entity.slime.death net.minecraft.util.SoundEvent@1642eeae
[17:44:33] [Server thread/TRACE] [FML]:   Registry: 414 minecraft:entity.slime.hurt net.minecraft.util.SoundEvent@3440e9cd
[17:44:33] [Server thread/TRACE] [FML]:   Registry: 415 minecraft:entity.slime.jump net.minecraft.util.SoundEvent@28a9494b
[17:44:33] [Server thread/TRACE] [FML]:   Registry: 416 minecraft:entity.slime.squish net.minecraft.util.SoundEvent@a09303
[17:44:33] [Server thread/TRACE] [FML]:   Registry: 417 minecraft:entity.small_magmacube.death net.minecraft.util.SoundEvent@1163a27
[17:44:33] [Server thread/TRACE] [FML]:   Registry: 418 minecraft:entity.small_magmacube.hurt net.minecraft.util.SoundEvent@322ba549
[17:44:33] [Server thread/TRACE] [FML]:   Registry: 419 minecraft:entity.small_magmacube.squish net.minecraft.util.SoundEvent@502a4156
[17:44:33] [Server thread/TRACE] [FML]:   Registry: 420 minecraft:entity.small_slime.death net.minecraft.util.SoundEvent@5416f8db
[17:44:33] [Server thread/TRACE] [FML]:   Registry: 421 minecraft:entity.small_slime.hurt net.minecraft.util.SoundEvent@64e1377c
[17:44:33] [Server thread/TRACE] [FML]:   Registry: 422 minecraft:entity.small_slime.jump net.minecraft.util.SoundEvent@b0fd744
[17:44:33] [Server thread/TRACE] [FML]:   Registry: 423 minecraft:entity.small_slime.squish net.minecraft.util.SoundEvent@92d1782
[17:44:33] [Server thread/TRACE] [FML]:   Registry: 424 minecraft:entity.snowball.throw net.minecraft.util.SoundEvent@6a1ef65c
[17:44:33] [Server thread/TRACE] [FML]:   Registry: 425 minecraft:entity.snowman.ambient net.minecraft.util.SoundEvent@72976b4
[17:44:33] [Server thread/TRACE] [FML]:   Registry: 426 minecraft:entity.snowman.death net.minecraft.util.SoundEvent@726934e2
[17:44:33] [Server thread/TRACE] [FML]:   Registry: 427 minecraft:entity.snowman.hurt net.minecraft.util.SoundEvent@1319bc2a
[17:44:33] [Server thread/TRACE] [FML]:   Registry: 428 minecraft:entity.snowman.shoot net.minecraft.util.SoundEvent@e280403
[17:44:33] [Server thread/TRACE] [FML]:   Registry: 429 minecraft:entity.spider.ambient net.minecraft.util.SoundEvent@42f85fa4
[17:44:33] [Server thread/TRACE] [FML]:   Registry: 430 minecraft:entity.spider.death net.minecraft.util.SoundEvent@798dad3d
[17:44:33] [Server thread/TRACE] [FML]:   Registry: 431 minecraft:entity.spider.hurt net.minecraft.util.SoundEvent@27abb6ca
[17:44:33] [Server thread/TRACE] [FML]:   Registry: 432 minecraft:entity.spider.step net.minecraft.util.SoundEvent@696db620
[17:44:33] [Server thread/TRACE] [FML]:   Registry: 433 minecraft:entity.splash_potion.break net.minecraft.util.SoundEvent@6968c1d6
[17:44:33] [Server thread/TRACE] [FML]:   Registry: 434 minecraft:entity.splash_potion.throw net.minecraft.util.SoundEvent@7d986d83
[17:44:33] [Server thread/TRACE] [FML]:   Registry: 435 minecraft:entity.squid.ambient net.minecraft.util.SoundEvent@77f991c
[17:44:33] [Server thread/TRACE] [FML]:   Registry: 436 minecraft:entity.squid.death net.minecraft.util.SoundEvent@3a7e365
[17:44:33] [Server thread/TRACE] [FML]:   Registry: 437 minecraft:entity.squid.hurt net.minecraft.util.SoundEvent@2ceee4b6
[17:44:33] [Server thread/TRACE] [FML]:   Registry: 438 minecraft:entity.stray.ambient net.minecraft.util.SoundEvent@12a470dd
[17:44:33] [Server thread/TRACE] [FML]:   Registry: 439 minecraft:entity.stray.death net.minecraft.util.SoundEvent@6968bcec
[17:44:33] [Server thread/TRACE] [FML]:   Registry: 440 minecraft:entity.stray.hurt net.minecraft.util.SoundEvent@5568c66f
[17:44:33] [Server thread/TRACE] [FML]:   Registry: 441 minecraft:entity.stray.step net.minecraft.util.SoundEvent@e784320
[17:44:33] [Server thread/TRACE] [FML]:   Registry: 442 minecraft:entity.tnt.primed net.minecraft.util.SoundEvent@3f6bf8aa
[17:44:33] [Server thread/TRACE] [FML]:   Registry: 443 minecraft:entity.vex.ambient net.minecraft.util.SoundEvent@13c8ac77
[17:44:33] [Server thread/TRACE] [FML]:   Registry: 444 minecraft:entity.vex.charge net.minecraft.util.SoundEvent@4bdf
[17:44:33] [Server thread/TRACE] [FML]:   Registry: 445 minecraft:entity.vex.death net.minecraft.util.SoundEvent@4cad79bc
[17:44:33] [Server thread/TRACE] [FML]:   Registry: 446 minecraft:entity.vex.hurt net.minecraft.util.SoundEvent@2c63762b
[17:44:33] [Server thread/TRACE] [FML]:   Registry: 447 minecraft:entity.villager.ambient net.minecraft.util.SoundEvent@7a9eccc4
[17:44:33] [Server thread/TRACE] [FML]:   Registry: 448 minecraft:entity.villager.death net.minecraft.util.SoundEvent@78422efb
[17:44:33] [Server thread/TRACE] [FML]:   Registry: 449 minecraft:entity.villager.hurt net.minecraft.util.SoundEvent@5f05c8d6
[17:44:33] [Server thread/TRACE] [FML]:   Registry: 450 minecraft:entity.villager.no net.minecraft.util.SoundEvent@68e02f33
[17:44:33] [Server thread/TRACE] [FML]:   Registry: 451 minecraft:entity.villager.trading net.minecraft.util.SoundEvent@64942607
[17:44:33] [Server thread/TRACE] [FML]:   Registry: 452 minecraft:entity.villager.yes net.minecraft.util.SoundEvent@d48e998
[17:44:33] [Server thread/TRACE] [FML]:   Registry: 453 minecraft:entity.vindication_illager.ambient net.minecraft.util.SoundEvent@7cfac39f
[17:44:33] [Server thread/TRACE] [FML]:   Registry: 454 minecraft:entity.vindication_illager.death net.minecraft.util.SoundEvent@158ae284
[17:44:33] [Server thread/TRACE] [FML]:   Registry: 455 minecraft:entity.vindication_illager.hurt net.minecraft.util.SoundEvent@50eb4a2c
[17:44:33] [Server thread/TRACE] [FML]:   Registry: 456 minecraft:entity.witch.ambient net.minecraft.util.SoundEvent@1a256d80
[17:44:33] [Server thread/TRACE] [FML]:   Registry: 457 minecraft:entity.witch.death net.minecraft.util.SoundEvent@3069a360
[17:44:33] [Server thread/TRACE] [FML]:   Registry: 458 minecraft:entity.witch.drink net.minecraft.util.SoundEvent@7235f92b
[17:44:33] [Server thread/TRACE] [FML]:   Registry: 459 minecraft:entity.witch.hurt net.minecraft.util.SoundEvent@7885776b
[17:44:33] [Server thread/TRACE] [FML]:   Registry: 460 minecraft:entity.witch.throw net.minecraft.util.SoundEvent@497d4c96
[17:44:33] [Server thread/TRACE] [FML]:   Registry: 461 minecraft:entity.wither.ambient net.minecraft.util.SoundEvent@3472947a
[17:44:33] [Server thread/TRACE] [FML]:   Registry: 462 minecraft:entity.wither.break_block net.minecraft.util.SoundEvent@69d3cf7e
[17:44:33] [Server thread/TRACE] [FML]:   Registry: 463 minecraft:entity.wither.death net.minecraft.util.SoundEvent@3a3ed300
[17:44:33] [Server thread/TRACE] [FML]:   Registry: 464 minecraft:entity.wither.hurt net.minecraft.util.SoundEvent@1984212d
[17:44:33] [Server thread/TRACE] [FML]:   Registry: 465 minecraft:entity.wither.shoot net.minecraft.util.SoundEvent@39f5b723
[17:44:33] [Server thread/TRACE] [FML]:   Registry: 466 minecraft:entity.wither.spawn net.minecraft.util.SoundEvent@4eaa375c
[17:44:33] [Server thread/TRACE] [FML]:   Registry: 467 minecraft:entity.wither_skeleton.ambient net.minecraft.util.SoundEvent@2404b5a
[17:44:33] [Server thread/TRACE] [FML]:   Registry: 468 minecraft:entity.wither_skeleton.death net.minecraft.util.SoundEvent@3af58f76
[17:44:33] [Server thread/TRACE] [FML]:   Registry: 469 minecraft:entity.wither_skeleton.hurt net.minecraft.util.SoundEvent@2ead6ba4
[17:44:33] [Server thread/TRACE] [FML]:   Registry: 470 minecraft:entity.wither_skeleton.step net.minecraft.util.SoundEvent@31a2a9fa
[17:44:33] [Server thread/TRACE] [FML]:   Registry: 471 minecraft:entity.wolf.ambient net.minecraft.util.SoundEvent@31b82e0f
[17:44:33] [Server thread/TRACE] [FML]:   Registry: 472 minecraft:entity.wolf.death net.minecraft.util.SoundEvent@27a09971
[17:44:33] [Server thread/TRACE] [FML]:   Registry: 473 minecraft:entity.wolf.growl net.minecraft.util.SoundEvent@6215366a
[17:44:33] [Server thread/TRACE] [FML]:   Registry: 474 minecraft:entity.wolf.howl net.minecraft.util.SoundEvent@46dcbeab
[17:44:33] [Server thread/TRACE] [FML]:   Registry: 475 minecraft:entity.wolf.hurt net.minecraft.util.SoundEvent@36e43829
[17:44:33] [Server thread/TRACE] [FML]:   Registry: 476 minecraft:entity.wolf.pant net.minecraft.util.SoundEvent@152c4495
[17:44:33] [Server thread/TRACE] [FML]:   Registry: 477 minecraft:entity.wolf.shake net.minecraft.util.SoundEvent@5ec1963c
[17:44:33] [Server thread/TRACE] [FML]:   Registry: 478 minecraft:entity.wolf.step net.minecraft.util.SoundEvent@7dcb42a9
[17:44:33] [Server thread/TRACE] [FML]:   Registry: 479 minecraft:entity.wolf.whine net.minecraft.util.SoundEvent@6af90849
[17:44:33] [Server thread/TRACE] [FML]:   Registry: 480 minecraft:entity.zombie.ambient net.minecraft.util.SoundEvent@1d06f16f
[17:44:33] [Server thread/TRACE] [FML]:   Registry: 481 minecraft:entity.zombie.attack_door_wood net.minecraft.util.SoundEvent@4fa4f485
[17:44:33] [Server thread/TRACE] [FML]:   Registry: 482 minecraft:entity.zombie.attack_iron_door net.minecraft.util.SoundEvent@68dd39d2
[17:44:33] [Server thread/TRACE] [FML]:   Registry: 483 minecraft:entity.zombie.break_door_wood net.minecraft.util.SoundEvent@4a44cfc0
[17:44:33] [Server thread/TRACE] [FML]:   Registry: 484 minecraft:entity.zombie.death net.minecraft.util.SoundEvent@60e3c26e
[17:44:33] [Server thread/TRACE] [FML]:   Registry: 485 minecraft:entity.zombie.hurt net.minecraft.util.SoundEvent@80b122b
[17:44:33] [Server thread/TRACE] [FML]:   Registry: 486 minecraft:entity.zombie.infect net.minecraft.util.SoundEvent@999b951
[17:44:33] [Server thread/TRACE] [FML]:   Registry: 487 minecraft:entity.zombie.step net.minecraft.util.SoundEvent@65cf4d6d
[17:44:33] [Server thread/TRACE] [FML]:   Registry: 488 minecraft:entity.zombie_horse.ambient net.minecraft.util.SoundEvent@1b410308
[17:44:33] [Server thread/TRACE] [FML]:   Registry: 489 minecraft:entity.zombie_horse.death net.minecraft.util.SoundEvent@4b0bd001
[17:44:33] [Server thread/TRACE] [FML]:   Registry: 490 minecraft:entity.zombie_horse.hurt net.minecraft.util.SoundEvent@f9cab00
[17:44:33] [Server thread/TRACE] [FML]:   Registry: 491 minecraft:entity.zombie_pig.ambient net.minecraft.util.SoundEvent@10272bbb
[17:44:33] [Server thread/TRACE] [FML]:   Registry: 492 minecraft:entity.zombie_pig.angry net.minecraft.util.SoundEvent@36d33f4
[17:44:33] [Server thread/TRACE] [FML]:   Registry: 493 minecraft:entity.zombie_pig.death net.minecraft.util.SoundEvent@16736040
[17:44:33] [Server thread/TRACE] [FML]:   Registry: 494 minecraft:entity.zombie_pig.hurt net.minecraft.util.SoundEvent@7c5d1d25
[17:44:33] [Server thread/TRACE] [FML]:   Registry: 495 minecraft:entity.zombie_villager.ambient net.minecraft.util.SoundEvent@550e9be6
[17:44:33] [Server thread/TRACE] [FML]:   Registry: 496 minecraft:entity.zombie_villager.converted net.minecraft.util.SoundEvent@3f96f020
[17:44:33] [Server thread/TRACE] [FML]:   Registry: 497 minecraft:entity.zombie_villager.cure net.minecraft.util.SoundEvent@32eae6f2
[17:44:33] [Server thread/TRACE] [FML]:   Registry: 498 minecraft:entity.zombie_villager.death net.minecraft.util.SoundEvent@26ca61bf
[17:44:33] [Server thread/TRACE] [FML]:   Registry: 499 minecraft:entity.zombie_villager.hurt net.minecraft.util.SoundEvent@73a0f2b
[17:44:33] [Server thread/TRACE] [FML]:   Registry: 500 minecraft:entity.zombie_villager.step net.minecraft.util.SoundEvent@fa5f81c
[17:44:33] [Server thread/TRACE] [FML]:   Registry: 501 minecraft:item.armor.equip_chain net.minecraft.util.SoundEvent@6a1d526c
[17:44:33] [Server thread/TRACE] [FML]:   Registry: 502 minecraft:item.armor.equip_diamond net.minecraft.util.SoundEvent@1f2f0109
[17:44:33] [Server thread/TRACE] [FML]:   Registry: 503 minecraft:item.armor.equip_elytra net.minecraft.util.SoundEvent@483b0690
[17:44:33] [Server thread/TRACE] [FML]:   Registry: 504 minecraft:item.armor.equip_generic net.minecraft.util.SoundEvent@687e6293
[17:44:33] [Server thread/TRACE] [FML]:   Registry: 505 minecraft:item.armor.equip_gold net.minecraft.util.SoundEvent@6870c3c2
[17:44:33] [Server thread/TRACE] [FML]:   Registry: 506 minecraft:item.armor.equip_iron net.minecraft.util.SoundEvent@fb0a08c
[17:44:33] [Server thread/TRACE] [FML]:   Registry: 507 minecraft:item.armor.equip_leather net.minecraft.util.SoundEvent@1faf386c
[17:44:33] [Server thread/TRACE] [FML]:   Registry: 508 minecraft:item.bottle.empty net.minecraft.util.SoundEvent@4debbf0
[17:44:33] [Server thread/TRACE] [FML]:   Registry: 509 minecraft:item.bottle.fill net.minecraft.util.SoundEvent@6a5e167a
[17:44:33] [Server thread/TRACE] [FML]:   Registry: 510 minecraft:item.bottle.fill_dragonbreath net.minecraft.util.SoundEvent@60e06f7d
[17:44:33] [Server thread/TRACE] [FML]:   Registry: 511 minecraft:item.bucket.empty net.minecraft.util.SoundEvent@66a5755
[17:44:33] [Server thread/TRACE] [FML]:   Registry: 512 minecraft:item.bucket.empty_lava net.minecraft.util.SoundEvent@771a7d53
[17:44:33] [Server thread/TRACE] [FML]:   Registry: 513 minecraft:item.bucket.fill net.minecraft.util.SoundEvent@6d6d480c
[17:44:33] [Server thread/TRACE] [FML]:   Registry: 514 minecraft:item.bucket.fill_lava net.minecraft.util.SoundEvent@e95595b
[17:44:33] [Server thread/TRACE] [FML]:   Registry: 515 minecraft:item.chorus_fruit.teleport net.minecraft.util.SoundEvent@5a917723
[17:44:33] [Server thread/TRACE] [FML]:   Registry: 516 minecraft:item.elytra.flying net.minecraft.util.SoundEvent@7e4579c7
[17:44:33] [Server thread/TRACE] [FML]:   Registry: 517 minecraft:item.firecharge.use net.minecraft.util.SoundEvent@796f632b
[17:44:33] [Server thread/TRACE] [FML]:   Registry: 518 minecraft:item.flintandsteel.use net.minecraft.util.SoundEvent@5d94a2dc
[17:44:33] [Server thread/TRACE] [FML]:   Registry: 519 minecraft:item.hoe.till net.minecraft.util.SoundEvent@cedee22
[17:44:33] [Server thread/TRACE] [FML]:   Registry: 520 minecraft:item.shield.block net.minecraft.util.SoundEvent@59b32539
[17:44:33] [Server thread/TRACE] [FML]:   Registry: 521 minecraft:item.shield.break net.minecraft.util.SoundEvent@5b47731f
[17:44:33] [Server thread/TRACE] [FML]:   Registry: 522 minecraft:item.shovel.flatten net.minecraft.util.SoundEvent@233db8e9
[17:44:33] [Server thread/TRACE] [FML]:   Registry: 523 minecraft:item.totem.use net.minecraft.util.SoundEvent@40c2ce52
[17:44:33] [Server thread/TRACE] [FML]:   Registry: 524 minecraft:music.creative net.minecraft.util.SoundEvent@18a19e
[17:44:33] [Server thread/TRACE] [FML]:   Registry: 525 minecraft:music.credits net.minecraft.util.SoundEvent@60a7e509
[17:44:33] [Server thread/TRACE] [FML]:   Registry: 526 minecraft:music.dragon net.minecraft.util.SoundEvent@2e13f304
[17:44:33] [Server thread/TRACE] [FML]:   Registry: 527 minecraft:music.end net.minecraft.util.SoundEvent@787508ca
[17:44:33] [Server thread/TRACE] [FML]:   Registry: 528 minecraft:music.game net.minecraft.util.SoundEvent@3d24420b
[17:44:33] [Server thread/TRACE] [FML]:   Registry: 529 minecraft:music.menu net.minecraft.util.SoundEvent@6274670b
[17:44:33] [Server thread/TRACE] [FML]:   Registry: 530 minecraft:music.nether net.minecraft.util.SoundEvent@53ce2392
[17:44:33] [Server thread/TRACE] [FML]:   Registry: 531 minecraft:record.11 net.minecraft.util.SoundEvent@32d5279
[17:44:33] [Server thread/TRACE] [FML]:   Registry: 532 minecraft:record.13 net.minecraft.util.SoundEvent@1c067c0d
[17:44:33] [Server thread/TRACE] [FML]:   Registry: 533 minecraft:record.blocks net.minecraft.util.SoundEvent@5d0b0cb9
[17:44:33] [Server thread/TRACE] [FML]:   Registry: 534 minecraft:record.cat net.minecraft.util.SoundEvent@7f7b6639
[17:44:33] [Server thread/TRACE] [FML]:   Registry: 535 minecraft:record.chirp net.minecraft.util.SoundEvent@16ac5d35
[17:44:33] [Server thread/TRACE] [FML]:   Registry: 536 minecraft:record.far net.minecraft.util.SoundEvent@3965bdf9
[17:44:33] [Server thread/TRACE] [FML]:   Registry: 537 minecraft:record.mall net.minecraft.util.SoundEvent@3c0e00a8
[17:44:33] [Server thread/TRACE] [FML]:   Registry: 538 minecraft:record.mellohi net.minecraft.util.SoundEvent@1860f3be
[17:44:33] [Server thread/TRACE] [FML]:   Registry: 539 minecraft:record.stal net.minecraft.util.SoundEvent@6cd15072
[17:44:33] [Server thread/TRACE] [FML]:   Registry: 540 minecraft:record.strad net.minecraft.util.SoundEvent@78cfa264
[17:44:33] [Server thread/TRACE] [FML]:   Registry: 541 minecraft:record.wait net.minecraft.util.SoundEvent@3408f695
[17:44:33] [Server thread/TRACE] [FML]:   Registry: 542 minecraft:record.ward net.minecraft.util.SoundEvent@2b6a0ea9
[17:44:33] [Server thread/TRACE] [FML]:   Registry: 543 minecraft:ui.button.click net.minecraft.util.SoundEvent@4dde8976
[17:44:33] [Server thread/TRACE] [FML]:   Registry: 544 minecraft:ui.toast.in net.minecraft.util.SoundEvent@4887de2b
[17:44:33] [Server thread/TRACE] [FML]:   Registry: 545 minecraft:ui.toast.out net.minecraft.util.SoundEvent@3b4825f0
[17:44:33] [Server thread/TRACE] [FML]:   Registry: 546 minecraft:ui.toast.challenge_complete net.minecraft.util.SoundEvent@40ac6b76
[17:44:33] [Server thread/TRACE] [FML]:   Registry: 547 minecraft:weather.rain net.minecraft.util.SoundEvent@7980cf2c
[17:44:33] [Server thread/TRACE] [FML]:   Registry: 548 minecraft:weather.rain.above net.minecraft.util.SoundEvent@f0020b1
[17:44:33] [Server thread/TRACE] [FML]: Registry Name : minecraft:potiontypes
[17:44:33] [Server thread/TRACE] [FML]:   Registry: 0 minecraft:empty net.minecraft.potion.PotionType@39ae6408
[17:44:33] [Server thread/TRACE] [FML]:   Registry: 1 minecraft:water net.minecraft.potion.PotionType@cfacf0
[17:44:33] [Server thread/TRACE] [FML]:   Registry: 2 minecraft:mundane net.minecraft.potion.PotionType@4c8abec7
[17:44:33] [Server thread/TRACE] [FML]:   Registry: 3 minecraft:thick net.minecraft.potion.PotionType@45f241df
[17:44:33] [Server thread/TRACE] [FML]:   Registry: 4 minecraft:awkward net.minecraft.potion.PotionType@f36f34d
[17:44:33] [Server thread/TRACE] [FML]:   Registry: 5 minecraft:night_vision net.minecraft.potion.PotionType@72e36677
[17:44:33] [Server thread/TRACE] [FML]:   Registry: 6 minecraft:long_night_vision net.minecraft.potion.PotionType@6b86826a
[17:44:33] [Server thread/TRACE] [FML]:   Registry: 7 minecraft:invisibility net.minecraft.potion.PotionType@3c2dda7c
[17:44:33] [Server thread/TRACE] [FML]:   Registry: 8 minecraft:long_invisibility net.minecraft.potion.PotionType@4b9fa2f
[17:44:33] [Server thread/TRACE] [FML]:   Registry: 9 minecraft:leaping net.minecraft.potion.PotionType@6d80e411
[17:44:33] [Server thread/TRACE] [FML]:   Registry: 10 minecraft:long_leaping net.minecraft.potion.PotionType@32caae19
[17:44:33] [Server thread/TRACE] [FML]:   Registry: 11 minecraft:strong_leaping net.minecraft.potion.PotionType@60e67c06
[17:44:33] [Server thread/TRACE] [FML]:   Registry: 12 minecraft:fire_resistance net.minecraft.potion.PotionType@2bc59ab7
[17:44:33] [Server thread/TRACE] [FML]:   Registry: 13 minecraft:long_fire_resistance net.minecraft.potion.PotionType@410f53b2
[17:44:33] [Server thread/TRACE] [FML]:   Registry: 14 minecraft:swiftness net.minecraft.potion.PotionType@265287ec
[17:44:33] [Server thread/TRACE] [FML]:   Registry: 15 minecraft:long_swiftness net.minecraft.potion.PotionType@7507d96c
[17:44:33] [Server thread/TRACE] [FML]:   Registry: 16 minecraft:strong_swiftness net.minecraft.potion.PotionType@7210f559
[17:44:33] [Server thread/TRACE] [FML]:   Registry: 17 minecraft:slowness net.minecraft.potion.PotionType@49b9ba6a
[17:44:33] [Server thread/TRACE] [FML]:   Registry: 18 minecraft:long_slowness net.minecraft.potion.PotionType@7be62956
[17:44:33] [Server thread/TRACE] [FML]:   Registry: 19 minecraft:water_breathing net.minecraft.potion.PotionType@30e143ff
[17:44:33] [Server thread/TRACE] [FML]:   Registry: 20 minecraft:long_water_breathing net.minecraft.potion.PotionType@452ec287
[17:44:33] [Server thread/TRACE] [FML]:   Registry: 21 minecraft:healing net.minecraft.potion.PotionType@41404aa2
[17:44:33] [Server thread/TRACE] [FML]:   Registry: 22 minecraft:strong_healing net.minecraft.potion.PotionType@b267745
[17:44:33] [Server thread/TRACE] [FML]:   Registry: 23 minecraft:harming net.minecraft.potion.PotionType@31e22365
[17:44:33] [Server thread/TRACE] [FML]:   Registry: 24 minecraft:strong_harming net.minecraft.potion.PotionType@2ebf524
[17:44:33] [Server thread/TRACE] [FML]:   Registry: 25 minecraft:poison net.minecraft.potion.PotionType@41bdaa81
[17:44:33] [Server thread/TRACE] [FML]:   Registry: 26 minecraft:long_poison net.minecraft.potion.PotionType@799971ac
[17:44:33] [Server thread/TRACE] [FML]:   Registry: 27 minecraft:strong_poison net.minecraft.potion.PotionType@59c08cf1
[17:44:33] [Server thread/TRACE] [FML]:   Registry: 28 minecraft:regeneration net.minecraft.potion.PotionType@45f0038
[17:44:33] [Server thread/TRACE] [FML]:   Registry: 29 minecraft:long_regeneration net.minecraft.potion.PotionType@289a4b90
[17:44:33] [Server thread/TRACE] [FML]:   Registry: 30 minecraft:strong_regeneration net.minecraft.potion.PotionType@1a3c4b3e
[17:44:33] [Server thread/TRACE] [FML]:   Registry: 31 minecraft:strength net.minecraft.potion.PotionType@4746fb8c
[17:44:33] [Server thread/TRACE] [FML]:   Registry: 32 minecraft:long_strength net.minecraft.potion.PotionType@3be46d9c
[17:44:33] [Server thread/TRACE] [FML]:   Registry: 33 minecraft:strong_strength net.minecraft.potion.PotionType@41d877bb
[17:44:33] [Server thread/TRACE] [FML]:   Registry: 34 minecraft:weakness net.minecraft.potion.PotionType@39c5a105
[17:44:33] [Server thread/TRACE] [FML]:   Registry: 35 minecraft:long_weakness net.minecraft.potion.PotionType@492fa72a
[17:44:33] [Server thread/TRACE] [FML]:   Registry: 36 minecraft:luck net.minecraft.potion.PotionType@513fab1e
[17:44:33] [Server thread/TRACE] [FML]: Registry Name : minecraft:enchantments
[17:44:33] [Server thread/TRACE] [FML]:   Registry: 0 minecraft:protection net.minecraft.enchantment.EnchantmentProtection@1ef93e01
[17:44:33] [Server thread/TRACE] [FML]:   Registry: 1 minecraft:fire_protection net.minecraft.enchantment.EnchantmentProtection@4fafd27e
[17:44:33] [Server thread/TRACE] [FML]:   Registry: 2 minecraft:feather_falling net.minecraft.enchantment.EnchantmentProtection@6cd66f6a
[17:44:33] [Server thread/TRACE] [FML]:   Registry: 3 minecraft:blast_protection net.minecraft.enchantment.EnchantmentProtection@d512c1
[17:44:33] [Server thread/TRACE] [FML]:   Registry: 4 minecraft:projectile_protection net.minecraft.enchantment.EnchantmentProtection@578b2dec
[17:44:33] [Server thread/TRACE] [FML]:   Registry: 5 minecraft:respiration net.minecraft.enchantment.EnchantmentOxygen@48ee3c2d
[17:44:33] [Server thread/TRACE] [FML]:   Registry: 6 minecraft:aqua_affinity net.minecraft.enchantment.EnchantmentWaterWorker@218f2f51
[17:44:33] [Server thread/TRACE] [FML]:   Registry: 7 minecraft:thorns net.minecraft.enchantment.EnchantmentThorns@43756cb
[17:44:33] [Server thread/TRACE] [FML]:   Registry: 8 minecraft:depth_strider net.minecraft.enchantment.EnchantmentWaterWalker@1a336906
[17:44:33] [Server thread/TRACE] [FML]:   Registry: 9 minecraft:frost_walker net.minecraft.enchantment.EnchantmentFrostWalker@69bc4024
[17:44:33] [Server thread/TRACE] [FML]:   Registry: 10 minecraft:binding_curse net.minecraft.enchantment.EnchantmentBindingCurse@1efcba00
[17:44:33] [Server thread/TRACE] [FML]:   Registry: 16 minecraft:sharpness net.minecraft.enchantment.EnchantmentDamage@2fcc5f49
[17:44:33] [Server thread/TRACE] [FML]:   Registry: 17 minecraft:smite net.minecraft.enchantment.EnchantmentDamage@28e48b65
[17:44:33] [Server thread/TRACE] [FML]:   Registry: 18 minecraft:bane_of_arthropods net.minecraft.enchantment.EnchantmentDamage@6cde0c69
[17:44:33] [Server thread/TRACE] [FML]:   Registry: 19 minecraft:knockback net.minecraft.enchantment.EnchantmentKnockback@347b370c
[17:44:33] [Server thread/TRACE] [FML]:   Registry: 20 minecraft:fire_aspect net.minecraft.enchantment.EnchantmentFireAspect@92fd091
[17:44:33] [Server thread/TRACE] [FML]:   Registry: 21 minecraft:looting net.minecraft.enchantment.EnchantmentLootBonus@77204651
[17:44:33] [Server thread/TRACE] [FML]:   Registry: 22 minecraft:sweeping net.minecraft.enchantment.EnchantmentSweepingEdge@e994ca
[17:44:33] [Server thread/TRACE] [FML]:   Registry: 32 minecraft:efficiency net.minecraft.enchantment.EnchantmentDigging@5256fbc
[17:44:33] [Server thread/TRACE] [FML]:   Registry: 33 minecraft:silk_touch net.minecraft.enchantment.EnchantmentUntouching@56f2c9e8
[17:44:33] [Server thread/TRACE] [FML]:   Registry: 34 minecraft:unbreaking net.minecraft.enchantment.EnchantmentDurability@6cc56b32
[17:44:33] [Server thread/TRACE] [FML]:   Registry: 35 minecraft:fortune net.minecraft.enchantment.EnchantmentLootBonus@43fe2008
[17:44:33] [Server thread/TRACE] [FML]:   Registry: 48 minecraft:power net.minecraft.enchantment.EnchantmentArrowDamage@15130002
[17:44:33] [Server thread/TRACE] [FML]:   Registry: 49 minecraft:punch net.minecraft.enchantment.EnchantmentArrowKnockback@3de45b6c
[17:44:33] [Server thread/TRACE] [FML]:   Registry: 50 minecraft:flame net.minecraft.enchantment.EnchantmentArrowFire@35554635
[17:44:33] [Server thread/TRACE] [FML]:   Registry: 51 minecraft:infinity net.minecraft.enchantment.EnchantmentArrowInfinite@2fdf7da2
[17:44:33] [Server thread/TRACE] [FML]:   Registry: 61 minecraft:luck_of_the_sea net.minecraft.enchantment.EnchantmentLootBonus@43b172e3
[17:44:33] [Server thread/TRACE] [FML]:   Registry: 62 minecraft:lure net.minecraft.enchantment.EnchantmentFishingSpeed@6fe2a366
[17:44:33] [Server thread/TRACE] [FML]:   Registry: 70 minecraft:mending net.minecraft.enchantment.EnchantmentMending@5c79c5ec
[17:44:33] [Server thread/TRACE] [FML]:   Registry: 71 minecraft:vanishing_curse net.minecraft.enchantment.EnchantmentVanishingCurse@248b2b61
[17:44:33] [Server thread/TRACE] [FML]: Registry Name : minecraft:recipes
[17:44:33] [Server thread/TRACE] [FML]:   Registry: 0 minecraft:armordye net.minecraft.item.crafting.RecipesArmorDyes@361fa478
[17:44:33] [Server thread/TRACE] [FML]:   Registry: 1 minecraft:bookcloning net.minecraft.item.crafting.RecipeBookCloning@6247c08c
[17:44:33] [Server thread/TRACE] [FML]:   Registry: 2 minecraft:mapcloning net.minecraft.item.crafting.RecipesMapCloning@79e16dd9
[17:44:33] [Server thread/TRACE] [FML]:   Registry: 3 minecraft:mapextending net.minecraft.item.crafting.RecipesMapExtending@470f0637
[17:44:33] [Server thread/TRACE] [FML]:   Registry: 4 minecraft:fireworks net.minecraft.item.crafting.RecipeFireworks@2aaa89c2
[17:44:33] [Server thread/TRACE] [FML]:   Registry: 5 minecraft:repairitem net.minecraft.item.crafting.RecipeRepairItem@ba86c53
[17:44:33] [Server thread/TRACE] [FML]:   Registry: 6 minecraft:tippedarrow net.minecraft.item.crafting.RecipeTippedArrow@39ac8c0c
[17:44:33] [Server thread/TRACE] [FML]:   Registry: 7 minecraft:bannerduplicate net.minecraft.item.crafting.RecipesBanners$RecipeDuplicatePattern@7cd8831c
[17:44:33] [Server thread/TRACE] [FML]:   Registry: 8 minecraft:banneraddpattern net.minecraft.item.crafting.RecipesBanners$RecipeAddPattern@1e9d721
[17:44:33] [Server thread/TRACE] [FML]:   Registry: 9 minecraft:shielddecoration net.minecraft.item.crafting.ShieldRecipes$Decoration@3ae91ab3
[17:44:33] [Server thread/TRACE] [FML]:   Registry: 10 minecraft:shulkerboxcoloring net.minecraft.item.crafting.ShulkerBoxRecipes$ShulkerBoxColoring@1a7a21d0
[17:44:33] [Server thread/TRACE] [FML]:   Registry: 11 minecraft:yellow_wool net.minecraft.item.crafting.ShapelessRecipes@5d4a34ff
[17:44:33] [Server thread/TRACE] [FML]:   Registry: 12 minecraft:yellow_stained_hardened_clay net.minecraft.item.crafting.ShapedRecipes@2b19b346
[17:44:33] [Server thread/TRACE] [FML]:   Registry: 13 minecraft:yellow_stained_glass_pane net.minecraft.item.crafting.ShapedRecipes@54e06788
[17:44:33] [Server thread/TRACE] [FML]:   Registry: 14 minecraft:yellow_stained_glass net.minecraft.item.crafting.ShapedRecipes@13047d3d
[17:44:33] [Server thread/TRACE] [FML]:   Registry: 15 minecraft:yellow_dye_from_sunflower net.minecraft.item.crafting.ShapelessRecipes@73e93c3a
[17:44:33] [Server thread/TRACE] [FML]:   Registry: 16 minecraft:yellow_dye_from_dandelion net.minecraft.item.crafting.ShapelessRecipes@1e6bd367
[17:44:33] [Server thread/TRACE] [FML]:   Registry: 17 minecraft:yellow_concrete_powder net.minecraft.item.crafting.ShapelessRecipes@7b9d1a4
[17:44:33] [Server thread/TRACE] [FML]:   Registry: 18 minecraft:yellow_carpet net.minecraft.item.crafting.ShapedRecipes@16c8e9b8
[17:44:33] [Server thread/TRACE] [FML]:   Registry: 19 minecraft:yellow_bed_from_white_bed net.minecraft.item.crafting.ShapelessRecipes@75063bd0
[17:44:33] [Server thread/TRACE] [FML]:   Registry: 20 minecraft:yellow_bed net.minecraft.item.crafting.ShapedRecipes@18f4086e
[17:44:33] [Server thread/TRACE] [FML]:   Registry: 21 minecraft:yellow_banner net.minecraft.item.crafting.ShapedRecipes@42db955e
[17:44:33] [Server thread/TRACE] [FML]:   Registry: 22 minecraft:writable_book net.minecraft.item.crafting.ShapelessRecipes@75c15f76
[17:44:33] [Server thread/TRACE] [FML]:   Registry: 23 minecraft:wooden_sword net.minecraft.item.crafting.ShapedRecipes@4b916cc2
[17:44:33] [Server thread/TRACE] [FML]:   Registry: 24 minecraft:wooden_shovel net.minecraft.item.crafting.ShapedRecipes@652a1a17
[17:44:33] [Server thread/TRACE] [FML]:   Registry: 25 minecraft:wooden_pressure_plate net.minecraft.item.crafting.ShapedRecipes@69419d59
[17:44:33] [Server thread/TRACE] [FML]:   Registry: 26 minecraft:wooden_pickaxe net.minecraft.item.crafting.ShapedRecipes@43719e98
[17:44:33] [Server thread/TRACE] [FML]:   Registry: 27 minecraft:wooden_hoe net.minecraft.item.crafting.ShapedRecipes@744fb110
[17:44:33] [Server thread/TRACE] [FML]:   Registry: 28 minecraft:wooden_door net.minecraft.item.crafting.ShapedRecipes@18209303
[17:44:33] [Server thread/TRACE] [FML]:   Registry: 29 minecraft:wooden_button net.minecraft.item.crafting.ShapedRecipes@14b9df65
[17:44:33] [Server thread/TRACE] [FML]:   Registry: 30 minecraft:wooden_axe net.minecraft.item.crafting.ShapedRecipes@3921135e
[17:44:33] [Server thread/TRACE] [FML]:   Registry: 31 minecraft:white_stained_hardened_clay net.minecraft.item.crafting.ShapedRecipes@3211cc84
[17:44:33] [Server thread/TRACE] [FML]:   Registry: 32 minecraft:white_stained_glass_pane net.minecraft.item.crafting.ShapedRecipes@62ee1c89
[17:44:33] [Server thread/TRACE] [FML]:   Registry: 33 minecraft:white_stained_glass net.minecraft.item.crafting.ShapedRecipes@379b4e86
[17:44:33] [Server thread/TRACE] [FML]:   Registry: 34 minecraft:white_concrete_powder net.minecraft.item.crafting.ShapelessRecipes@17dbca0a
[17:44:33] [Server thread/TRACE] [FML]:   Registry: 35 minecraft:white_carpet net.minecraft.item.crafting.ShapedRecipes@5c9e6d95
[17:44:33] [Server thread/TRACE] [FML]:   Registry: 36 minecraft:white_bed net.minecraft.item.crafting.ShapedRecipes@c29b0dc
[17:44:33] [Server thread/TRACE] [FML]:   Registry: 37 minecraft:white_banner net.minecraft.item.crafting.ShapedRecipes@43de9fc9
[17:44:33] [Server thread/TRACE] [FML]:   Registry: 38 minecraft:wheat net.minecraft.item.crafting.ShapedRecipes@2cc97e47
[17:44:33] [Server thread/TRACE] [FML]:   Registry: 39 minecraft:tripwire_hook net.minecraft.item.crafting.ShapedRecipes@3c68e82
[17:44:33] [Server thread/TRACE] [FML]:   Registry: 40 minecraft:trapped_chest net.minecraft.item.crafting.ShapelessRecipes@281ca256
[17:44:33] [Server thread/TRACE] [FML]:   Registry: 41 minecraft:trapdoor net.minecraft.item.crafting.ShapedRecipes@75f2ff80
[17:44:33] [Server thread/TRACE] [FML]:   Registry: 42 minecraft:torch net.minecraft.item.crafting.ShapedRecipes@28c7fd9d
[17:44:33] [Server thread/TRACE] [FML]:   Registry: 43 minecraft:tnt_minecart net.minecraft.item.crafting.ShapedRecipes@d65e744
[17:44:33] [Server thread/TRACE] [FML]:   Registry: 44 minecraft:tnt net.minecraft.item.crafting.ShapedRecipes@25435731
[17:44:33] [Server thread/TRACE] [FML]:   Registry: 45 minecraft:sugar net.minecraft.item.crafting.ShapedRecipes@61b0af9f
[17:44:33] [Server thread/TRACE] [FML]:   Registry: 46 minecraft:string_to_wool net.minecraft.item.crafting.ShapedRecipes@8ecc457
[17:44:33] [Server thread/TRACE] [FML]:   Registry: 47 minecraft:stonebrick net.minecraft.item.crafting.ShapedRecipes@694b1ddb
[17:44:33] [Server thread/TRACE] [FML]:   Registry: 48 minecraft:stone_sword net.minecraft.item.crafting.ShapedRecipes@2c6aa46c
[17:44:33] [Server thread/TRACE] [FML]:   Registry: 49 minecraft:stone_stairs net.minecraft.item.crafting.ShapedRecipes@446a5aa5
[17:44:33] [Server thread/TRACE] [FML]:   Registry: 50 minecraft:stone_slab net.minecraft.item.crafting.ShapedRecipes@366b4a7b
[17:44:33] [Server thread/TRACE] [FML]:   Registry: 51 minecraft:stone_shovel net.minecraft.item.crafting.ShapedRecipes@a30dbc0
[17:44:33] [Server thread/TRACE] [FML]:   Registry: 52 minecraft:stone_pressure_plate net.minecraft.item.crafting.ShapedRecipes@337cb81d
[17:44:33] [Server thread/TRACE] [FML]:   Registry: 53 minecraft:stone_pickaxe net.minecraft.item.crafting.ShapedRecipes@665b441e
[17:44:33] [Server thread/TRACE] [FML]:   Registry: 54 minecraft:stone_hoe net.minecraft.item.crafting.ShapedRecipes@239d73ff
[17:44:33] [Server thread/TRACE] [FML]:   Registry: 55 minecraft:stone_button net.minecraft.item.crafting.ShapedRecipes@21ab919c
[17:44:33] [Server thread/TRACE] [FML]:   Registry: 56 minecraft:stone_brick_stairs net.minecraft.item.crafting.ShapedRecipes@414d2821
[17:44:33] [Server thread/TRACE] [FML]:   Registry: 57 minecraft:stone_brick_slab net.minecraft.item.crafting.ShapedRecipes@49ea13b6
[17:44:33] [Server thread/TRACE] [FML]:   Registry: 58 minecraft:stone_axe net.minecraft.item.crafting.ShapedRecipes@5dd6f517
[17:44:33] [Server thread/TRACE] [FML]:   Registry: 59 minecraft:sticky_piston net.minecraft.item.crafting.ShapedRecipes@807c1e8
[17:44:33] [Server thread/TRACE] [FML]:   Registry: 60 minecraft:stick net.minecraft.item.crafting.ShapedRecipes@33bfe6d3
[17:44:33] [Server thread/TRACE] [FML]:   Registry: 61 minecraft:spruce_wooden_slab net.minecraft.item.crafting.ShapedRecipes@998fbd4
[17:44:33] [Server thread/TRACE] [FML]:   Registry: 62 minecraft:spruce_stairs net.minecraft.item.crafting.ShapedRecipes@4e02f17d
[17:44:33] [Server thread/TRACE] [FML]:   Registry: 63 minecraft:spruce_planks net.minecraft.item.crafting.ShapedRecipes@2419a5db
[17:44:33] [Server thread/TRACE] [FML]:   Registry: 64 minecraft:spruce_fence_gate net.minecraft.item.crafting.ShapedRecipes@336070ab
[17:44:33] [Server thread/TRACE] [FML]:   Registry: 65 minecraft:spruce_fence net.minecraft.item.crafting.ShapedRecipes@3dec769
[17:44:33] [Server thread/TRACE] [FML]:   Registry: 66 minecraft:spruce_door net.minecraft.item.crafting.ShapedRecipes@433b546f
[17:44:33] [Server thread/TRACE] [FML]:   Registry: 67 minecraft:spruce_boat net.minecraft.item.crafting.ShapedRecipes@4b475742
[17:44:33] [Server thread/TRACE] [FML]:   Registry: 68 minecraft:spectral_arrow net.minecraft.item.crafting.ShapedRecipes@484876a1
[17:44:33] [Server thread/TRACE] [FML]:   Registry: 69 minecraft:speckled_melon net.minecraft.item.crafting.ShapedRecipes@2e47a71e
[17:44:33] [Server thread/TRACE] [FML]:   Registry: 70 minecraft:snow_layer net.minecraft.item.crafting.ShapedRecipes@1bbb48dd
[17:44:33] [Server thread/TRACE] [FML]:   Registry: 71 minecraft:snow net.minecraft.item.crafting.ShapedRecipes@3d3b4e09
[17:44:33] [Server thread/TRACE] [FML]:   Registry: 72 minecraft:smooth_sandstone net.minecraft.item.crafting.ShapedRecipes@4be7acd9
[17:44:33] [Server thread/TRACE] [FML]:   Registry: 73 minecraft:smooth_red_sandstone net.minecraft.item.crafting.ShapedRecipes@48144f1a
[17:44:33] [Server thread/TRACE] [FML]:   Registry: 74 minecraft:slime_ball net.minecraft.item.crafting.ShapedRecipes@2520010e
[17:44:33] [Server thread/TRACE] [FML]:   Registry: 75 minecraft:slime net.minecraft.item.crafting.ShapedRecipes@4be1dce6
[17:44:33] [Server thread/TRACE] [FML]:   Registry: 76 minecraft:sign net.minecraft.item.crafting.ShapedRecipes@48333b12
[17:44:33] [Server thread/TRACE] [FML]:   Registry: 77 minecraft:shield net.minecraft.item.crafting.ShapedRecipes@6a299b9d
[17:44:33] [Server thread/TRACE] [FML]:   Registry: 78 minecraft:shears net.minecraft.item.crafting.ShapedRecipes@13ddaffb
[17:44:33] [Server thread/TRACE] [FML]:   Registry: 79 minecraft:sea_lantern net.minecraft.item.crafting.ShapedRecipes@40fee459
[17:44:33] [Server thread/TRACE] [FML]:   Registry: 80 minecraft:sandstone_stairs net.minecraft.item.crafting.ShapedRecipes@24a7d3d3
[17:44:33] [Server thread/TRACE] [FML]:   Registry: 81 minecraft:sandstone_slab net.minecraft.item.crafting.ShapedRecipes@440461ef
[17:44:33] [Server thread/TRACE] [FML]:   Registry: 82 minecraft:sandstone net.minecraft.item.crafting.ShapedRecipes@482942d8
[17:44:33] [Server thread/TRACE] [FML]:   Registry: 83 minecraft:repeater net.minecraft.item.crafting.ShapedRecipes@105dc246
[17:44:33] [Server thread/TRACE] [FML]:   Registry: 84 minecraft:redstone_torch net.minecraft.item.crafting.ShapedRecipes@62c6db99
[17:44:33] [Server thread/TRACE] [FML]:   Registry: 85 minecraft:redstone_lamp net.minecraft.item.crafting.ShapedRecipes@41581c3f
[17:44:33] [Server thread/TRACE] [FML]:   Registry: 86 minecraft:redstone_block net.minecraft.item.crafting.ShapedRecipes@352ce817
[17:44:33] [Server thread/TRACE] [FML]:   Registry: 87 minecraft:redstone net.minecraft.item.crafting.ShapedRecipes@4a3bf37c
[17:44:33] [Server thread/TRACE] [FML]:   Registry: 88 minecraft:red_wool net.minecraft.item.crafting.ShapelessRecipes@2fcffc05
[17:44:33] [Server thread/TRACE] [FML]:   Registry: 89 minecraft:red_stained_hardened_clay net.minecraft.item.crafting.ShapedRecipes@6da9541c
[17:44:33] [Server thread/TRACE] [FML]:   Registry: 90 minecraft:red_stained_glass_pane net.minecraft.item.crafting.ShapedRecipes@29394966
[17:44:33] [Server thread/TRACE] [FML]:   Registry: 91 minecraft:red_stained_glass net.minecraft.item.crafting.ShapedRecipes@4742466e
[17:44:33] [Server thread/TRACE] [FML]:   Registry: 92 minecraft:red_sandstone_stairs net.minecraft.item.crafting.ShapedRecipes@3691d4da
[17:44:33] [Server thread/TRACE] [FML]:   Registry: 93 minecraft:red_sandstone_slab net.minecraft.item.crafting.ShapedRecipes@197cc325
[17:44:33] [Server thread/TRACE] [FML]:   Registry: 94 minecraft:red_sandstone net.minecraft.item.crafting.ShapedRecipes@4713b631
[17:44:33] [Server thread/TRACE] [FML]:   Registry: 95 minecraft:red_nether_brick net.minecraft.item.crafting.ShapedRecipes@55c8fc60
[17:44:33] [Server thread/TRACE] [FML]:   Registry: 96 minecraft:red_dye_from_tulip net.minecraft.item.crafting.ShapelessRecipes@5cf33d25
[17:44:33] [Server thread/TRACE] [FML]:   Registry: 97 minecraft:red_dye_from_rose_bush net.minecraft.item.crafting.ShapelessRecipes@5617168c
[17:44:33] [Server thread/TRACE] [FML]:   Registry: 98 minecraft:red_dye_from_poppy net.minecraft.item.crafting.ShapelessRecipes@3ad558bf
[17:44:33] [Server thread/TRACE] [FML]:   Registry: 99 minecraft:red_dye_from_beetroot net.minecraft.item.crafting.ShapelessRecipes@6b15e68c
[17:44:33] [Server thread/TRACE] [FML]:   Registry: 100 minecraft:red_concrete_powder net.minecraft.item.crafting.ShapelessRecipes@7b2f8152
[17:44:33] [Server thread/TRACE] [FML]:   Registry: 101 minecraft:red_carpet net.minecraft.item.crafting.ShapedRecipes@609ad016
[17:44:33] [Server thread/TRACE] [FML]:   Registry: 102 minecraft:red_bed_from_white_bed net.minecraft.item.crafting.ShapelessRecipes@664254b6
[17:44:33] [Server thread/TRACE] [FML]:   Registry: 103 minecraft:red_bed net.minecraft.item.crafting.ShapedRecipes@7acb5200
[17:44:33] [Server thread/TRACE] [FML]:   Registry: 104 minecraft:red_banner net.minecraft.item.crafting.ShapedRecipes@491cc0eb
[17:44:33] [Server thread/TRACE] [FML]:   Registry: 105 minecraft:rail net.minecraft.item.crafting.ShapedRecipes@2e91cf69
[17:44:33] [Server thread/TRACE] [FML]:   Registry: 106 minecraft:rabbit_stew_from_red_mushroom net.minecraft.item.crafting.ShapedRecipes@6a5c2d2d
[17:44:33] [Server thread/TRACE] [FML]:   Registry: 107 minecraft:rabbit_stew_from_brown_mushroom net.minecraft.item.crafting.ShapedRecipes@3ca6bd01
[17:44:33] [Server thread/TRACE] [FML]:   Registry: 108 minecraft:quartz_stairs net.minecraft.item.crafting.ShapedRecipes@1e4c4fda
[17:44:33] [Server thread/TRACE] [FML]:   Registry: 109 minecraft:quartz_slab net.minecraft.item.crafting.ShapedRecipes@36ab69d9
[17:44:33] [Server thread/TRACE] [FML]:   Registry: 110 minecraft:quartz_block net.minecraft.item.crafting.ShapedRecipes@56a9b662
[17:44:33] [Server thread/TRACE] [FML]:   Registry: 111 minecraft:purpur_stairs net.minecraft.item.crafting.ShapedRecipes@76134251
[17:44:33] [Server thread/TRACE] [FML]:   Registry: 112 minecraft:purpur_slab net.minecraft.item.crafting.ShapedRecipes@6dc2e473
[17:44:33] [Server thread/TRACE] [FML]:   Registry: 113 minecraft:purpur_pillar net.minecraft.item.crafting.ShapedRecipes@180d918a
[17:44:33] [Server thread/TRACE] [FML]:   Registry: 114 minecraft:purpur_block net.minecraft.item.crafting.ShapedRecipes@153409b8
[17:44:33] [Server thread/TRACE] [FML]:   Registry: 115 minecraft:purple_wool net.minecraft.item.crafting.ShapelessRecipes@29ee8174
[17:44:33] [Server thread/TRACE] [FML]:   Registry: 116 minecraft:purple_stained_hardened_clay net.minecraft.item.crafting.ShapedRecipes@3f2ef402
[17:44:33] [Server thread/TRACE] [FML]:   Registry: 117 minecraft:purple_stained_glass_pane net.minecraft.item.crafting.ShapedRecipes@470b5213
[17:44:33] [Server thread/TRACE] [FML]:   Registry: 118 minecraft:purple_stained_glass net.minecraft.item.crafting.ShapedRecipes@20518250
[17:44:33] [Server thread/TRACE] [FML]:   Registry: 119 minecraft:purple_shulker_box net.minecraft.item.crafting.ShapedRecipes@18b58c77
[17:44:33] [Server thread/TRACE] [FML]:   Registry: 120 minecraft:purple_dye net.minecraft.item.crafting.ShapelessRecipes@2e7517aa
[17:44:33] [Server thread/TRACE] [FML]:   Registry: 121 minecraft:purple_concrete_powder net.minecraft.item.crafting.ShapelessRecipes@320ba79f
[17:44:33] [Server thread/TRACE] [FML]:   Registry: 122 minecraft:purple_carpet net.minecraft.item.crafting.ShapedRecipes@6719f206
[17:44:33] [Server thread/TRACE] [FML]:   Registry: 123 minecraft:purple_bed_from_white_bed net.minecraft.item.crafting.ShapelessRecipes@6d9ee75a
[17:44:33] [Server thread/TRACE] [FML]:   Registry: 124 minecraft:purple_bed net.minecraft.item.crafting.ShapedRecipes@2aeb7c4c
[17:44:33] [Server thread/TRACE] [FML]:   Registry: 125 minecraft:purple_banner net.minecraft.item.crafting.ShapedRecipes@cd93621
[17:44:33] [Server thread/TRACE] [FML]:   Registry: 126 minecraft:pumpkin_seeds net.minecraft.item.crafting.ShapedRecipes@4fd63c43
[17:44:33] [Server thread/TRACE] [FML]:   Registry: 127 minecraft:pumpkin_pie net.minecraft.item.crafting.ShapelessRecipes@40db6136
[17:44:33] [Server thread/TRACE] [FML]:   Registry: 128 minecraft:prismarine_bricks net.minecraft.item.crafting.ShapedRecipes@70aa03c0
[17:44:33] [Server thread/TRACE] [FML]:   Registry: 129 minecraft:prismarine net.minecraft.item.crafting.ShapedRecipes@77db231c
[17:44:33] [Server thread/TRACE] [FML]:   Registry: 130 minecraft:polished_granite net.minecraft.item.crafting.ShapedRecipes@6fc6f68f
[17:44:33] [Server thread/TRACE] [FML]:   Registry: 131 minecraft:polished_diorite net.minecraft.item.crafting.ShapedRecipes@762f8ff6
[17:44:33] [Server thread/TRACE] [FML]:   Registry: 132 minecraft:polished_andesite net.minecraft.item.crafting.ShapedRecipes@141a10bf
[17:44:33] [Server thread/TRACE] [FML]:   Registry: 133 minecraft:piston net.minecraft.item.crafting.ShapedRecipes@6f4f2cc0
[17:44:33] [Server thread/TRACE] [FML]:   Registry: 134 minecraft:pink_wool net.minecraft.item.crafting.ShapelessRecipes@468f2a6f
[17:44:33] [Server thread/TRACE] [FML]:   Registry: 135 minecraft:pink_stained_hardened_clay net.minecraft.item.crafting.ShapedRecipes@35744f8
[17:44:33] [Server thread/TRACE] [FML]:   Registry: 136 minecraft:pink_stained_glass_pane net.minecraft.item.crafting.ShapedRecipes@75c0cd39
[17:44:33] [Server thread/TRACE] [FML]:   Registry: 137 minecraft:pink_stained_glass net.minecraft.item.crafting.ShapedRecipes@1782896
[17:44:33] [Server thread/TRACE] [FML]:   Registry: 138 minecraft:pink_dye_from_red_bonemeal net.minecraft.item.crafting.ShapelessRecipes@9a07409
[17:44:33] [Server thread/TRACE] [FML]:   Registry: 139 minecraft:pink_dye_from_pink_tulip net.minecraft.item.crafting.ShapelessRecipes@5b0835cb
[17:44:33] [Server thread/TRACE] [FML]:   Registry: 140 minecraft:pink_dye_from_peony net.minecraft.item.crafting.ShapelessRecipes@5dc7391e
[17:44:33] [Server thread/TRACE] [FML]:   Registry: 141 minecraft:pink_concrete_powder net.minecraft.item.crafting.ShapelessRecipes@67a3394c
[17:44:33] [Server thread/TRACE] [FML]:   Registry: 142 minecraft:pink_carpet net.minecraft.item.crafting.ShapedRecipes@4f98ac31
[17:44:33] [Server thread/TRACE] [FML]:   Registry: 143 minecraft:pink_bed_from_white_bed net.minecraft.item.crafting.ShapelessRecipes@e04b8a0
[17:44:33] [Server thread/TRACE] [FML]:   Registry: 144 minecraft:pink_bed net.minecraft.item.crafting.ShapedRecipes@27b7204
[17:44:33] [Server thread/TRACE] [FML]:   Registry: 145 minecraft:pink_banner net.minecraft.item.crafting.ShapedRecipes@f837c11
[17:44:33] [Server thread/TRACE] [FML]:   Registry: 146 minecraft:pillar_quartz_block net.minecraft.item.crafting.ShapedRecipes@42a97053
[17:44:33] [Server thread/TRACE] [FML]:   Registry: 147 minecraft:paper net.minecraft.item.crafting.ShapedRecipes@1bbef3c7
[17:44:33] [Server thread/TRACE] [FML]:   Registry: 148 minecraft:painting net.minecraft.item.crafting.ShapedRecipes@2212e291
[17:44:33] [Server thread/TRACE] [FML]:   Registry: 149 minecraft:orange_wool net.minecraft.item.crafting.ShapelessRecipes@15fe020d
[17:44:33] [Server thread/TRACE] [FML]:   Registry: 150 minecraft:orange_stained_hardened_clay net.minecraft.item.crafting.ShapedRecipes@5342032a
[17:44:33] [Server thread/TRACE] [FML]:   Registry: 151 minecraft:orange_stained_glass_pane net.minecraft.item.crafting.ShapedRecipes@59aa1d1c
[17:44:33] [Server thread/TRACE] [FML]:   Registry: 152 minecraft:orange_stained_glass net.minecraft.item.crafting.ShapedRecipes@1eddca25
[17:44:33] [Server thread/TRACE] [FML]:   Registry: 153 minecraft:orange_dye_from_red_yellow net.minecraft.item.crafting.ShapelessRecipes@266a47fd
[17:44:33] [Server thread/TRACE] [FML]:   Registry: 154 minecraft:orange_dye_from_orange_tulip net.minecraft.item.crafting.ShapelessRecipes@6d5de79a
[17:44:33] [Server thread/TRACE] [FML]:   Registry: 155 minecraft:orange_concrete_powder net.minecraft.item.crafting.ShapelessRecipes@20db19ff
[17:44:33] [Server thread/TRACE] [FML]:   Registry: 156 minecraft:orange_carpet net.minecraft.item.crafting.ShapedRecipes@602aeb87
[17:44:33] [Server thread/TRACE] [FML]:   Registry: 157 minecraft:orange_bed_from_white_bed net.minecraft.item.crafting.ShapelessRecipes@1d40f597
[17:44:33] [Server thread/TRACE] [FML]:   Registry: 158 minecraft:orange_bed net.minecraft.item.crafting.ShapedRecipes@103e9972
[17:44:33] [Server thread/TRACE] [FML]:   Registry: 159 minecraft:orange_banner net.minecraft.item.crafting.ShapedRecipes@14d298d6
[17:44:33] [Server thread/TRACE] [FML]:   Registry: 160 minecraft:observer net.minecraft.item.crafting.ShapedRecipes@4f22fd5d
[17:44:33] [Server thread/TRACE] [FML]:   Registry: 161 minecraft:oak_wooden_slab net.minecraft.item.crafting.ShapedRecipes@7f94541b
[17:44:33] [Server thread/TRACE] [FML]:   Registry: 162 minecraft:oak_stairs net.minecraft.item.crafting.ShapedRecipes@32cec678
[17:44:33] [Server thread/TRACE] [FML]:   Registry: 163 minecraft:oak_planks net.minecraft.item.crafting.ShapedRecipes@618fb1
[17:44:33] [Server thread/TRACE] [FML]:   Registry: 164 minecraft:noteblock net.minecraft.item.crafting.ShapedRecipes@2c4eae94
[17:44:33] [Server thread/TRACE] [FML]:   Registry: 165 minecraft:nether_wart_block net.minecraft.item.crafting.ShapedRecipes@6ad198c9
[17:44:33] [Server thread/TRACE] [FML]:   Registry: 166 minecraft:nether_brick_stairs net.minecraft.item.crafting.ShapedRecipes@2a60981c
[17:44:33] [Server thread/TRACE] [FML]:   Registry: 167 minecraft:nether_brick_slab net.minecraft.item.crafting.ShapedRecipes@183a508b
[17:44:33] [Server thread/TRACE] [FML]:   Registry: 168 minecraft:nether_brick_fence net.minecraft.item.crafting.ShapedRecipes@4c8a9266
[17:44:33] [Server thread/TRACE] [FML]:   Registry: 169 minecraft:nether_brick net.minecraft.item.crafting.ShapedRecipes@51da7b08
[17:44:33] [Server thread/TRACE] [FML]:   Registry: 170 minecraft:mushroom_stew net.minecraft.item.crafting.ShapelessRecipes@259aec72
[17:44:33] [Server thread/TRACE] [FML]:   Registry: 171 minecraft:mossy_stonebrick net.minecraft.item.crafting.ShapelessRecipes@fabfc79
[17:44:33] [Server thread/TRACE] [FML]:   Registry: 172 minecraft:mossy_cobblestone_wall net.minecraft.item.crafting.ShapedRecipes@27682fa9
[17:44:33] [Server thread/TRACE] [FML]:   Registry: 173 minecraft:mossy_cobblestone net.minecraft.item.crafting.ShapelessRecipes@16c9e378
[17:44:33] [Server thread/TRACE] [FML]:   Registry: 174 minecraft:minecart net.minecraft.item.crafting.ShapedRecipes@594c66c3
[17:44:33] [Server thread/TRACE] [FML]:   Registry: 175 minecraft:melon_seeds net.minecraft.item.crafting.ShapedRecipes@5606d537
[17:44:33] [Server thread/TRACE] [FML]:   Registry: 176 minecraft:melon_block net.minecraft.item.crafting.ShapedRecipes@63b0b3dd
[17:44:33] [Server thread/TRACE] [FML]:   Registry: 177 minecraft:map net.minecraft.item.crafting.ShapedRecipes@308be1a3
[17:44:33] [Server thread/TRACE] [FML]:   Registry: 178 minecraft:magma_cream net.minecraft.item.crafting.ShapelessRecipes@2555a986
[17:44:33] [Server thread/TRACE] [FML]:   Registry: 179 minecraft:magma net.minecraft.item.crafting.ShapedRecipes@5af4328e
[17:44:33] [Server thread/TRACE] [FML]:   Registry: 180 minecraft:magenta_wool net.minecraft.item.crafting.ShapelessRecipes@5cfe28e1
[17:44:33] [Server thread/TRACE] [FML]:   Registry: 181 minecraft:magenta_stained_hardened_clay net.minecraft.item.crafting.ShapedRecipes@476a970c
[17:44:33] [Server thread/TRACE] [FML]:   Registry: 182 minecraft:magenta_stained_glass_pane net.minecraft.item.crafting.ShapedRecipes@6afaf27
[17:44:33] [Server thread/TRACE] [FML]:   Registry: 183 minecraft:magenta_stained_glass net.minecraft.item.crafting.ShapedRecipes@29b4444a
[17:44:33] [Server thread/TRACE] [FML]:   Registry: 184 minecraft:magenta_dye_from_purple_and_pink net.minecraft.item.crafting.ShapelessRecipes@27d5eb00
[17:44:33] [Server thread/TRACE] [FML]:   Registry: 185 minecraft:magenta_dye_from_lilac net.minecraft.item.crafting.ShapelessRecipes@44948ac6
[17:44:33] [Server thread/TRACE] [FML]:   Registry: 186 minecraft:magenta_dye_from_lapis_red_pink net.minecraft.item.crafting.ShapelessRecipes@60e80279
[17:44:33] [Server thread/TRACE] [FML]:   Registry: 187 minecraft:magenta_dye_from_lapis_ink_bonemeal net.minecraft.item.crafting.ShapelessRecipes@546c30c2
[17:44:33] [Server thread/TRACE] [FML]:   Registry: 188 minecraft:magenta_dye_from_allium net.minecraft.item.crafting.ShapelessRecipes@e5c52fa
[17:44:33] [Server thread/TRACE] [FML]:   Registry: 189 minecraft:magenta_concrete_powder net.minecraft.item.crafting.ShapelessRecipes@1041ebba
[17:44:33] [Server thread/TRACE] [FML]:   Registry: 190 minecraft:magenta_carpet net.minecraft.item.crafting.ShapedRecipes@67292fc7
[17:44:33] [Server thread/TRACE] [FML]:   Registry: 191 minecraft:magenta_bed_from_white_bed net.minecraft.item.crafting.ShapelessRecipes@24731caf
[17:44:33] [Server thread/TRACE] [FML]:   Registry: 192 minecraft:magenta_bed net.minecraft.item.crafting.ShapedRecipes@e27d97b
[17:44:33] [Server thread/TRACE] [FML]:   Registry: 193 minecraft:magenta_banner net.minecraft.item.crafting.ShapedRecipes@38d4488c
[17:44:33] [Server thread/TRACE] [FML]:   Registry: 194 minecraft:lit_pumpkin net.minecraft.item.crafting.ShapedRecipes@2a8e30e3
[17:44:33] [Server thread/TRACE] [FML]:   Registry: 195 minecraft:lime_wool net.minecraft.item.crafting.ShapelessRecipes@3f71ae7f
[17:44:33] [Server thread/TRACE] [FML]:   Registry: 196 minecraft:lime_stained_hardened_clay net.minecraft.item.crafting.ShapedRecipes@6f1163f7
[17:44:33] [Server thread/TRACE] [FML]:   Registry: 197 minecraft:lime_stained_glass_pane net.minecraft.item.crafting.ShapedRecipes@5a99543b
[17:44:33] [Server thread/TRACE] [FML]:   Registry: 198 minecraft:lime_stained_glass net.minecraft.item.crafting.ShapedRecipes@7646c9f5
[17:44:33] [Server thread/TRACE] [FML]:   Registry: 199 minecraft:lime_dye net.minecraft.item.crafting.ShapelessRecipes@30a20fb3
[17:44:33] [Server thread/TRACE] [FML]:   Registry: 200 minecraft:lime_concrete_powder net.minecraft.item.crafting.ShapelessRecipes@1468fc85
[17:44:33] [Server thread/TRACE] [FML]:   Registry: 201 minecraft:lime_carpet net.minecraft.item.crafting.ShapedRecipes@4deca78
[17:44:33] [Server thread/TRACE] [FML]:   Registry: 202 minecraft:lime_bed_from_white_bed net.minecraft.item.crafting.ShapelessRecipes@f9cd1e6
[17:44:33] [Server thread/TRACE] [FML]:   Registry: 203 minecraft:lime_bed net.minecraft.item.crafting.ShapedRecipes@4e933cf1
[17:44:33] [Server thread/TRACE] [FML]:   Registry: 204 minecraft:lime_banner net.minecraft.item.crafting.ShapedRecipes@3d01ea33
[17:44:33] [Server thread/TRACE] [FML]:   Registry: 205 minecraft:light_weighted_pressure_plate net.minecraft.item.crafting.ShapedRecipes@8f589d7
[17:44:33] [Server thread/TRACE] [FML]:   Registry: 206 minecraft:light_gray_wool net.minecraft.item.crafting.ShapelessRecipes@c7269ad
[17:44:33] [Server thread/TRACE] [FML]:   Registry: 207 minecraft:light_gray_stained_hardened_clay net.minecraft.item.crafting.ShapedRecipes@58b5d5fc
[17:44:33] [Server thread/TRACE] [FML]:   Registry: 208 minecraft:light_gray_stained_glass_pane net.minecraft.item.crafting.ShapedRecipes@2a30b0cb
[17:44:33] [Server thread/TRACE] [FML]:   Registry: 209 minecraft:light_gray_stained_glass net.minecraft.item.crafting.ShapedRecipes@5213b887
[17:44:33] [Server thread/TRACE] [FML]:   Registry: 210 minecraft:light_gray_dye_from_white_tulip net.minecraft.item.crafting.ShapelessRecipes@6ae32ff0
[17:44:33] [Server thread/TRACE] [FML]:   Registry: 211 minecraft:light_gray_dye_from_oxeye_daisy net.minecraft.item.crafting.ShapelessRecipes@7fb5368e
[17:44:33] [Server thread/TRACE] [FML]:   Registry: 212 minecraft:light_gray_dye_from_ink_bonemeal net.minecraft.item.crafting.ShapelessRecipes@62a81453
[17:44:33] [Server thread/TRACE] [FML]:   Registry: 213 minecraft:light_gray_dye_from_gray_bonemeal net.minecraft.item.crafting.ShapelessRecipes@4f9980e1
[17:44:33] [Server thread/TRACE] [FML]:   Registry: 214 minecraft:light_gray_dye_from_azure_bluet net.minecraft.item.crafting.ShapelessRecipes@7a71ebf1
[17:44:33] [Server thread/TRACE] [FML]:   Registry: 215 minecraft:light_gray_concrete_powder net.minecraft.item.crafting.ShapelessRecipes@71f4aeb6
[17:44:33] [Server thread/TRACE] [FML]:   Registry: 216 minecraft:light_gray_carpet net.minecraft.item.crafting.ShapedRecipes@fd0e118
[17:44:33] [Server thread/TRACE] [FML]:   Registry: 217 minecraft:light_gray_bed_from_white_bed net.minecraft.item.crafting.ShapelessRecipes@1e592ef2
[17:44:33] [Server thread/TRACE] [FML]:   Registry: 218 minecraft:light_gray_bed net.minecraft.item.crafting.ShapedRecipes@372841d2
[17:44:33] [Server thread/TRACE] [FML]:   Registry: 219 minecraft:light_gray_banner net.minecraft.item.crafting.ShapedRecipes@52e92f6
[17:44:33] [Server thread/TRACE] [FML]:   Registry: 220 minecraft:light_blue_wool net.minecraft.item.crafting.ShapelessRecipes@11174bf
[17:44:33] [Server thread/TRACE] [FML]:   Registry: 221 minecraft:light_blue_stained_hardened_clay net.minecraft.item.crafting.ShapedRecipes@5feff876
[17:44:33] [Server thread/TRACE] [FML]:   Registry: 222 minecraft:light_blue_stained_glass_pane net.minecraft.item.crafting.ShapedRecipes@4b9ed99d
[17:44:33] [Server thread/TRACE] [FML]:   Registry: 223 minecraft:light_blue_stained_glass net.minecraft.item.crafting.ShapedRecipes@eddc9bb
[17:44:33] [Server thread/TRACE] [FML]:   Registry: 224 minecraft:light_blue_dye_from_lapis_bonemeal net.minecraft.item.crafting.ShapelessRecipes@571c2ed8
[17:44:33] [Server thread/TRACE] [FML]:   Registry: 225 minecraft:light_blue_dye_from_blue_orchid net.minecraft.item.crafting.ShapelessRecipes@a926db4
[17:44:33] [Server thread/TRACE] [FML]:   Registry: 226 minecraft:light_blue_concrete_powder net.minecraft.item.crafting.ShapelessRecipes@626766fd
[17:44:33] [Server thread/TRACE] [FML]:   Registry: 227 minecraft:light_blue_carpet net.minecraft.item.crafting.ShapedRecipes@301770d9
[17:44:33] [Server thread/TRACE] [FML]:   Registry: 228 minecraft:light_blue_bed_from_white_bed net.minecraft.item.crafting.ShapelessRecipes@2699b656
[17:44:33] [Server thread/TRACE] [FML]:   Registry: 229 minecraft:light_blue_bed net.minecraft.item.crafting.ShapedRecipes@c3d4bd7
[17:44:33] [Server thread/TRACE] [FML]:   Registry: 230 minecraft:light_blue_banner net.minecraft.item.crafting.ShapedRecipes@3980b44f
[17:44:33] [Server thread/TRACE] [FML]:   Registry: 231 minecraft:lever net.minecraft.item.crafting.ShapedRecipes@233ece92
[17:44:33] [Server thread/TRACE] [FML]:   Registry: 232 minecraft:leather_leggings net.minecraft.item.crafting.ShapedRecipes@54c3e686
[17:44:33] [Server thread/TRACE] [FML]:   Registry: 233 minecraft:leather_helmet net.minecraft.item.crafting.ShapedRecipes@3987a1e8
[17:44:33] [Server thread/TRACE] [FML]:   Registry: 234 minecraft:leather_chestplate net.minecraft.item.crafting.ShapedRecipes@f60c14e
[17:44:33] [Server thread/TRACE] [FML]:   Registry: 235 minecraft:leather_boots net.minecraft.item.crafting.ShapedRecipes@2b506a79
[17:44:33] [Server thread/TRACE] [FML]:   Registry: 236 minecraft:leather net.minecraft.item.crafting.ShapedRecipes@5443086a
[17:44:33] [Server thread/TRACE] [FML]:   Registry: 237 minecraft:lead net.minecraft.item.crafting.ShapedRecipes@67fd2e17
[17:44:33] [Server thread/TRACE] [FML]:   Registry: 238 minecraft:lapis_lazuli net.minecraft.item.crafting.ShapedRecipes@457b8fc3
[17:44:33] [Server thread/TRACE] [FML]:   Registry: 239 minecraft:lapis_block net.minecraft.item.crafting.ShapedRecipes@7c8689e
[17:44:33] [Server thread/TRACE] [FML]:   Registry: 240 minecraft:ladder net.minecraft.item.crafting.ShapedRecipes@5bf4dfb
[17:44:33] [Server thread/TRACE] [FML]:   Registry: 241 minecraft:jungle_wooden_slab net.minecraft.item.crafting.ShapedRecipes@6108fd23
[17:44:33] [Server thread/TRACE] [FML]:   Registry: 242 minecraft:jungle_stairs net.minecraft.item.crafting.ShapedRecipes@38a52072
[17:44:33] [Server thread/TRACE] [FML]:   Registry: 243 minecraft:jungle_planks net.minecraft.item.crafting.ShapedRecipes@4219a4cc
[17:44:33] [Server thread/TRACE] [FML]:   Registry: 244 minecraft:jungle_fence_gate net.minecraft.item.crafting.ShapedRecipes@696ce057
[17:44:33] [Server thread/TRACE] [FML]:   Registry: 245 minecraft:jungle_fence net.minecraft.item.crafting.ShapedRecipes@526fc044
[17:44:33] [Server thread/TRACE] [FML]:   Registry: 246 minecraft:jungle_door net.minecraft.item.crafting.ShapedRecipes@66abc325
[17:44:33] [Server thread/TRACE] [FML]:   Registry: 247 minecraft:jungle_boat net.minecraft.item.crafting.ShapedRecipes@3c9971af
[17:44:33] [Server thread/TRACE] [FML]:   Registry: 248 minecraft:jukebox net.minecraft.item.crafting.ShapedRecipes@56e78538
[17:44:33] [Server thread/TRACE] [FML]:   Registry: 249 minecraft:item_frame net.minecraft.item.crafting.ShapedRecipes@1ddba7a0
[17:44:33] [Server thread/TRACE] [FML]:   Registry: 250 minecraft:iron_trapdoor net.minecraft.item.crafting.ShapedRecipes@52ccf197
[17:44:33] [Server thread/TRACE] [FML]:   Registry: 251 minecraft:iron_sword net.minecraft.item.crafting.ShapedRecipes@4ae6451d
[17:44:33] [Server thread/TRACE] [FML]:   Registry: 252 minecraft:iron_shovel net.minecraft.item.crafting.ShapedRecipes@70e54ec3
[17:44:33] [Server thread/TRACE] [FML]:   Registry: 253 minecraft:iron_pickaxe net.minecraft.item.crafting.ShapedRecipes@51aa2a58
[17:44:33] [Server thread/TRACE] [FML]:   Registry: 254 minecraft:iron_nugget net.minecraft.item.crafting.ShapedRecipes@66130c3b
[17:44:33] [Server thread/TRACE] [FML]:   Registry: 255 minecraft:iron_leggings net.minecraft.item.crafting.ShapedRecipes@44e4cf8a
[17:44:33] [Server thread/TRACE] [FML]:   Registry: 256 minecraft:iron_ingot_from_nuggets net.minecraft.item.crafting.ShapedRecipes@32f14274
[17:44:33] [Server thread/TRACE] [FML]:   Registry: 257 minecraft:iron_ingot_from_block net.minecraft.item.crafting.ShapedRecipes@3ea6faf0
[17:44:33] [Server thread/TRACE] [FML]:   Registry: 258 minecraft:iron_hoe net.minecraft.item.crafting.ShapedRecipes@acd115d
[17:44:33] [Server thread/TRACE] [FML]:   Registry: 259 minecraft:iron_helmet net.minecraft.item.crafting.ShapedRecipes@6e337ba1
[17:44:33] [Server thread/TRACE] [FML]:   Registry: 260 minecraft:iron_door net.minecraft.item.crafting.ShapedRecipes@5dfec221
[17:44:33] [Server thread/TRACE] [FML]:   Registry: 261 minecraft:iron_chestplate net.minecraft.item.crafting.ShapedRecipes@52bc6fcf
[17:44:33] [Server thread/TRACE] [FML]:   Registry: 262 minecraft:iron_boots net.minecraft.item.crafting.ShapedRecipes@2e7e84f8
[17:44:33] [Server thread/TRACE] [FML]:   Registry: 263 minecraft:iron_block net.minecraft.item.crafting.ShapedRecipes@1d6a22dd
[17:44:33] [Server thread/TRACE] [FML]:   Registry: 264 minecraft:iron_bars net.minecraft.item.crafting.ShapedRecipes@2c846d55
[17:44:33] [Server thread/TRACE] [FML]:   Registry: 265 minecraft:iron_axe net.minecraft.item.crafting.ShapedRecipes@56d742ad
[17:44:33] [Server thread/TRACE] [FML]:   Registry: 266 minecraft:hopper_minecart net.minecraft.item.crafting.ShapedRecipes@280099a0
[17:44:33] [Server thread/TRACE] [FML]:   Registry: 267 minecraft:hopper net.minecraft.item.crafting.ShapedRecipes@66048c9e
[17:44:33] [Server thread/TRACE] [FML]:   Registry: 268 minecraft:heavy_weighted_pressure_plate net.minecraft.item.crafting.ShapedRecipes@301e5d23
[17:44:33] [Server thread/TRACE] [FML]:   Registry: 269 minecraft:hay_block net.minecraft.item.crafting.ShapedRecipes@36cdcae0
[17:44:33] [Server thread/TRACE] [FML]:   Registry: 270 minecraft:green_wool net.minecraft.item.crafting.ShapelessRecipes@1d535b78
[17:44:33] [Server thread/TRACE] [FML]:   Registry: 271 minecraft:green_stained_hardened_clay net.minecraft.item.crafting.ShapedRecipes@31859960
[17:44:33] [Server thread/TRACE] [FML]:   Registry: 272 minecraft:green_stained_glass_pane net.minecraft.item.crafting.ShapedRecipes@355b53cc
[17:44:33] [Server thread/TRACE] [FML]:   Registry: 273 minecraft:green_stained_glass net.minecraft.item.crafting.ShapedRecipes@4e1b5532
[17:44:33] [Server thread/TRACE] [FML]:   Registry: 274 minecraft:green_concrete_powder net.minecraft.item.crafting.ShapelessRecipes@60484429
[17:44:33] [Server thread/TRACE] [FML]:   Registry: 275 minecraft:green_carpet net.minecraft.item.crafting.ShapedRecipes@2728add3
[17:44:33] [Server thread/TRACE] [FML]:   Registry: 276 minecraft:green_bed_from_white_bed net.minecraft.item.crafting.ShapelessRecipes@131b58d4
[17:44:33] [Server thread/TRACE] [FML]:   Registry: 277 minecraft:green_bed net.minecraft.item.crafting.ShapedRecipes@3c8dea0b
[17:44:33] [Server thread/TRACE] [FML]:   Registry: 278 minecraft:green_banner net.minecraft.item.crafting.ShapedRecipes@64a7ad02
[17:44:33] [Server thread/TRACE] [FML]:   Registry: 279 minecraft:gray_wool net.minecraft.item.crafting.ShapelessRecipes@3186f8f5
[17:44:33] [Server thread/TRACE] [FML]:   Registry: 280 minecraft:gray_stained_hardened_clay net.minecraft.item.crafting.ShapedRecipes@a4dcede
[17:44:33] [Server thread/TRACE] [FML]:   Registry: 281 minecraft:gray_stained_glass_pane net.minecraft.item.crafting.ShapedRecipes@24e7087a
[17:44:33] [Server thread/TRACE] [FML]:   Registry: 282 minecraft:gray_stained_glass net.minecraft.item.crafting.ShapedRecipes@71e2843b
[17:44:33] [Server thread/TRACE] [FML]:   Registry: 283 minecraft:gray_dye net.minecraft.item.crafting.ShapelessRecipes@254cc548
[17:44:33] [Server thread/TRACE] [FML]:   Registry: 284 minecraft:gray_concrete_powder net.minecraft.item.crafting.ShapelessRecipes@1d0f7bcf
[17:44:33] [Server thread/TRACE] [FML]:   Registry: 285 minecraft:gray_carpet net.minecraft.item.crafting.ShapedRecipes@3e1897d
[17:44:33] [Server thread/TRACE] [FML]:   Registry: 286 minecraft:gray_bed_from_white_bed net.minecraft.item.crafting.ShapelessRecipes@5cb76070
[17:44:33] [Server thread/TRACE] [FML]:   Registry: 287 minecraft:gray_bed net.minecraft.item.crafting.ShapedRecipes@713497cd
[17:44:33] [Server thread/TRACE] [FML]:   Registry: 288 minecraft:gray_banner net.minecraft.item.crafting.ShapedRecipes@24f2608b
[17:44:33] [Server thread/TRACE] [FML]:   Registry: 289 minecraft:granite net.minecraft.item.crafting.ShapelessRecipes@56193e3a
[17:44:33] [Server thread/TRACE] [FML]:   Registry: 290 minecraft:golden_sword net.minecraft.item.crafting.ShapedRecipes@3ba96967
[17:44:33] [Server thread/TRACE] [FML]:   Registry: 291 minecraft:golden_shovel net.minecraft.item.crafting.ShapedRecipes@71f10042
[17:44:33] [Server thread/TRACE] [FML]:   Registry: 292 minecraft:golden_rail net.minecraft.item.crafting.ShapedRecipes@788d9139
[17:44:33] [Server thread/TRACE] [FML]:   Registry: 293 minecraft:golden_pickaxe net.minecraft.item.crafting.ShapedRecipes@4452e13c
[17:44:33] [Server thread/TRACE] [FML]:   Registry: 294 minecraft:golden_leggings net.minecraft.item.crafting.ShapedRecipes@8e77c5b
[17:44:33] [Server thread/TRACE] [FML]:   Registry: 295 minecraft:golden_hoe net.minecraft.item.crafting.ShapedRecipes@3bc18fec
[17:44:33] [Server thread/TRACE] [FML]:   Registry: 296 minecraft:golden_helmet net.minecraft.item.crafting.ShapedRecipes@2ff62720
[17:44:33] [Server thread/TRACE] [FML]:   Registry: 297 minecraft:golden_chestplate net.minecraft.item.crafting.ShapedRecipes@3fad8636
[17:44:33] [Server thread/TRACE] [FML]:   Registry: 298 minecraft:golden_carrot net.minecraft.item.crafting.ShapedRecipes@79636080
[17:44:33] [Server thread/TRACE] [FML]:   Registry: 299 minecraft:golden_boots net.minecraft.item.crafting.ShapedRecipes@214e3185
[17:44:33] [Server thread/TRACE] [FML]:   Registry: 300 minecraft:golden_axe net.minecraft.item.crafting.ShapedRecipes@2b561f51
[17:44:33] [Server thread/TRACE] [FML]:   Registry: 301 minecraft:golden_apple net.minecraft.item.crafting.ShapedRecipes@25109d84
[17:44:33] [Server thread/TRACE] [FML]:   Registry: 302 minecraft:gold_nugget net.minecraft.item.crafting.ShapedRecipes@49741274
[17:44:33] [Server thread/TRACE] [FML]:   Registry: 303 minecraft:gold_ingot_from_nuggets net.minecraft.item.crafting.ShapedRecipes@75ac326f
[17:44:33] [Server thread/TRACE] [FML]:   Registry: 304 minecraft:gold_ingot_from_block net.minecraft.item.crafting.ShapedRecipes@f453129
[17:44:33] [Server thread/TRACE] [FML]:   Registry: 305 minecraft:gold_block net.minecraft.item.crafting.ShapedRecipes@49809275
[17:44:33] [Server thread/TRACE] [FML]:   Registry: 306 minecraft:glowstone net.minecraft.item.crafting.ShapedRecipes@2c8f65da
[17:44:33] [Server thread/TRACE] [FML]:   Registry: 307 minecraft:glass_pane net.minecraft.item.crafting.ShapedRecipes@2346f77a
[17:44:33] [Server thread/TRACE] [FML]:   Registry: 308 minecraft:glass_bottle net.minecraft.item.crafting.ShapedRecipes@5ff29e8b
[17:44:33] [Server thread/TRACE] [FML]:   Registry: 309 minecraft:furnace_minecart net.minecraft.item.crafting.ShapedRecipes@3fe5ad73
[17:44:33] [Server thread/TRACE] [FML]:   Registry: 310 minecraft:furnace net.minecraft.item.crafting.ShapedRecipes@38856d6e
[17:44:33] [Server thread/TRACE] [FML]:   Registry: 311 minecraft:flower_pot net.minecraft.item.crafting.ShapedRecipes@6ac2c5a1
[17:44:33] [Server thread/TRACE] [FML]:   Registry: 312 minecraft:flint_and_steel net.minecraft.item.crafting.ShapelessRecipes@48bab2c6
[17:44:33] [Server thread/TRACE] [FML]:   Registry: 313 minecraft:fishing_rod net.minecraft.item.crafting.ShapedRecipes@6b576ff8
[17:44:33] [Server thread/TRACE] [FML]:   Registry: 314 minecraft:fire_charge net.minecraft.item.crafting.ShapelessRecipes@351be56b
[17:44:33] [Server thread/TRACE] [FML]:   Registry: 315 minecraft:fermented_spider_eye net.minecraft.item.crafting.ShapelessRecipes@dd77e0d
[17:44:33] [Server thread/TRACE] [FML]:   Registry: 316 minecraft:fence_gate net.minecraft.item.crafting.ShapedRecipes@44dcc0e4
[17:44:33] [Server thread/TRACE] [FML]:   Registry: 317 minecraft:fence net.minecraft.item.crafting.ShapedRecipes@3aed692d
[17:44:33] [Server thread/TRACE] [FML]:   Registry: 318 minecraft:ender_eye net.minecraft.item.crafting.ShapelessRecipes@5870fc05
[17:44:33] [Server thread/TRACE] [FML]:   Registry: 319 minecraft:ender_chest net.minecraft.item.crafting.ShapedRecipes@3945886e
[17:44:33] [Server thread/TRACE] [FML]:   Registry: 320 minecraft:end_rod net.minecraft.item.crafting.ShapedRecipes@2336d3f
[17:44:33] [Server thread/TRACE] [FML]:   Registry: 321 minecraft:end_crystal net.minecraft.item.crafting.ShapedRecipes@a6a2c20
[17:44:33] [Server thread/TRACE] [FML]:   Registry: 322 minecraft:end_bricks net.minecraft.item.crafting.ShapedRecipes@7ae6927
[17:44:33] [Server thread/TRACE] [FML]:   Registry: 323 minecraft:enchanting_table net.minecraft.item.crafting.ShapedRecipes@77307b51
[17:44:33] [Server thread/TRACE] [FML]:   Registry: 324 minecraft:emerald_block net.minecraft.item.crafting.ShapedRecipes@1cca2e9d
[17:44:33] [Server thread/TRACE] [FML]:   Registry: 325 minecraft:emerald net.minecraft.item.crafting.ShapedRecipes@4850d66b
[17:44:33] [Server thread/TRACE] [FML]:   Registry: 326 minecraft:dropper net.minecraft.item.crafting.ShapedRecipes@447543ee
[17:44:33] [Server thread/TRACE] [FML]:   Registry: 327 minecraft:dispenser net.minecraft.item.crafting.ShapedRecipes@2de96eba
[17:44:33] [Server thread/TRACE] [FML]:   Registry: 328 minecraft:diorite net.minecraft.item.crafting.ShapedRecipes@3cae4518
[17:44:33] [Server thread/TRACE] [FML]:   Registry: 329 minecraft:diamond_sword net.minecraft.item.crafting.ShapedRecipes@53b907d9
[17:44:33] [Server thread/TRACE] [FML]:   Registry: 330 minecraft:diamond_shovel net.minecraft.item.crafting.ShapedRecipes@4d3990a5
[17:44:33] [Server thread/TRACE] [FML]:   Registry: 331 minecraft:diamond_pickaxe net.minecraft.item.crafting.ShapedRecipes@1ee6434
[17:44:33] [Server thread/TRACE] [FML]:   Registry: 332 minecraft:diamond_leggings net.minecraft.item.crafting.ShapedRecipes@6a7fc4c1
[17:44:33] [Server thread/TRACE] [FML]:   Registry: 333 minecraft:diamond_hoe net.minecraft.item.crafting.ShapedRecipes@314c6f89
[17:44:33] [Server thread/TRACE] [FML]:   Registry: 334 minecraft:diamond_helmet net.minecraft.item.crafting.ShapedRecipes@1bbc1b90
[17:44:33] [Server thread/TRACE] [FML]:   Registry: 335 minecraft:diamond_chestplate net.minecraft.item.crafting.ShapedRecipes@a5d23c9
[17:44:33] [Server thread/TRACE] [FML]:   Registry: 336 minecraft:diamond_boots net.minecraft.item.crafting.ShapedRecipes@59ec5a0b
[17:44:33] [Server thread/TRACE] [FML]:   Registry: 337 minecraft:diamond_block net.minecraft.item.crafting.ShapedRecipes@6244afc4
[17:44:33] [Server thread/TRACE] [FML]:   Registry: 338 minecraft:diamond_axe net.minecraft.item.crafting.ShapedRecipes@26a202ae
[17:44:33] [Server thread/TRACE] [FML]:   Registry: 339 minecraft:diamond net.minecraft.item.crafting.ShapedRecipes@5a9baba8
[17:44:33] [Server thread/TRACE] [FML]:   Registry: 340 minecraft:detector_rail net.minecraft.item.crafting.ShapedRecipes@7204d98f
[17:44:33] [Server thread/TRACE] [FML]:   Registry: 341 minecraft:daylight_detector net.minecraft.item.crafting.ShapedRecipes@5c3924fd
[17:44:33] [Server thread/TRACE] [FML]:   Registry: 342 minecraft:dark_prismarine net.minecraft.item.crafting.ShapedRecipes@284b487f
[17:44:33] [Server thread/TRACE] [FML]:   Registry: 343 minecraft:dark_oak_wooden_slab net.minecraft.item.crafting.ShapedRecipes@5cba474f
[17:44:33] [Server thread/TRACE] [FML]:   Registry: 344 minecraft:dark_oak_stairs net.minecraft.item.crafting.ShapedRecipes@cfc4601
[17:44:33] [Server thread/TRACE] [FML]:   Registry: 345 minecraft:dark_oak_planks net.minecraft.item.crafting.ShapedRecipes@3e0327dd
[17:44:33] [Server thread/TRACE] [FML]:   Registry: 346 minecraft:dark_oak_fence_gate net.minecraft.item.crafting.ShapedRecipes@38197e82
[17:44:33] [Server thread/TRACE] [FML]:   Registry: 347 minecraft:dark_oak_fence net.minecraft.item.crafting.ShapedRecipes@8f374de
[17:44:33] [Server thread/TRACE] [FML]:   Registry: 348 minecraft:dark_oak_door net.minecraft.item.crafting.ShapedRecipes@565c887e
[17:44:33] [Server thread/TRACE] [FML]:   Registry: 349 minecraft:dark_oak_boat net.minecraft.item.crafting.ShapedRecipes@363ba634
[17:44:33] [Server thread/TRACE] [FML]:   Registry: 350 minecraft:cyan_wool net.minecraft.item.crafting.ShapelessRecipes@4ac0d49
[17:44:33] [Server thread/TRACE] [FML]:   Registry: 351 minecraft:cyan_stained_hardened_clay net.minecraft.item.crafting.ShapedRecipes@52963839
[17:44:33] [Server thread/TRACE] [FML]:   Registry: 352 minecraft:cyan_stained_glass_pane net.minecraft.item.crafting.ShapedRecipes@1f013047
[17:44:33] [Server thread/TRACE] [FML]:   Registry: 353 minecraft:cyan_stained_glass net.minecraft.item.crafting.ShapedRecipes@318511f0
[17:44:33] [Server thread/TRACE] [FML]:   Registry: 354 minecraft:cyan_dye net.minecraft.item.crafting.ShapelessRecipes@11d422fd
[17:44:33] [Server thread/TRACE] [FML]:   Registry: 355 minecraft:cyan_concrete_powder net.minecraft.item.crafting.ShapelessRecipes@dcdb883
[17:44:33] [Server thread/TRACE] [FML]:   Registry: 356 minecraft:cyan_carpet net.minecraft.item.crafting.ShapedRecipes@3d3b852e
[17:44:33] [Server thread/TRACE] [FML]:   Registry: 357 minecraft:cyan_bed_from_white_bed net.minecraft.item.crafting.ShapelessRecipes@6f89ad03
[17:44:33] [Server thread/TRACE] [FML]:   Registry: 358 minecraft:cyan_bed net.minecraft.item.crafting.ShapedRecipes@1fa796a4
[17:44:33] [Server thread/TRACE] [FML]:   Registry: 359 minecraft:cyan_banner net.minecraft.item.crafting.ShapedRecipes@6f2bf657
[17:44:33] [Server thread/TRACE] [FML]:   Registry: 360 minecraft:crafting_table net.minecraft.item.crafting.ShapedRecipes@1c3b221f
[17:44:33] [Server thread/TRACE] [FML]:   Registry: 361 minecraft:cookie net.minecraft.item.crafting.ShapedRecipes@49c4118b
[17:44:33] [Server thread/TRACE] [FML]:   Registry: 362 minecraft:compass net.minecraft.item.crafting.ShapedRecipes@640a6d4b
[17:44:33] [Server thread/TRACE] [FML]:   Registry: 363 minecraft:comparator net.minecraft.item.crafting.ShapedRecipes@abf1816
[17:44:33] [Server thread/TRACE] [FML]:   Registry: 364 minecraft:cobblestone_wall net.minecraft.item.crafting.ShapedRecipes@6a562255
[17:44:33] [Server thread/TRACE] [FML]:   Registry: 365 minecraft:cobblestone_slab net.minecraft.item.crafting.ShapedRecipes@44a9971f
[17:44:33] [Server thread/TRACE] [FML]:   Registry: 366 minecraft:coarse_dirt net.minecraft.item.crafting.ShapedRecipes@71cc0e35
[17:44:33] [Server thread/TRACE] [FML]:   Registry: 367 minecraft:coal_block net.minecraft.item.crafting.ShapedRecipes@6958d5d0
[17:44:33] [Server thread/TRACE] [FML]:   Registry: 368 minecraft:coal net.minecraft.item.crafting.ShapedRecipes@90394d
[17:44:33] [Server thread/TRACE] [FML]:   Registry: 369 minecraft:clock net.minecraft.item.crafting.ShapedRecipes@a302f30
[17:44:33] [Server thread/TRACE] [FML]:   Registry: 370 minecraft:clay net.minecraft.item.crafting.ShapedRecipes@4af44f2a
[17:44:33] [Server thread/TRACE] [FML]:   Registry: 371 minecraft:chiseled_stonebrick net.minecraft.item.crafting.ShapedRecipes@47994b51
[17:44:33] [Server thread/TRACE] [FML]:   Registry: 372 minecraft:chiseled_sandstone net.minecraft.item.crafting.ShapedRecipes@143fe09c
[17:44:33] [Server thread/TRACE] [FML]:   Registry: 373 minecraft:chiseled_red_sandstone net.minecraft.item.crafting.ShapedRecipes@6b32b678
[17:44:33] [Server thread/TRACE] [FML]:   Registry: 374 minecraft:chiseled_quartz_block net.minecraft.item.crafting.ShapedRecipes@34d5eac
[17:44:33] [Server thread/TRACE] [FML]:   Registry: 375 minecraft:chest_minecart net.minecraft.item.crafting.ShapedRecipes@632b96b8
[17:44:33] [Server thread/TRACE] [FML]:   Registry: 376 minecraft:chest net.minecraft.item.crafting.ShapedRecipes@5a07ae2f
[17:44:33] [Server thread/TRACE] [FML]:   Registry: 377 minecraft:cauldron net.minecraft.item.crafting.ShapedRecipes@a1a72d4
[17:44:33] [Server thread/TRACE] [FML]:   Registry: 378 minecraft:carrot_on_a_stick net.minecraft.item.crafting.ShapedRecipes@34d72f06
[17:44:33] [Server thread/TRACE] [FML]:   Registry: 379 minecraft:cake net.minecraft.item.crafting.ShapedRecipes@4745bcc6
[17:44:33] [Server thread/TRACE] [FML]:   Registry: 380 minecraft:bucket net.minecraft.item.crafting.ShapedRecipes@50b4e7b2
[17:44:33] [Server thread/TRACE] [FML]:   Registry: 381 minecraft:brown_wool net.minecraft.item.crafting.ShapelessRecipes@25c16cf7
[17:44:33] [Server thread/TRACE] [FML]:   Registry: 382 minecraft:brown_stained_hardened_clay net.minecraft.item.crafting.ShapedRecipes@71b7e9c8
[17:44:33] [Server thread/TRACE] [FML]:   Registry: 383 minecraft:brown_stained_glass_pane net.minecraft.item.crafting.ShapedRecipes@76b019c4
[17:44:33] [Server thread/TRACE] [FML]:   Registry: 384 minecraft:brown_stained_glass net.minecraft.item.crafting.ShapedRecipes@1e288c76
[17:44:33] [Server thread/TRACE] [FML]:   Registry: 385 minecraft:brown_concrete_powder net.minecraft.item.crafting.ShapelessRecipes@77988c45
[17:44:33] [Server thread/TRACE] [FML]:   Registry: 386 minecraft:brown_carpet net.minecraft.item.crafting.ShapedRecipes@234bfc8c
[17:44:33] [Server thread/TRACE] [FML]:   Registry: 387 minecraft:brown_bed_from_white_bed net.minecraft.item.crafting.ShapelessRecipes@276aa33f
[17:44:33] [Server thread/TRACE] [FML]:   Registry: 388 minecraft:brown_bed net.minecraft.item.crafting.ShapedRecipes@25d23478
[17:44:33] [Server thread/TRACE] [FML]:   Registry: 389 minecraft:brown_banner net.minecraft.item.crafting.ShapedRecipes@2eea4441
[17:44:33] [Server thread/TRACE] [FML]:   Registry: 390 minecraft:brick_stairs net.minecraft.item.crafting.ShapedRecipes@7c79f2cf
[17:44:33] [Server thread/TRACE] [FML]:   Registry: 391 minecraft:brick_slab net.minecraft.item.crafting.ShapedRecipes@7fad28ac
[17:44:33] [Server thread/TRACE] [FML]:   Registry: 392 minecraft:brick_block net.minecraft.item.crafting.ShapedRecipes@4b5f022f
[17:44:33] [Server thread/TRACE] [FML]:   Registry: 393 minecraft:brewing_stand net.minecraft.item.crafting.ShapedRecipes@64186f60
[17:44:33] [Server thread/TRACE] [FML]:   Registry: 394 minecraft:bread net.minecraft.item.crafting.ShapedRecipes@70bc9070
[17:44:33] [Server thread/TRACE] [FML]:   Registry: 395 minecraft:bowl net.minecraft.item.crafting.ShapedRecipes@6aa792
[17:44:33] [Server thread/TRACE] [FML]:   Registry: 396 minecraft:bow net.minecraft.item.crafting.ShapedRecipes@7fdff56b
[17:44:33] [Server thread/TRACE] [FML]:   Registry: 397 minecraft:bookshelf net.minecraft.item.crafting.ShapedRecipes@6f36e806
[17:44:33] [Server thread/TRACE] [FML]:   Registry: 398 minecraft:book net.minecraft.item.crafting.ShapelessRecipes@33a7331
[17:44:33] [Server thread/TRACE] [FML]:   Registry: 399 minecraft:bone_meal_from_bone net.minecraft.item.crafting.ShapelessRecipes@345540f9
[17:44:33] [Server thread/TRACE] [FML]:   Registry: 400 minecraft:bone_meal_from_block net.minecraft.item.crafting.ShapelessRecipes@e3275d3
[17:44:33] [Server thread/TRACE] [FML]:   Registry: 401 minecraft:bone_block net.minecraft.item.crafting.ShapedRecipes@6bfdaed7
[17:44:33] [Server thread/TRACE] [FML]:   Registry: 402 minecraft:boat net.minecraft.item.crafting.ShapedRecipes@76208b80
[17:44:33] [Server thread/TRACE] [FML]:   Registry: 403 minecraft:blue_wool net.minecraft.item.crafting.ShapelessRecipes@28b68067
[17:44:33] [Server thread/TRACE] [FML]:   Registry: 404 minecraft:blue_stained_hardened_clay net.minecraft.item.crafting.ShapedRecipes@393e7546
[17:44:33] [Server thread/TRACE] [FML]:   Registry: 405 minecraft:blue_stained_glass_pane net.minecraft.item.crafting.ShapedRecipes@7512a9a6
[17:44:33] [Server thread/TRACE] [FML]:   Registry: 406 minecraft:blue_stained_glass net.minecraft.item.crafting.ShapedRecipes@169d1f92
[17:44:33] [Server thread/TRACE] [FML]:   Registry: 407 minecraft:blue_concrete_powder net.minecraft.item.crafting.ShapelessRecipes@5b80b41d
[17:44:33] [Server thread/TRACE] [FML]:   Registry: 408 minecraft:blue_carpet net.minecraft.item.crafting.ShapedRecipes@197180a5
[17:44:33] [Server thread/TRACE] [FML]:   Registry: 409 minecraft:blue_bed_from_white_bed net.minecraft.item.crafting.ShapelessRecipes@6054ac20
[17:44:33] [Server thread/TRACE] [FML]:   Registry: 410 minecraft:blue_bed net.minecraft.item.crafting.ShapedRecipes@5dac6bc3
[17:44:33] [Server thread/TRACE] [FML]:   Registry: 411 minecraft:blue_banner net.minecraft.item.crafting.ShapedRecipes@6f25ed2b
[17:44:33] [Server thread/TRACE] [FML]:   Registry: 412 minecraft:blaze_powder net.minecraft.item.crafting.ShapelessRecipes@7535307c
[17:44:33] [Server thread/TRACE] [FML]:   Registry: 413 minecraft:black_wool net.minecraft.item.crafting.ShapelessRecipes@64908ab9
[17:44:33] [Server thread/TRACE] [FML]:   Registry: 414 minecraft:black_stained_hardened_clay net.minecraft.item.crafting.ShapedRecipes@59043741
[17:44:33] [Server thread/TRACE] [FML]:   Registry: 415 minecraft:black_stained_glass_pane net.minecraft.item.crafting.ShapedRecipes@510a2c7
[17:44:33] [Server thread/TRACE] [FML]:   Registry: 416 minecraft:black_stained_glass net.minecraft.item.crafting.ShapedRecipes@36857d32
[17:44:33] [Server thread/TRACE] [FML]:   Registry: 417 minecraft:black_concrete_powder net.minecraft.item.crafting.ShapelessRecipes@64fba3e6
[17:44:33] [Server thread/TRACE] [FML]:   Registry: 418 minecraft:black_carpet net.minecraft.item.crafting.ShapedRecipes@700202fa
[17:44:33] [Server thread/TRACE] [FML]:   Registry: 419 minecraft:black_bed_from_white_bed net.minecraft.item.crafting.ShapelessRecipes@3225d950
[17:44:33] [Server thread/TRACE] [FML]:   Registry: 420 minecraft:black_bed net.minecraft.item.crafting.ShapedRecipes@73a1a1b4
[17:44:33] [Server thread/TRACE] [FML]:   Registry: 421 minecraft:black_banner net.minecraft.item.crafting.ShapedRecipes@129aaac1
[17:44:33] [Server thread/TRACE] [FML]:   Registry: 422 minecraft:birch_wooden_slab net.minecraft.item.crafting.ShapedRecipes@1fc8047f
[17:44:33] [Server thread/TRACE] [FML]:   Registry: 423 minecraft:birch_stairs net.minecraft.item.crafting.ShapedRecipes@230d013b
[17:44:33] [Server thread/TRACE] [FML]:   Registry: 424 minecraft:birch_planks net.minecraft.item.crafting.ShapedRecipes@220f6a3c
[17:44:33] [Server thread/TRACE] [FML]:   Registry: 425 minecraft:birch_fence_gate net.minecraft.item.crafting.ShapedRecipes@4f55a864
[17:44:33] [Server thread/TRACE] [FML]:   Registry: 426 minecraft:birch_fence net.minecraft.item.crafting.ShapedRecipes@73fe7483
[17:44:33] [Server thread/TRACE] [FML]:   Registry: 427 minecraft:birch_door net.minecraft.item.crafting.ShapedRecipes@5703c1fb
[17:44:33] [Server thread/TRACE] [FML]:   Registry: 428 minecraft:birch_boat net.minecraft.item.crafting.ShapedRecipes@64381526
[17:44:33] [Server thread/TRACE] [FML]:   Registry: 429 minecraft:beetroot_soup net.minecraft.item.crafting.ShapedRecipes@5da2966
[17:44:33] [Server thread/TRACE] [FML]:   Registry: 430 minecraft:beacon net.minecraft.item.crafting.ShapedRecipes@2911db81
[17:44:33] [Server thread/TRACE] [FML]:   Registry: 431 minecraft:arrow net.minecraft.item.crafting.ShapedRecipes@299ddfff
[17:44:33] [Server thread/TRACE] [FML]:   Registry: 432 minecraft:armor_stand net.minecraft.item.crafting.ShapedRecipes@5c1687d1
[17:44:33] [Server thread/TRACE] [FML]:   Registry: 433 minecraft:anvil net.minecraft.item.crafting.ShapedRecipes@20a25f66
[17:44:33] [Server thread/TRACE] [FML]:   Registry: 434 minecraft:andesite net.minecraft.item.crafting.ShapelessRecipes@4891d727
[17:44:33] [Server thread/TRACE] [FML]:   Registry: 435 minecraft:activator_rail net.minecraft.item.crafting.ShapedRecipes@105fe81e
[17:44:33] [Server thread/TRACE] [FML]:   Registry: 436 minecraft:acacia_wooden_slab net.minecraft.item.crafting.ShapedRecipes@7741507c
[17:44:33] [Server thread/TRACE] [FML]:   Registry: 437 minecraft:acacia_stairs net.minecraft.item.crafting.ShapedRecipes@749c0669
[17:44:33] [Server thread/TRACE] [FML]:   Registry: 438 minecraft:acacia_planks net.minecraft.item.crafting.ShapedRecipes@4769537a
[17:44:33] [Server thread/TRACE] [FML]:   Registry: 439 minecraft:acacia_fence_gate net.minecraft.item.crafting.ShapedRecipes@558aa1f1
[17:44:33] [Server thread/TRACE] [FML]:   Registry: 440 minecraft:acacia_fence net.minecraft.item.crafting.ShapedRecipes@1a4ae53d
[17:44:33] [Server thread/TRACE] [FML]:   Registry: 441 minecraft:acacia_door net.minecraft.item.crafting.ShapedRecipes@7348e75e
[17:44:33] [Server thread/TRACE] [FML]:   Registry: 442 minecraft:acacia_boat net.minecraft.item.crafting.ShapedRecipes@7792e14f
[17:44:33] [Server thread/TRACE] [FML]:   Registry: 443 appliedenergistics2:network/wireless_pattern_terminal net.minecraftforge.oredict.ShapedOreRecipe@293f1722
[17:44:33] [Server thread/TRACE] [FML]:   Registry: 444 appliedenergistics2:network/wireless_booster net.minecraftforge.oredict.ShapedOreRecipe@5cca4acf
[17:44:33] [Server thread/TRACE] [FML]:   Registry: 445 appliedenergistics2:network/parts/level_emitter net.minecraftforge.oredict.ShapelessOreRecipe@21bf3ae3
[17:44:33] [Server thread/TRACE] [FML]:   Registry: 446 appliedenergistics2:network/parts/planes_formation_alt net.minecraftforge.oredict.ShapedOreRecipe@62ef069e
[17:44:33] [Server thread/TRACE] [FML]:   Registry: 447 appliedenergistics2:network/parts/panels_semi_dark_monitor net.minecraftforge.oredict.ShapedOreRecipe@1859c7a0
[17:44:33] [Server thread/TRACE] [FML]:   Registry: 448 appliedenergistics2:network/parts/storage_bus_fluid net.minecraftforge.oredict.ShapelessOreRecipe@3a332eed
[17:44:33] [Server thread/TRACE] [FML]:   Registry: 449 appliedenergistics2:network/parts/terminals_crafting net.minecraftforge.oredict.ShapelessOreRecipe@250c2993
[17:44:33] [Server thread/TRACE] [FML]:   Registry: 450 appliedenergistics2:network/parts/panels_monitor net.minecraftforge.oredict.ShapelessOreRecipe@605ca0a8
[17:44:33] [Server thread/TRACE] [FML]:   Registry: 451 appliedenergistics2:network/parts/toggle_bus_alt net.minecraftforge.oredict.ShapelessOreRecipe@5663d72d
[17:44:33] [Server thread/TRACE] [FML]:   Registry: 452 appliedenergistics2:network/parts/storage_bus net.minecraftforge.oredict.ShapelessOreRecipe@27225e83
[17:44:33] [Server thread/TRACE] [FML]:   Registry: 453 appliedenergistics2:network/parts/terminals_fluid_interface_configuration_revert net.minecraftforge.oredict.ShapelessOreRecipe@1269c5fb
[17:44:33] [Server thread/TRACE] [FML]:   Registry: 454 appliedenergistics2:network/parts/planes_formation_fluid_alt net.minecraftforge.oredict.ShapedOreRecipe@157c5e38
[17:44:33] [Server thread/TRACE] [FML]:   Registry: 455 appliedenergistics2:network/parts/planes_formation net.minecraftforge.oredict.ShapedOreRecipe@6d39cc87
[17:44:33] [Server thread/TRACE] [FML]:   Registry: 456 appliedenergistics2:network/parts/terminals_interface_configuration net.minecraftforge.oredict.ShapelessOreRecipe@28d9edc1
[17:44:33] [Server thread/TRACE] [FML]:   Registry: 457 appliedenergistics2:network/parts/terminals_pattern net.minecraftforge.oredict.ShapelessOreRecipe@5bba292
[17:44:33] [Server thread/TRACE] [FML]:   Registry: 458 appliedenergistics2:network/parts/quartz_fiber_part net.minecraftforge.oredict.ShapedOreRecipe@44134703
[17:44:33] [Server thread/TRACE] [FML]:   Registry: 459 appliedenergistics2:network/parts/export_bus net.minecraftforge.oredict.ShapedOreRecipe@5e161b43
[17:44:33] [Server thread/TRACE] [FML]:   Registry: 460 appliedenergistics2:network/parts/terminals_interface_configuration_revert net.minecraftforge.oredict.ShapelessOreRecipe@5367e62
[17:44:33] [Server thread/TRACE] [FML]:   Registry: 461 appliedenergistics2:network/parts/planes_formation_fluid net.minecraftforge.oredict.ShapedOreRecipe@3bbcfe0d
[17:44:33] [Server thread/TRACE] [FML]:   Registry: 462 appliedenergistics2:network/parts/terminals net.minecraftforge.oredict.ShapelessOreRecipe@764460c4
[17:44:33] [Server thread/TRACE] [FML]:   Registry: 463 appliedenergistics2:network/parts/fluid_level_emitter net.minecraftforge.oredict.ShapelessOreRecipe@45dfa4de
[17:44:33] [Server thread/TRACE] [FML]:   Registry: 464 appliedenergistics2:network/parts/export_bus_fluid net.minecraftforge.oredict.ShapedOreRecipe@749f075c
[17:44:33] [Server thread/TRACE] [FML]:   Registry: 465 appliedenergistics2:network/parts/panels_dark_monitor net.minecraftforge.oredict.ShapelessOreRecipe@1b1b13b3
[17:44:33] [Server thread/TRACE] [FML]:   Registry: 466 appliedenergistics2:network/parts/monitors_storage net.minecraftforge.oredict.ShapelessOreRecipe@5ad3dcd9
[17:44:33] [Server thread/TRACE] [FML]:   Registry: 467 appliedenergistics2:network/parts/oredict_storage_bus net.minecraftforge.oredict.ShapelessOreRecipe@71763cf2
[17:44:33] [Server thread/TRACE] [FML]:   Registry: 468 appliedenergistics2:network/parts/planes_annihilation_fluid net.minecraftforge.oredict.ShapedOreRecipe@27702b7a
[17:44:33] [Server thread/TRACE] [FML]:   Registry: 469 appliedenergistics2:network/parts/terminals_fluid_interface_configuration net.minecraftforge.oredict.ShapelessOreRecipe@4d602d4a
[17:44:33] [Server thread/TRACE] [FML]:   Registry: 470 appliedenergistics2:network/parts/tunnels_me net.minecraftforge.oredict.ShapedOreRecipe@1927bb38
[17:44:33] [Server thread/TRACE] [FML]:   Registry: 471 appliedenergistics2:network/parts/toggle_bus_inverted_alt net.minecraftforge.oredict.ShapelessOreRecipe@22eb7121
[17:44:33] [Server thread/TRACE] [FML]:   Registry: 472 appliedenergistics2:network/parts/cable_anchor net.minecraftforge.oredict.ShapelessOreRecipe@3a0e98b2
[17:44:33] [Server thread/TRACE] [FML]:   Registry: 473 appliedenergistics2:network/parts/planes_annihilation_alt2 net.minecraftforge.oredict.ShapedOreRecipe@49c0ac7a
[17:44:33] [Server thread/TRACE] [FML]:   Registry: 474 appliedenergistics2:network/parts/monitors_conversion net.minecraftforge.oredict.ShapelessOreRecipe@3e6ec8d6
[17:44:33] [Server thread/TRACE] [FML]:   Registry: 475 appliedenergistics2:network/parts/oredict_storage_bus_alt net.minecraftforge.oredict.ShapelessOreRecipe@d1d7c9b
[17:44:33] [Server thread/TRACE] [FML]:   Registry: 476 appliedenergistics2:network/parts/toggle_bus net.minecraftforge.oredict.ShapedOreRecipe@43c904cc
[17:44:33] [Server thread/TRACE] [FML]:   Registry: 477 appliedenergistics2:network/parts/terminals_interface net.minecraftforge.oredict.ShapelessOreRecipe@6a7b3f7
[17:44:33] [Server thread/TRACE] [FML]:   Registry: 478 appliedenergistics2:network/parts/import_bus_fluid net.minecraftforge.oredict.ShapedOreRecipe@3ea14e1d
[17:44:33] [Server thread/TRACE] [FML]:   Registry: 479 appliedenergistics2:network/parts/panels_semi_dark_monitor_alt net.minecraftforge.oredict.ShapelessOreRecipe@7631518
[17:44:33] [Server thread/TRACE] [FML]:   Registry: 480 appliedenergistics2:network/parts/terminal_expanded_processing net.minecraftforge.oredict.ShapedOreRecipe@79c52145
[17:44:33] [Server thread/TRACE] [FML]:   Registry: 481 appliedenergistics2:network/parts/planes_annihilation_alt net.minecraftforge.oredict.ShapedOreRecipe@4fb10b98
[17:44:33] [Server thread/TRACE] [FML]:   Registry: 482 appliedenergistics2:network/parts/import_bus net.minecraftforge.oredict.ShapedOreRecipe@7a2ec859
[17:44:33] [Server thread/TRACE] [FML]:   Registry: 483 appliedenergistics2:network/parts/terminals_fluid net.minecraftforge.oredict.ShapelessOreRecipe@6c1d22de
[17:44:33] [Server thread/TRACE] [FML]:   Registry: 484 appliedenergistics2:network/parts/planes_annihilation_fluid_alt net.minecraftforge.oredict.ShapedOreRecipe@4984055c
[17:44:33] [Server thread/TRACE] [FML]:   Registry: 485 appliedenergistics2:network/wireless_crafting_terminal net.minecraftforge.oredict.ShapedOreRecipe@6d6399c0
[17:44:33] [Server thread/TRACE] [FML]:   Registry: 486 appliedenergistics2:network/wireless_terminal net.minecraftforge.oredict.ShapedOreRecipe@23b65ee5
[17:44:33] [Server thread/TRACE] [FML]:   Registry: 487 appliedenergistics2:network/wireless_interface_terminal net.minecraftforge.oredict.ShapedOreRecipe@38dee549
[17:44:33] [Server thread/TRACE] [FML]:   Registry: 488 appliedenergistics2:network/crafting/patterns_blank net.minecraftforge.oredict.ShapedOreRecipe@53fc3725
[17:44:33] [Server thread/TRACE] [FML]:   Registry: 489 appliedenergistics2:network/crafting/cpu_crafting_storage_16k net.minecraftforge.oredict.ShapelessOreRecipe@6868f916
[17:44:33] [Server thread/TRACE] [FML]:   Registry: 490 appliedenergistics2:network/crafting/molecular_assembler net.minecraftforge.oredict.ShapedOreRecipe@5a6535d7
[17:44:33] [Server thread/TRACE] [FML]:   Registry: 491 appliedenergistics2:network/crafting/cpu_crafting_storage_1k net.minecraftforge.oredict.ShapelessOreRecipe@7b4c5fc9
[17:44:33] [Server thread/TRACE] [FML]:   Registry: 492 appliedenergistics2:network/crafting/cpu_crafting_monitor net.minecraftforge.oredict.ShapelessOreRecipe@17bace0a
[17:44:33] [Server thread/TRACE] [FML]:   Registry: 493 appliedenergistics2:network/crafting/cpu_crafting_storage_64k net.minecraftforge.oredict.ShapelessOreRecipe@6e406bba
[17:44:33] [Server thread/TRACE] [FML]:   Registry: 494 appliedenergistics2:network/crafting/cpu_crafting_unit net.minecraftforge.oredict.ShapedOreRecipe@111e54b2
[17:44:33] [Server thread/TRACE] [FML]:   Registry: 495 appliedenergistics2:network/crafting/cpu_crafting_storage_4k net.minecraftforge.oredict.ShapelessOreRecipe@683c5345
[17:44:33] [Server thread/TRACE] [FML]:   Registry: 496 appliedenergistics2:network/crafting/cpu_crafting_accelerator net.minecraftforge.oredict.ShapelessOreRecipe@1a37d95f
[17:44:33] [Server thread/TRACE] [FML]:   Registry: 497 appliedenergistics2:network/wireless_access_point net.minecraftforge.oredict.ShapedOreRecipe@638e8eca
[17:44:33] [Server thread/TRACE] [FML]:   Registry: 498 appliedenergistics2:network/cables/smart_yellow net.minecraftforge.oredict.ShapedOreRecipe@7924f5cc
[17:44:33] [Server thread/TRACE] [FML]:   Registry: 499 appliedenergistics2:network/cables/dense_covered_blue net.minecraftforge.oredict.ShapedOreRecipe@26e1681c
[17:44:33] [Server thread/TRACE] [FML]:   Registry: 500 appliedenergistics2:network/cables/smart_purple net.minecraftforge.oredict.ShapedOreRecipe@5982dd82
[17:44:33] [Server thread/TRACE] [FML]:   Registry: 501 appliedenergistics2:network/cables/smart_fluix net.minecraftforge.oredict.ShapelessOreRecipe@780661f1
[17:44:33] [Server thread/TRACE] [FML]:   Registry: 502 appliedenergistics2:network/cables/dense_smart_yellow net.minecraftforge.oredict.ShapedOreRecipe@58782585
[17:44:33] [Server thread/TRACE] [FML]:   Registry: 503 appliedenergistics2:network/cables/smart_gray net.minecraftforge.oredict.ShapedOreRecipe@68c2ebb2
[17:44:33] [Server thread/TRACE] [FML]:   Registry: 504 appliedenergistics2:network/cables/covered_white net.minecraftforge.oredict.ShapedOreRecipe@1348900d
[17:44:33] [Server thread/TRACE] [FML]:   Registry: 505 appliedenergistics2:network/cables/smart_fluix_clean net.minecraftforge.oredict.ShapelessOreRecipe@48572869
[17:44:33] [Server thread/TRACE] [FML]:   Registry: 506 appliedenergistics2:network/cables/dense_covered_pink net.minecraftforge.oredict.ShapedOreRecipe@40d59ac7
[17:44:33] [Server thread/TRACE] [FML]:   Registry: 507 appliedenergistics2:network/cables/dense_covered_brown net.minecraftforge.oredict.ShapedOreRecipe@44c37ea
[17:44:33] [Server thread/TRACE] [FML]:   Registry: 508 appliedenergistics2:network/cables/covered_lime net.minecraftforge.oredict.ShapedOreRecipe@b8471c9
[17:44:33] [Server thread/TRACE] [FML]:   Registry: 509 appliedenergistics2:network/cables/dense_smart_fluix_clean net.minecraftforge.oredict.ShapelessOreRecipe@5f61b22e
[17:44:33] [Server thread/TRACE] [FML]:   Registry: 510 appliedenergistics2:network/cables/smart_magenta net.minecraftforge.oredict.ShapedOreRecipe@4066c11c
[17:44:33] [Server thread/TRACE] [FML]:   Registry: 511 appliedenergistics2:network/cables/smart_black net.minecraftforge.oredict.ShapedOreRecipe@304781b1
[17:44:33] [Server thread/TRACE] [FML]:   Registry: 512 appliedenergistics2:network/cables/glass_light_blue net.minecraftforge.oredict.ShapedOreRecipe@4f8d1733
[17:44:33] [Server thread/TRACE] [FML]:   Registry: 513 appliedenergistics2:network/cables/dense_covered_gray net.minecraftforge.oredict.ShapedOreRecipe@3cf4ce2f
[17:44:33] [Server thread/TRACE] [FML]:   Registry: 514 appliedenergistics2:network/cables/glass_purple net.minecraftforge.oredict.ShapedOreRecipe@822db97
[17:44:33] [Server thread/TRACE] [FML]:   Registry: 515 appliedenergistics2:network/cables/dense_covered_cyan net.minecraftforge.oredict.ShapedOreRecipe@53c110e4
[17:44:33] [Server thread/TRACE] [FML]:   Registry: 516 appliedenergistics2:network/cables/glass_black net.minecraftforge.oredict.ShapedOreRecipe@718186ce
[17:44:33] [Server thread/TRACE] [FML]:   Registry: 517 appliedenergistics2:network/cables/dense_smart_cyan net.minecraftforge.oredict.ShapedOreRecipe@44edde1d
[17:44:33] [Server thread/TRACE] [FML]:   Registry: 518 appliedenergistics2:network/cables/glass_cyan net.minecraftforge.oredict.ShapedOreRecipe@24c7fab0
[17:44:33] [Server thread/TRACE] [FML]:   Registry: 519 appliedenergistics2:network/cables/covered_purple net.minecraftforge.oredict.ShapedOreRecipe@56b720d3
[17:44:33] [Server thread/TRACE] [FML]:   Registry: 520 appliedenergistics2:network/cables/glass_red net.minecraftforge.oredict.ShapedOreRecipe@49b4b5fc
[17:44:33] [Server thread/TRACE] [FML]:   Registry: 521 appliedenergistics2:network/cables/smart_blue net.minecraftforge.oredict.ShapedOreRecipe@549d1965
[17:44:33] [Server thread/TRACE] [FML]:   Registry: 522 appliedenergistics2:network/cables/glass_yellow net.minecraftforge.oredict.ShapedOreRecipe@55d8bf33
[17:44:33] [Server thread/TRACE] [FML]:   Registry: 523 appliedenergistics2:network/cables/covered_cyan net.minecraftforge.oredict.ShapedOreRecipe@77ebc959
[17:44:33] [Server thread/TRACE] [FML]:   Registry: 524 appliedenergistics2:network/cables/glass_orange net.minecraftforge.oredict.ShapedOreRecipe@3446f434
[17:44:33] [Server thread/TRACE] [FML]:   Registry: 525 appliedenergistics2:network/cables/dense_smart_lime net.minecraftforge.oredict.ShapedOreRecipe@30153a85
[17:44:33] [Server thread/TRACE] [FML]:   Registry: 526 appliedenergistics2:network/cables/dense_smart_red net.minecraftforge.oredict.ShapedOreRecipe@307ab1f1
[17:44:33] [Server thread/TRACE] [FML]:   Registry: 527 appliedenergistics2:network/cables/smart_brown net.minecraftforge.oredict.ShapedOreRecipe@2cd37eac
[17:44:33] [Server thread/TRACE] [FML]:   Registry: 528 appliedenergistics2:network/cables/dense_smart_purple net.minecraftforge.oredict.ShapedOreRecipe@2c5748e1
[17:44:33] [Server thread/TRACE] [FML]:   Registry: 529 appliedenergistics2:network/cables/dense_covered_purple net.minecraftforge.oredict.ShapedOreRecipe@b5a0626
[17:44:33] [Server thread/TRACE] [FML]:   Registry: 530 appliedenergistics2:network/cables/smart_lime net.minecraftforge.oredict.ShapedOreRecipe@31bd3c7
[17:44:33] [Server thread/TRACE] [FML]:   Registry: 531 appliedenergistics2:network/cables/covered_fluix net.minecraftforge.oredict.ShapelessOreRecipe@5fe91e94
[17:44:33] [Server thread/TRACE] [FML]:   Registry: 532 appliedenergistics2:network/cables/dense_covered_light_gray net.minecraftforge.oredict.ShapedOreRecipe@76a0d43b
[17:44:33] [Server thread/TRACE] [FML]:   Registry: 533 appliedenergistics2:network/cables/covered_fluix_clean net.minecraftforge.oredict.ShapelessOreRecipe@5803b898
[17:44:33] [Server thread/TRACE] [FML]:   Registry: 534 appliedenergistics2:network/cables/dense_smart_white net.minecraftforge.oredict.ShapedOreRecipe@618b1cd9
[17:44:33] [Server thread/TRACE] [FML]:   Registry: 535 appliedenergistics2:network/cables/glass_pink net.minecraftforge.oredict.ShapedOreRecipe@2519a7d1
[17:44:33] [Server thread/TRACE] [FML]:   Registry: 536 appliedenergistics2:network/cables/dense_covered_fluix_clean net.minecraftforge.oredict.ShapelessOreRecipe@1abd54fc
[17:44:33] [Server thread/TRACE] [FML]:   Registry: 537 appliedenergistics2:network/cables/covered_light_blue net.minecraftforge.oredict.ShapedOreRecipe@1838104d
[17:44:33] [Server thread/TRACE] [FML]:   Registry: 538 appliedenergistics2:network/cables/dense_covered_fluix net.minecraftforge.oredict.ShapelessOreRecipe@68917e71
[17:44:33] [Server thread/TRACE] [FML]:   Registry: 539 appliedenergistics2:network/cables/covered_gray net.minecraftforge.oredict.ShapedOreRecipe@50c618fc
[17:44:33] [Server thread/TRACE] [FML]:   Registry: 540 appliedenergistics2:network/cables/dense_smart_green net.minecraftforge.oredict.ShapedOreRecipe@35138ba2
[17:44:33] [Server thread/TRACE] [FML]:   Registry: 541 appliedenergistics2:network/cables/dense_smart_pink net.minecraftforge.oredict.ShapedOreRecipe@fdf5f3
[17:44:33] [Server thread/TRACE] [FML]:   Registry: 542 appliedenergistics2:network/cables/dense_smart_fluix net.minecraftforge.oredict.ShapelessOreRecipe@2d42cee4
[17:44:33] [Server thread/TRACE] [FML]:   Registry: 543 appliedenergistics2:network/cables/dense_smart_light_blue net.minecraftforge.oredict.ShapedOreRecipe@75988194
[17:44:33] [Server thread/TRACE] [FML]:   Registry: 544 appliedenergistics2:network/cables/glass_green net.minecraftforge.oredict.ShapedOreRecipe@4c9f442e
[17:44:33] [Server thread/TRACE] [FML]:   Registry: 545 appliedenergistics2:network/cables/covered_yellow net.minecraftforge.oredict.ShapedOreRecipe@51e24212
[17:44:33] [Server thread/TRACE] [FML]:   Registry: 546 appliedenergistics2:network/cables/dense_smart_brown net.minecraftforge.oredict.ShapedOreRecipe@56e9cbee
[17:44:33] [Server thread/TRACE] [FML]:   Registry: 547 appliedenergistics2:network/cables/covered_black net.minecraftforge.oredict.ShapedOreRecipe@6ce95b9a
[17:44:33] [Server thread/TRACE] [FML]:   Registry: 548 appliedenergistics2:network/cables/covered_brown net.minecraftforge.oredict.ShapedOreRecipe@3e812f6a
[17:44:33] [Server thread/TRACE] [FML]:   Registry: 549 appliedenergistics2:network/cables/dense_covered_orange net.minecraftforge.oredict.ShapedOreRecipe@5748c473
[17:44:33] [Server thread/TRACE] [FML]:   Registry: 550 appliedenergistics2:network/cables/dense_covered_green net.minecraftforge.oredict.ShapedOreRecipe@13c8033b
[17:44:33] [Server thread/TRACE] [FML]:   Registry: 551 appliedenergistics2:network/cables/smart_light_gray net.minecraftforge.oredict.ShapedOreRecipe@5bf4454c
[17:44:33] [Server thread/TRACE] [FML]:   Registry: 552 appliedenergistics2:network/cables/covered_magenta net.minecraftforge.oredict.ShapedOreRecipe@118d0fae
[17:44:33] [Server thread/TRACE] [FML]:   Registry: 553 appliedenergistics2:network/cables/glass_fluix net.minecraftforge.oredict.ShapelessOreRecipe@44c1ef00
[17:44:33] [Server thread/TRACE] [FML]:   Registry: 554 appliedenergistics2:network/cables/dense_covered_white net.minecraftforge.oredict.ShapedOreRecipe@20347465
[17:44:33] [Server thread/TRACE] [FML]:   Registry: 555 appliedenergistics2:network/cables/glass_light_gray net.minecraftforge.oredict.ShapedOreRecipe@60528633
[17:44:33] [Server thread/TRACE] [FML]:   Registry: 556 appliedenergistics2:network/cables/dense_smart_black net.minecraftforge.oredict.ShapedOreRecipe@7d20558e
[17:44:33] [Server thread/TRACE] [FML]:   Registry: 557 appliedenergistics2:network/cables/covered_red net.minecraftforge.oredict.ShapedOreRecipe@1aebf638
[17:44:33] [Server thread/TRACE] [FML]:   Registry: 558 appliedenergistics2:network/cables/glass_white net.minecraftforge.oredict.ShapedOreRecipe@ab98109
[17:44:33] [Server thread/TRACE] [FML]:   Registry: 559 appliedenergistics2:network/cables/dense_smart_magenta net.minecraftforge.oredict.ShapedOreRecipe@7f75b42f
[17:44:33] [Server thread/TRACE] [FML]:   Registry: 560 appliedenergistics2:network/cables/glass_gray net.minecraftforge.oredict.ShapedOreRecipe@22bfec22
[17:44:33] [Server thread/TRACE] [FML]:   Registry: 561 appliedenergistics2:network/cables/smart_light_blue net.minecraftforge.oredict.ShapedOreRecipe@428fecb4
[17:44:33] [Server thread/TRACE] [FML]:   Registry: 562 appliedenergistics2:network/cables/glass_fluix_clean net.minecraftforge.oredict.ShapelessOreRecipe@9e32322
[17:44:33] [Server thread/TRACE] [FML]:   Registry: 563 appliedenergistics2:network/cables/glass_magenta net.minecraftforge.oredict.ShapedOreRecipe@26cfdc15
[17:44:33] [Server thread/TRACE] [FML]:   Registry: 564 appliedenergistics2:network/cables/dense_covered_magenta net.minecraftforge.oredict.ShapedOreRecipe@6009aaa9
[17:44:33] [Server thread/TRACE] [FML]:   Registry: 565 appliedenergistics2:network/cables/dense_covered_yellow net.minecraftforge.oredict.ShapedOreRecipe@549929fa
[17:44:33] [Server thread/TRACE] [FML]:   Registry: 566 appliedenergistics2:network/cables/covered_green net.minecraftforge.oredict.ShapedOreRecipe@5cd8e7f3
[17:44:33] [Server thread/TRACE] [FML]:   Registry: 567 appliedenergistics2:network/cables/smart_cyan net.minecraftforge.oredict.ShapedOreRecipe@27b32793
[17:44:33] [Server thread/TRACE] [FML]:   Registry: 568 appliedenergistics2:network/cables/dense_smart_blue net.minecraftforge.oredict.ShapedOreRecipe@1f0f4d9f
[17:44:33] [Server thread/TRACE] [FML]:   Registry: 569 appliedenergistics2:network/cables/dense_smart_gray net.minecraftforge.oredict.ShapedOreRecipe@7a298ff3
[17:44:33] [Server thread/TRACE] [FML]:   Registry: 570 appliedenergistics2:network/cables/dense_covered_black net.minecraftforge.oredict.ShapedOreRecipe@5a72b45d
[17:44:33] [Server thread/TRACE] [FML]:   Registry: 571 appliedenergistics2:network/cables/smart_pink net.minecraftforge.oredict.ShapedOreRecipe@5d6cf511
[17:44:33] [Server thread/TRACE] [FML]:   Registry: 572 appliedenergistics2:network/cables/smart_white net.minecraftforge.oredict.ShapedOreRecipe@f5d4e89
[17:44:33] [Server thread/TRACE] [FML]:   Registry: 573 appliedenergistics2:network/cables/covered_orange net.minecraftforge.oredict.ShapedOreRecipe@ccc3ef8
[17:44:33] [Server thread/TRACE] [FML]:   Registry: 574 appliedenergistics2:network/cables/dense_smart_orange net.minecraftforge.oredict.ShapedOreRecipe@7307fd8f
[17:44:33] [Server thread/TRACE] [FML]:   Registry: 575 appliedenergistics2:network/cables/covered_pink net.minecraftforge.oredict.ShapedOreRecipe@4ff2de2
[17:44:33] [Server thread/TRACE] [FML]:   Registry: 576 appliedenergistics2:network/cables/smart_green net.minecraftforge.oredict.ShapedOreRecipe@8a51c4e
[17:44:33] [Server thread/TRACE] [FML]:   Registry: 577 appliedenergistics2:network/cables/glass_blue net.minecraftforge.oredict.ShapedOreRecipe@4b9102de
[17:44:33] [Server thread/TRACE] [FML]:   Registry: 578 appliedenergistics2:network/cables/glass_brown net.minecraftforge.oredict.ShapedOreRecipe@49defb82
[17:44:33] [Server thread/TRACE] [FML]:   Registry: 579 appliedenergistics2:network/cables/dense_smart_light_gray net.minecraftforge.oredict.ShapedOreRecipe@60615d72
[17:44:33] [Server thread/TRACE] [FML]:   Registry: 580 appliedenergistics2:network/cables/covered_blue net.minecraftforge.oredict.ShapedOreRecipe@4ad5579f
[17:44:33] [Server thread/TRACE] [FML]:   Registry: 581 appliedenergistics2:network/cables/smart_red net.minecraftforge.oredict.ShapedOreRecipe@683fe5a5
[17:44:33] [Server thread/TRACE] [FML]:   Registry: 582 appliedenergistics2:network/cables/covered_light_gray net.minecraftforge.oredict.ShapedOreRecipe@1000fc7
[17:44:33] [Server thread/TRACE] [FML]:   Registry: 583 appliedenergistics2:network/cables/dense_covered_lime net.minecraftforge.oredict.ShapedOreRecipe@7a9b780e
[17:44:33] [Server thread/TRACE] [FML]:   Registry: 584 appliedenergistics2:network/cables/dense_covered_light_blue net.minecraftforge.oredict.ShapedOreRecipe@ac733da
[17:44:33] [Server thread/TRACE] [FML]:   Registry: 585 appliedenergistics2:network/cables/dense_covered_red net.minecraftforge.oredict.ShapedOreRecipe@32ecd4b9
[17:44:33] [Server thread/TRACE] [FML]:   Registry: 586 appliedenergistics2:network/cables/smart_orange net.minecraftforge.oredict.ShapedOreRecipe@7bc37039
[17:44:33] [Server thread/TRACE] [FML]:   Registry: 587 appliedenergistics2:network/cables/glass_lime net.minecraftforge.oredict.ShapedOreRecipe@2bdff16d
[17:44:33] [Server thread/TRACE] [FML]:   Registry: 588 appliedenergistics2:network/blocks/energy_dense_energy_cell net.minecraftforge.oredict.ShapedOreRecipe@781ea215
[17:44:33] [Server thread/TRACE] [FML]:   Registry: 589 appliedenergistics2:network/blocks/energy_energy_cell net.minecraftforge.oredict.ShapedOreRecipe@54e0059d
[17:44:33] [Server thread/TRACE] [FML]:   Registry: 590 appliedenergistics2:network/blocks/fluid_interfaces_interface net.minecraftforge.oredict.ShapedOreRecipe@140c6fda
[17:44:33] [Server thread/TRACE] [FML]:   Registry: 591 appliedenergistics2:network/blocks/storage_drive net.minecraftforge.oredict.ShapedOreRecipe@77fa85ad
[17:44:33] [Server thread/TRACE] [FML]:   Registry: 592 appliedenergistics2:network/blocks/crystal_processing_charger net.minecraftforge.oredict.ShapedOreRecipe@4da92392
[17:44:33] [Server thread/TRACE] [FML]:   Registry: 593 appliedenergistics2:network/blocks/cell_workbench net.minecraftforge.oredict.ShapedOreRecipe@5c823dc5
[17:44:33] [Server thread/TRACE] [FML]:   Registry: 594 appliedenergistics2:network/blocks/quantum_link net.minecraftforge.oredict.ShapedOreRecipe@2f6e06ca
[17:44:33] [Server thread/TRACE] [FML]:   Registry: 595 appliedenergistics2:network/blocks/storage_chest net.minecraftforge.oredict.ShapedOreRecipe@690f7902
[17:44:33] [Server thread/TRACE] [FML]:   Registry: 596 appliedenergistics2:network/blocks/io_port net.minecraftforge.oredict.ShapedOreRecipe@42e3a3a
[17:44:33] [Server thread/TRACE] [FML]:   Registry: 597 appliedenergistics2:network/blocks/spatial_io_pylon net.minecraftforge.oredict.ShapedOreRecipe@1eac22ce
[17:44:33] [Server thread/TRACE] [FML]:   Registry: 598 appliedenergistics2:network/blocks/energy_energy_acceptor net.minecraftforge.oredict.ShapedOreRecipe@51361fce
[17:44:33] [Server thread/TRACE] [FML]:   Registry: 599 appliedenergistics2:network/blocks/spatial_io_port net.minecraftforge.oredict.ShapedOreRecipe@5aa7fcd2
[17:44:33] [Server thread/TRACE] [FML]:   Registry: 600 appliedenergistics2:network/blocks/inscribers net.minecraftforge.oredict.ShapedOreRecipe@69fdf6ed
[17:44:33] [Server thread/TRACE] [FML]:   Registry: 601 appliedenergistics2:network/blocks/interfaces_interface_alt net.minecraftforge.oredict.ShapelessOreRecipe@7b6c94e2
[17:44:33] [Server thread/TRACE] [FML]:   Registry: 602 appliedenergistics2:network/blocks/interfaces_interface_part net.minecraftforge.oredict.ShapelessOreRecipe@1662adb2
[17:44:33] [Server thread/TRACE] [FML]:   Registry: 603 appliedenergistics2:network/blocks/controller net.minecraftforge.oredict.ShapedOreRecipe@1e837309
[17:44:33] [Server thread/TRACE] [FML]:   Registry: 604 appliedenergistics2:network/blocks/crystal_processing_quartz_growth_accelerator net.minecraftforge.oredict.ShapedOreRecipe@17355ea4
[17:44:33] [Server thread/TRACE] [FML]:   Registry: 605 appliedenergistics2:network/blocks/fluid_interfaces_interface_alt net.minecraftforge.oredict.ShapelessOreRecipe@50e8921d
[17:44:33] [Server thread/TRACE] [FML]:   Registry: 606 appliedenergistics2:network/blocks/fluid_interfaces_interface_part net.minecraftforge.oredict.ShapelessOreRecipe@5f610784
[17:44:33] [Server thread/TRACE] [FML]:   Registry: 607 appliedenergistics2:network/blocks/security_station net.minecraftforge.oredict.ShapedOreRecipe@7427c7ce
[17:44:33] [Server thread/TRACE] [FML]:   Registry: 608 appliedenergistics2:network/blocks/energy_vibration_chamber net.minecraftforge.oredict.ShapedOreRecipe@4f68beae
[17:44:33] [Server thread/TRACE] [FML]:   Registry: 609 appliedenergistics2:network/blocks/interfaces_interface net.minecraftforge.oredict.ShapedOreRecipe@7dc56ba9
[17:44:33] [Server thread/TRACE] [FML]:   Registry: 610 appliedenergistics2:network/blocks/quantum_ring net.minecraftforge.oredict.ShapedOreRecipe@55b06402
[17:44:33] [Server thread/TRACE] [FML]:   Registry: 611 appliedenergistics2:network/blocks/io_condenser net.minecraftforge.oredict.ShapedOreRecipe@277d3e21
[17:44:33] [Server thread/TRACE] [FML]:   Registry: 612 appliedenergistics2:network/wireless_fluid_terminal net.minecraftforge.oredict.ShapedOreRecipe@3659516f
[17:44:33] [Server thread/TRACE] [FML]:   Registry: 613 appliedenergistics2:network/wireless_part net.minecraftforge.oredict.ShapedOreRecipe@24c50db8
[17:44:33] [Server thread/TRACE] [FML]:   Registry: 614 appliedenergistics2:network/cells/storage_cell_64k net.minecraftforge.oredict.ShapedOreRecipe@599e0d01
[17:44:33] [Server thread/TRACE] [FML]:   Registry: 615 appliedenergistics2:network/cells/storage_cell_1k_storage net.minecraftforge.oredict.ShapelessOreRecipe@1e07feb0
[17:44:33] [Server thread/TRACE] [FML]:   Registry: 616 appliedenergistics2:network/cells/storage_cell_16k_storage net.minecraftforge.oredict.ShapelessOreRecipe@6389e453
[17:44:33] [Server thread/TRACE] [FML]:   Registry: 617 appliedenergistics2:network/cells/view_cell_storage net.minecraftforge.oredict.ShapelessOreRecipe@7cd296da
[17:44:33] [Server thread/TRACE] [FML]:   Registry: 618 appliedenergistics2:network/cells/fluid_storage_components_cell_1k_part net.minecraftforge.oredict.ShapedOreRecipe@79a2c20e
[17:44:33] [Server thread/TRACE] [FML]:   Registry: 619 appliedenergistics2:network/cells/spatial_storage_cell_128_cubed_storage net.minecraftforge.oredict.ShapelessOreRecipe@35be6701
[17:44:33] [Server thread/TRACE] [FML]:   Registry: 620 appliedenergistics2:network/cells/spatial_components_1 net.minecraftforge.oredict.ShapedOreRecipe@5488d56
[17:44:33] [Server thread/TRACE] [FML]:   Registry: 621 appliedenergistics2:network/cells/storage_components_cell_4k_part net.minecraftforge.oredict.ShapedOreRecipe@30e89d1e
[17:44:33] [Server thread/TRACE] [FML]:   Registry: 622 appliedenergistics2:network/cells/view_cell net.minecraftforge.oredict.ShapedOreRecipe@78913600
[17:44:33] [Server thread/TRACE] [FML]:   Registry: 623 appliedenergistics2:network/cells/storage_cell_16k net.minecraftforge.oredict.ShapedOreRecipe@30d19583
[17:44:33] [Server thread/TRACE] [FML]:   Registry: 624 appliedenergistics2:network/cells/fluid_storage_cell_64k_storage net.minecraftforge.oredict.ShapelessOreRecipe@64fdeb82
[17:44:33] [Server thread/TRACE] [FML]:   Registry: 625 appliedenergistics2:network/cells/empty_storage_cell net.minecraftforge.oredict.ShapedOreRecipe@62a6c403
[17:44:33] [Server thread/TRACE] [FML]:   Registry: 626 appliedenergistics2:network/cells/storage_cell_4k_storage net.minecraftforge.oredict.ShapelessOreRecipe@10d63c34
[17:44:33] [Server thread/TRACE] [FML]:   Registry: 627 appliedenergistics2:network/cells/spatial_storage_cell_2_cubed net.minecraftforge.oredict.ShapedOreRecipe@5b31684c
[17:44:33] [Server thread/TRACE] [FML]:   Registry: 628 appliedenergistics2:network/cells/spatial_components_0 net.minecraftforge.oredict.ShapedOreRecipe@30bf6e42
[17:44:33] [Server thread/TRACE] [FML]:   Registry: 629 appliedenergistics2:network/cells/storage_cell_64k_storage net.minecraftforge.oredict.ShapelessOreRecipe@70cf3097
[17:44:33] [Server thread/TRACE] [FML]:   Registry: 630 appliedenergistics2:network/cells/storage_components_cell_64k_part net.minecraftforge.oredict.ShapedOreRecipe@74b2f3b7
[17:44:33] [Server thread/TRACE] [FML]:   Registry: 631 appliedenergistics2:network/cells/storage_components_cell_1k_part net.minecraftforge.oredict.ShapedOreRecipe@e6bb0f2
[17:44:33] [Server thread/TRACE] [FML]:   Registry: 632 appliedenergistics2:network/cells/fluid_storage_cell_1k net.minecraftforge.oredict.ShapedOreRecipe@4d4970bf
[17:44:33] [Server thread/TRACE] [FML]:   Registry: 633 appliedenergistics2:network/cells/spatial_storage_cell_2_cubed_storage net.minecraftforge.oredict.ShapelessOreRecipe@63d10a3b
[17:44:33] [Server thread/TRACE] [FML]:   Registry: 634 appliedenergistics2:network/cells/spatial_storage_cell_16_cubed_storage net.minecraftforge.oredict.ShapelessOreRecipe@1034c679
[17:44:33] [Server thread/TRACE] [FML]:   Registry: 635 appliedenergistics2:network/cells/storage_cell_4k net.minecraftforge.oredict.ShapedOreRecipe@67f11c0b
[17:44:33] [Server thread/TRACE] [FML]:   Registry: 636 appliedenergistics2:network/cells/fluid_storage_cell_64k net.minecraftforge.oredict.ShapedOreRecipe@4d67241d
[17:44:33] [Server thread/TRACE] [FML]:   Registry: 637 appliedenergistics2:network/cells/fluid_storage_components_cell_4k_part net.minecraftforge.oredict.ShapedOreRecipe@8a10fd6
[17:44:33] [Server thread/TRACE] [FML]:   Registry: 638 appliedenergistics2:network/cells/spatial_components net.minecraftforge.oredict.ShapedOreRecipe@23c00c3b
[17:44:33] [Server thread/TRACE] [FML]:   Registry: 639 appliedenergistics2:network/cells/fluid_storage_cell_16k_storage net.minecraftforge.oredict.ShapelessOreRecipe@5db130d4
[17:44:33] [Server thread/TRACE] [FML]:   Registry: 640 appliedenergistics2:network/cells/fluid_storage_cell_1k_storage net.minecraftforge.oredict.ShapelessOreRecipe@4fc61fd4
[17:44:33] [Server thread/TRACE] [FML]:   Registry: 641 appliedenergistics2:network/cells/spatial_storage_cell_128_cubed net.minecraftforge.oredict.ShapedOreRecipe@7bbb9c72
[17:44:33] [Server thread/TRACE] [FML]:   Registry: 642 appliedenergistics2:network/cells/fluid_storage_components_cell_16k_part net.minecraftforge.oredict.ShapedOreRecipe@1868b01
[17:44:33] [Server thread/TRACE] [FML]:   Registry: 643 appliedenergistics2:network/cells/fluid_storage_cell_4k_storage net.minecraftforge.oredict.ShapelessOreRecipe@f259c57
[17:44:33] [Server thread/TRACE] [FML]:   Registry: 644 appliedenergistics2:network/cells/fluid_storage_cell_16k net.minecraftforge.oredict.ShapedOreRecipe@5b88b949
[17:44:33] [Server thread/TRACE] [FML]:   Registry: 645 appliedenergistics2:network/cells/spatial_storage_cell_16_cubed net.minecraftforge.oredict.ShapedOreRecipe@46279771
[17:44:33] [Server thread/TRACE] [FML]:   Registry: 646 appliedenergistics2:network/cells/storage_cell_1k net.minecraftforge.oredict.ShapedOreRecipe@66413a14
[17:44:33] [Server thread/TRACE] [FML]:   Registry: 647 appliedenergistics2:network/cells/storage_components_cell_16k_part net.minecraftforge.oredict.ShapedOreRecipe@6c6892e0
[17:44:33] [Server thread/TRACE] [FML]:   Registry: 648 appliedenergistics2:network/cells/fluid_storage_components_cell_64k_part net.minecraftforge.oredict.ShapedOreRecipe@5835032e
[17:44:33] [Server thread/TRACE] [FML]:   Registry: 649 appliedenergistics2:network/cells/fluid_storage_cell_4k net.minecraftforge.oredict.ShapedOreRecipe@7a450c77
[17:44:33] [Server thread/TRACE] [FML]:   Registry: 650 appliedenergistics2:misc/fluixpearl net.minecraftforge.oredict.ShapedOreRecipe@7a3742ec
[17:44:33] [Server thread/TRACE] [FML]:   Registry: 651 appliedenergistics2:misc/tiny_tnt net.minecraftforge.oredict.ShapedOreRecipe@7d766484
[17:44:33] [Server thread/TRACE] [FML]:   Registry: 652 appliedenergistics2:misc/chests_smooth_sky_stone net.minecraftforge.oredict.ShapedOreRecipe@1ae7d0b7
[17:44:33] [Server thread/TRACE] [FML]:   Registry: 653 appliedenergistics2:misc/seeds_certus net.minecraftforge.oredict.ShapelessOreRecipe@3abb6a31
[17:44:33] [Server thread/TRACE] [FML]:   Registry: 654 appliedenergistics2:misc/grindstone net.minecraftforge.oredict.ShapedOreRecipe@45dc4752
[17:44:33] [Server thread/TRACE] [FML]:   Registry: 655 appliedenergistics2:misc/deconstruction_fluix_block net.minecraftforge.oredict.ShapelessOreRecipe@586ab839
[17:44:33] [Server thread/TRACE] [FML]:   Registry: 656 appliedenergistics2:misc/deconstruction_certus_quartz_pillar net.minecraftforge.oredict.ShapelessOreRecipe@1086e2f7
[17:44:33] [Server thread/TRACE] [FML]:   Registry: 657 appliedenergistics2:misc/seeds_fluix net.minecraftforge.oredict.ShapelessOreRecipe@6433f21
[17:44:33] [Server thread/TRACE] [FML]:   Registry: 658 appliedenergistics2:misc/deconstruction_certus_quartz_block net.minecraftforge.oredict.ShapelessOreRecipe@444ba2d3
[17:44:33] [Server thread/TRACE] [FML]:   Registry: 659 appliedenergistics2:misc/grindstone_crank net.minecraftforge.oredict.ShapedOreRecipe@27420688
[17:44:33] [Server thread/TRACE] [FML]:   Registry: 660 appliedenergistics2:misc/deconstruction_certus_chiseled_quartz net.minecraftforge.oredict.ShapelessOreRecipe@70fc0b99
[17:44:33] [Server thread/TRACE] [FML]:   Registry: 661 appliedenergistics2:misc/seeds_nether net.minecraftforge.oredict.ShapelessOreRecipe@65242332
[17:44:33] [Server thread/TRACE] [FML]:   Registry: 662 appliedenergistics2:misc/vanilla_comparator net.minecraftforge.oredict.ShapedOreRecipe@44e7ba3e
[17:44:33] [Server thread/TRACE] [FML]:   Registry: 663 appliedenergistics2:misc/grindstone_woodengear net.minecraftforge.oredict.ShapedOreRecipe@27fb6f8b
[17:44:33] [Server thread/TRACE] [FML]:   Registry: 664 appliedenergistics2:misc/meteors_sky_compass net.minecraftforge.oredict.ShapedOreRecipe@75e953d3
[17:44:33] [Server thread/TRACE] [FML]:   Registry: 665 appliedenergistics2:misc/chests_sky_stone net.minecraftforge.oredict.ShapedOreRecipe@239856b9
[17:44:33] [Server thread/TRACE] [FML]:   Registry: 666 appliedenergistics2:misc/vanilla_daylight_detector net.minecraftforge.oredict.ShapedOreRecipe@6ffe3365
[17:44:33] [Server thread/TRACE] [FML]:   Registry: 667 appliedenergistics2:decorative/chiseled_quartz_block net.minecraftforge.oredict.ShapedOreRecipe@6fd1a7c9
[17:44:33] [Server thread/TRACE] [FML]:   Registry: 668 appliedenergistics2:decorative/stairs_sky_stone_brick net.minecraftforge.oredict.ShapedOreRecipe@52a52f2e
[17:44:33] [Server thread/TRACE] [FML]:   Registry: 669 appliedenergistics2:decorative/stairs_fluix net.minecraftforge.oredict.ShapedOreRecipe@2ffe6045
[17:44:33] [Server thread/TRACE] [FML]:   Registry: 670 appliedenergistics2:decorative/quartz_glass net.minecraftforge.oredict.ShapedOreRecipe@4b37b02a
[17:44:33] [Server thread/TRACE] [FML]:   Registry: 671 appliedenergistics2:decorative/slabs_sky_stone_small_brick net.minecraftforge.oredict.ShapedOreRecipe@6b35d71f
[17:44:33] [Server thread/TRACE] [FML]:   Registry: 672 appliedenergistics2:decorative/slabs_chiseled_quartz net.minecraftforge.oredict.ShapedOreRecipe@1f551ced
[17:44:33] [Server thread/TRACE] [FML]:   Registry: 673 appliedenergistics2:decorative/fluix_block_pure net.minecraftforge.oredict.ShapedOreRecipe@598e47eb
[17:44:33] [Server thread/TRACE] [FML]:   Registry: 674 appliedenergistics2:decorative/fluix_block net.minecraftforge.oredict.ShapedOreRecipe@653bd928
[17:44:33] [Server thread/TRACE] [FML]:   Registry: 675 appliedenergistics2:decorative/quartz_block_pure net.minecraftforge.oredict.ShapedOreRecipe@55952d
[17:44:33] [Server thread/TRACE] [FML]:   Registry: 676 appliedenergistics2:decorative/stairs_chiseled_quartz net.minecraftforge.oredict.ShapedOreRecipe@65382d45
[17:44:33] [Server thread/TRACE] [FML]:   Registry: 677 appliedenergistics2:decorative/slabs_smooth_sky_stone net.minecraftforge.oredict.ShapedOreRecipe@2372d47d
[17:44:33] [Server thread/TRACE] [FML]:   Registry: 678 appliedenergistics2:decorative/slabs_fluix net.minecraftforge.oredict.ShapedOreRecipe@cbbc7df
[17:44:33] [Server thread/TRACE] [FML]:   Registry: 679 appliedenergistics2:decorative/stairs_quartz_pillar net.minecraftforge.oredict.ShapedOreRecipe@19797838
[17:44:33] [Server thread/TRACE] [FML]:   Registry: 680 appliedenergistics2:decorative/certus_quartz_block net.minecraftforge.oredict.ShapedOreRecipe@7f385cbe
[17:44:33] [Server thread/TRACE] [FML]:   Registry: 681 appliedenergistics2:decorative/stairs_smooth_sky_stone net.minecraftforge.oredict.ShapedOreRecipe@6e98de91
[17:44:33] [Server thread/TRACE] [FML]:   Registry: 682 appliedenergistics2:decorative/slabs_quartz net.minecraftforge.oredict.ShapedOreRecipe@24dbe480
[17:44:33] [Server thread/TRACE] [FML]:   Registry: 683 appliedenergistics2:decorative/stairs_sky_stone_small_brick net.minecraftforge.oredict.ShapedOreRecipe@1638733c
[17:44:33] [Server thread/TRACE] [FML]:   Registry: 684 appliedenergistics2:decorative/stairs_quartz net.minecraftforge.oredict.ShapedOreRecipe@1b99a5ac
[17:44:33] [Server thread/TRACE] [FML]:   Registry: 685 appliedenergistics2:decorative/certus_quartz_block_pure net.minecraftforge.oredict.ShapedOreRecipe@5f8e3995
[17:44:33] [Server thread/TRACE] [FML]:   Registry: 686 appliedenergistics2:decorative/slabs_quartz_pillar net.minecraftforge.oredict.ShapedOreRecipe@53b58e82
[17:44:33] [Server thread/TRACE] [FML]:   Registry: 687 appliedenergistics2:decorative/quartz_vibrant_glass net.minecraftforge.oredict.ShapedOreRecipe@3bf4c059
[17:44:33] [Server thread/TRACE] [FML]:   Registry: 688 appliedenergistics2:decorative/quartz_fixture net.minecraftforge.oredict.ShapedOreRecipe@349f4bb0
[17:44:33] [Server thread/TRACE] [FML]:   Registry: 689 appliedenergistics2:decorative/slabs_sky_stone net.minecraftforge.oredict.ShapedOreRecipe@24c9fa8e
[17:44:33] [Server thread/TRACE] [FML]:   Registry: 690 appliedenergistics2:decorative/sky_stone_smooth net.minecraftforge.oredict.ShapelessOreRecipe@1d7b348c
[17:44:33] [Server thread/TRACE] [FML]:   Registry: 691 appliedenergistics2:decorative/slabs_sky_stone_brick net.minecraftforge.oredict.ShapedOreRecipe@52179411
[17:44:33] [Server thread/TRACE] [FML]:   Registry: 692 appliedenergistics2:decorative/stairs_sky_stone net.minecraftforge.oredict.ShapedOreRecipe@2862ca5
[17:44:33] [Server thread/TRACE] [FML]:   Registry: 693 appliedenergistics2:decorative/sky_stone_brick net.minecraftforge.oredict.ShapelessOreRecipe@62e703a4
[17:44:33] [Server thread/TRACE] [FML]:   Registry: 694 appliedenergistics2:decorative/sky_stone_small_brick net.minecraftforge.oredict.ShapelessOreRecipe@5dca6386
[17:44:33] [Server thread/TRACE] [FML]:   Registry: 695 appliedenergistics2:decorative/certus_quartz_pillar net.minecraftforge.oredict.ShapedOreRecipe@3ea04bda
[17:44:33] [Server thread/TRACE] [FML]:   Registry: 696 appliedenergistics2:decorative/light_detector net.minecraftforge.oredict.ShapedOreRecipe@167e61d0
[17:44:33] [Server thread/TRACE] [FML]:   Registry: 697 appliedenergistics2:materials/annihilationcore net.minecraftforge.oredict.ShapedOreRecipe@38f907ec
[17:44:33] [Server thread/TRACE] [FML]:   Registry: 698 appliedenergistics2:materials/advancedcard net.minecraftforge.oredict.ShapedOreRecipe@629aac93
[17:44:33] [Server thread/TRACE] [FML]:   Registry: 699 appliedenergistics2:materials/cardsticky net.minecraftforge.oredict.ShapelessOreRecipe@42206830
[17:44:33] [Server thread/TRACE] [FML]:   Registry: 700 appliedenergistics2:materials/cardredstone net.minecraftforge.oredict.ShapelessOreRecipe@67c65978
[17:44:33] [Server thread/TRACE] [FML]:   Registry: 701 appliedenergistics2:materials/basiccard net.minecraftforge.oredict.ShapedOreRecipe@2fcb3082
[17:44:33] [Server thread/TRACE] [FML]:   Registry: 702 appliedenergistics2:materials/cardfuzzy net.minecraftforge.oredict.ShapelessOreRecipe@24b64f02
[17:44:33] [Server thread/TRACE] [FML]:   Registry: 703 appliedenergistics2:materials/cardpatternexpansion net.minecraftforge.oredict.ShapelessOreRecipe@30770b75
[17:44:33] [Server thread/TRACE] [FML]:   Registry: 704 appliedenergistics2:materials/cardspeed net.minecraftforge.oredict.ShapelessOreRecipe@66cdc806
[17:44:33] [Server thread/TRACE] [FML]:   Registry: 705 appliedenergistics2:materials/cardcapacity net.minecraftforge.oredict.ShapelessOreRecipe@6becf62
[17:44:33] [Server thread/TRACE] [FML]:   Registry: 706 appliedenergistics2:materials/cardcrafting net.minecraftforge.oredict.ShapelessOreRecipe@5fd21683
[17:44:33] [Server thread/TRACE] [FML]:   Registry: 707 appliedenergistics2:materials/formationcore net.minecraftforge.oredict.ShapedOreRecipe@67035094
[17:44:33] [Server thread/TRACE] [FML]:   Registry: 708 appliedenergistics2:materials/cardinverter net.minecraftforge.oredict.ShapelessOreRecipe@5703b77b
[17:44:33] [Server thread/TRACE] [FML]:   Registry: 709 appliedenergistics2:tools/paintballs_lumen_brown net.minecraftforge.oredict.ShapedOreRecipe@fbeec88
[17:44:33] [Server thread/TRACE] [FML]:   Registry: 710 appliedenergistics2:tools/paintballs_lumen_orange net.minecraftforge.oredict.ShapedOreRecipe@25f4be2d
[17:44:33] [Server thread/TRACE] [FML]:   Registry: 711 appliedenergistics2:tools/matter_cannon net.minecraftforge.oredict.ShapedOreRecipe@4803d1c0
[17:44:33] [Server thread/TRACE] [FML]:   Registry: 712 appliedenergistics2:tools/paintballs_lumen_black net.minecraftforge.oredict.ShapedOreRecipe@8093a5c
[17:44:33] [Server thread/TRACE] [FML]:   Registry: 713 appliedenergistics2:tools/paintballs_yellow net.minecraftforge.oredict.ShapedOreRecipe@52c31064
[17:44:33] [Server thread/TRACE] [FML]:   Registry: 714 appliedenergistics2:tools/paintballs_lumen_red net.minecraftforge.oredict.ShapedOreRecipe@23e8b346
[17:44:33] [Server thread/TRACE] [FML]:   Registry: 715 appliedenergistics2:tools/paintballs_gray net.minecraftforge.oredict.ShapedOreRecipe@5fcc0f6
[17:44:33] [Server thread/TRACE] [FML]:   Registry: 716 appliedenergistics2:tools/paintballs_lumen_pink net.minecraftforge.oredict.ShapedOreRecipe@76b9cff1
[17:44:33] [Server thread/TRACE] [FML]:   Registry: 717 appliedenergistics2:tools/paintballs_black net.minecraftforge.oredict.ShapedOreRecipe@31379107
[17:44:33] [Server thread/TRACE] [FML]:   Registry: 718 appliedenergistics2:tools/paintballs_lumen_cyan net.minecraftforge.oredict.ShapedOreRecipe@f640a06
[17:44:33] [Server thread/TRACE] [FML]:   Registry: 719 appliedenergistics2:tools/paintballs_lumen_yellow net.minecraftforge.oredict.ShapedOreRecipe@468ad943
[17:44:33] [Server thread/TRACE] [FML]:   Registry: 720 appliedenergistics2:tools/paintballs_white net.minecraftforge.oredict.ShapedOreRecipe@3facdde8
[17:44:33] [Server thread/TRACE] [FML]:   Registry: 721 appliedenergistics2:tools/paintballs_green net.minecraftforge.oredict.ShapedOreRecipe@55053252
[17:44:33] [Server thread/TRACE] [FML]:   Registry: 722 appliedenergistics2:tools/paintballs_red net.minecraftforge.oredict.ShapedOreRecipe@566ce47e
[17:44:33] [Server thread/TRACE] [FML]:   Registry: 723 appliedenergistics2:tools/certus_quartz_spade net.minecraftforge.oredict.ShapedOreRecipe@2062f7f2
[17:44:33] [Server thread/TRACE] [FML]:   Registry: 724 appliedenergistics2:tools/paintballs_magenta net.minecraftforge.oredict.ShapedOreRecipe@44147543
[17:44:33] [Server thread/TRACE] [FML]:   Registry: 725 appliedenergistics2:tools/paintballs_lumen_blue net.minecraftforge.oredict.ShapedOreRecipe@5a93ddcd
[17:44:33] [Server thread/TRACE] [FML]:   Registry: 726 appliedenergistics2:tools/nether_quartz_pickaxe net.minecraftforge.oredict.ShapedOreRecipe@2a10a1e2
[17:44:33] [Server thread/TRACE] [FML]:   Registry: 727 appliedenergistics2:tools/nether_quartz_wrench net.minecraftforge.oredict.ShapedOreRecipe@6a5981e0
[17:44:33] [Server thread/TRACE] [FML]:   Registry: 728 appliedenergistics2:tools/nether_quartz_spade net.minecraftforge.oredict.ShapedOreRecipe@176a48f9
[17:44:33] [Server thread/TRACE] [FML]:   Registry: 729 appliedenergistics2:tools/paintballs_lumen_purple net.minecraftforge.oredict.ShapedOreRecipe@51740384
[17:44:33] [Server thread/TRACE] [FML]:   Registry: 730 appliedenergistics2:tools/nether_quartz_axe net.minecraftforge.oredict.ShapedOreRecipe@c05aae9
[17:44:33] [Server thread/TRACE] [FML]:   Registry: 731 appliedenergistics2:tools/paintballs_purple net.minecraftforge.oredict.ShapedOreRecipe@4745222c
[17:44:33] [Server thread/TRACE] [FML]:   Registry: 732 appliedenergistics2:tools/certus_quartz_wrench net.minecraftforge.oredict.ShapedOreRecipe@3e11389b
[17:44:33] [Server thread/TRACE] [FML]:   Registry: 733 appliedenergistics2:tools/paintballs_orange net.minecraftforge.oredict.ShapedOreRecipe@4750dccb
[17:44:33] [Server thread/TRACE] [FML]:   Registry: 734 appliedenergistics2:tools/paintballs_lumen_green net.minecraftforge.oredict.ShapedOreRecipe@19c3de5e
[17:44:33] [Server thread/TRACE] [FML]:   Registry: 735 appliedenergistics2:tools/paintballs_brown net.minecraftforge.oredict.ShapedOreRecipe@2d6223d0
[17:44:33] [Server thread/TRACE] [FML]:   Registry: 736 appliedenergistics2:tools/certus_quartz_hoe net.minecraftforge.oredict.ShapedOreRecipe@2bc23f3c
[17:44:33] [Server thread/TRACE] [FML]:   Registry: 737 appliedenergistics2:tools/network_tool net.minecraftforge.oredict.ShapelessOreRecipe@40584aff
[17:44:33] [Server thread/TRACE] [FML]:   Registry: 738 appliedenergistics2:tools/paintballs_blue net.minecraftforge.oredict.ShapedOreRecipe@7b68cb35
[17:44:33] [Server thread/TRACE] [FML]:   Registry: 739 appliedenergistics2:tools/certus_quartz_axe net.minecraftforge.oredict.ShapedOreRecipe@2df423ac
[17:44:33] [Server thread/TRACE] [FML]:   Registry: 740 appliedenergistics2:tools/paintballs_lumen_lime net.minecraftforge.oredict.ShapedOreRecipe@3cbcedcc
[17:44:33] [Server thread/TRACE] [FML]:   Registry: 741 appliedenergistics2:tools/paintballs_lumen_white net.minecraftforge.oredict.ShapedOreRecipe@39288297
[17:44:33] [Server thread/TRACE] [FML]:   Registry: 742 appliedenergistics2:tools/paintballs_light_gray net.minecraftforge.oredict.ShapedOreRecipe@5618f52d
[17:44:33] [Server thread/TRACE] [FML]:   Registry: 743 appliedenergistics2:tools/certus_quartz_cutting_knife net.minecraftforge.oredict.ShapedOreRecipe@76592c22
[17:44:33] [Server thread/TRACE] [FML]:   Registry: 744 appliedenergistics2:tools/paintballs_lumen_light_blue net.minecraftforge.oredict.ShapedOreRecipe@5233a326
[17:44:33] [Server thread/TRACE] [FML]:   Registry: 745 appliedenergistics2:tools/paintballs_lime net.minecraftforge.oredict.ShapedOreRecipe@44f35879
[17:44:33] [Server thread/TRACE] [FML]:   Registry: 746 appliedenergistics2:tools/paintballs_pink net.minecraftforge.oredict.ShapedOreRecipe@3f528af3
[17:44:33] [Server thread/TRACE] [FML]:   Registry: 747 appliedenergistics2:tools/network_biometric_card net.minecraftforge.oredict.ShapedOreRecipe@336d4bf4
[17:44:33] [Server thread/TRACE] [FML]:   Registry: 748 appliedenergistics2:tools/paintballs_lumen_light_gray net.minecraftforge.oredict.ShapedOreRecipe@423d1bb5
[17:44:33] [Server thread/TRACE] [FML]:   Registry: 749 appliedenergistics2:tools/nether_quartz_cutting_knife net.minecraftforge.oredict.ShapedOreRecipe@5191e0c7
[17:44:33] [Server thread/TRACE] [FML]:   Registry: 750 appliedenergistics2:tools/nether_quartz_hoe net.minecraftforge.oredict.ShapedOreRecipe@6064a08e
[17:44:33] [Server thread/TRACE] [FML]:   Registry: 751 appliedenergistics2:tools/misctools_charged_staff net.minecraftforge.oredict.ShapedOreRecipe@7dc61e05
[17:44:33] [Server thread/TRACE] [FML]:   Registry: 752 appliedenergistics2:tools/certus_quartz_pickaxe net.minecraftforge.oredict.ShapedOreRecipe@1920efec
[17:44:33] [Server thread/TRACE] [FML]:   Registry: 753 appliedenergistics2:tools/network_memory_card net.minecraftforge.oredict.ShapedOreRecipe@22c5d329
[17:44:33] [Server thread/TRACE] [FML]:   Registry: 754 appliedenergistics2:tools/paintballs_lumen_magenta net.minecraftforge.oredict.ShapedOreRecipe@64e2db54
[17:44:33] [Server thread/TRACE] [FML]:   Registry: 755 appliedenergistics2:tools/paintballs_lumen_gray net.minecraftforge.oredict.ShapedOreRecipe@7fa897a5
[17:44:33] [Server thread/TRACE] [FML]:   Registry: 756 appliedenergistics2:tools/misctools_entropy_manipulator net.minecraftforge.oredict.ShapedOreRecipe@10193ef
[17:44:33] [Server thread/TRACE] [FML]:   Registry: 757 appliedenergistics2:tools/network_portable_cell net.minecraftforge.oredict.ShapedOreRecipe@5c38cac3
[17:44:33] [Server thread/TRACE] [FML]:   Registry: 758 appliedenergistics2:tools/certus_quartz_sword net.minecraftforge.oredict.ShapedOreRecipe@2236aa71
[17:44:33] [Server thread/TRACE] [FML]:   Registry: 759 appliedenergistics2:tools/nether_quartz_sword net.minecraftforge.oredict.ShapedOreRecipe@3fb90780
[17:44:33] [Server thread/TRACE] [FML]:   Registry: 760 appliedenergistics2:tools/paintballs_light_blue net.minecraftforge.oredict.ShapedOreRecipe@6a1656df
[17:44:33] [Server thread/TRACE] [FML]:   Registry: 761 appliedenergistics2:tools/paintballs_cyan net.minecraftforge.oredict.ShapedOreRecipe@33cd86eb
[17:44:33] [Server thread/TRACE] [FML]:   Registry: 762 appliedenergistics2:tools/network_color_applicator net.minecraftforge.oredict.ShapedOreRecipe@3366d7cd
[17:44:33] [Server thread/TRACE] [FML]:   Registry: 763 appliedenergistics2:disassemble appeng.recipes.game.DisassembleRecipe@2d133184
[17:44:33] [Server thread/TRACE] [FML]:   Registry: 764 appliedenergistics2:facade appeng.recipes.game.FacadeRecipe@5d9d0e67
[17:44:33] [Server thread/TRACE] [FML]: Registry Name : minecraft:villagerprofessions
[17:44:33] [Server thread/TRACE] [FML]:   Registry: 0 minecraft:farmer net.minecraftforge.fml.common.registry.VillagerRegistry$VillagerProfession@5b715ea
[17:44:33] [Server thread/TRACE] [FML]:   Registry: 1 minecraft:librarian net.minecraftforge.fml.common.registry.VillagerRegistry$VillagerProfession@5906ebfb
[17:44:33] [Server thread/TRACE] [FML]:   Registry: 2 minecraft:priest net.minecraftforge.fml.common.registry.VillagerRegistry$VillagerProfession@10fc1a22
[17:44:33] [Server thread/TRACE] [FML]:   Registry: 3 minecraft:smith net.minecraftforge.fml.common.registry.VillagerRegistry$VillagerProfession@1b841e7d
[17:44:33] [Server thread/TRACE] [FML]:   Registry: 4 minecraft:butcher net.minecraftforge.fml.common.registry.VillagerRegistry$VillagerProfession@6081f330
[17:44:33] [Server thread/TRACE] [FML]:   Registry: 5 minecraft:nitwit net.minecraftforge.fml.common.registry.VillagerRegistry$VillagerProfession@eb695e8
[17:44:33] [Server thread/TRACE] [FML]: Registry Name : minecraft:dataserializers
[17:44:33] [Server thread/TRACE] [FML]: Registry Name : minecraft:entities
[17:44:33] [Server thread/TRACE] [FML]:   Registry: 0 appliedenergistics2:appeng.entity.entitytinytntprimed net.minecraftforge.fml.common.registry.EntityEntryBuilder$BuiltEntityEntry@4b4989f6
[17:44:33] [Server thread/TRACE] [FML]:   Registry: 1 minecraft:item net.minecraftforge.fml.common.registry.EntityEntry@19e2db7c
[17:44:33] [Server thread/TRACE] [FML]:   Registry: 2 minecraft:xp_orb net.minecraftforge.fml.common.registry.EntityEntry@3595086b
[17:44:33] [Server thread/TRACE] [FML]:   Registry: 3 minecraft:area_effect_cloud net.minecraftforge.fml.common.registry.EntityEntry@24d7657b
[17:44:33] [Server thread/TRACE] [FML]:   Registry: 4 minecraft:elder_guardian net.minecraftforge.fml.common.registry.EntityEntry@2133b712
[17:44:33] [Server thread/TRACE] [FML]:   Registry: 5 minecraft:wither_skeleton net.minecraftforge.fml.common.registry.EntityEntry@3a69014e
[17:44:33] [Server thread/TRACE] [FML]:   Registry: 6 minecraft:stray net.minecraftforge.fml.common.registry.EntityEntry@54737322
[17:44:33] [Server thread/TRACE] [FML]:   Registry: 7 minecraft:egg net.minecraftforge.fml.common.registry.EntityEntry@61bd0845
[17:44:33] [Server thread/TRACE] [FML]:   Registry: 8 minecraft:leash_knot net.minecraftforge.fml.common.registry.EntityEntry@35d4035f
[17:44:33] [Server thread/TRACE] [FML]:   Registry: 9 minecraft:painting net.minecraftforge.fml.common.registry.EntityEntry@66b90ab3
[17:44:33] [Server thread/TRACE] [FML]:   Registry: 10 minecraft:arrow net.minecraftforge.fml.common.registry.EntityEntry@33fec21
[17:44:33] [Server thread/TRACE] [FML]:   Registry: 11 minecraft:snowball net.minecraftforge.fml.common.registry.EntityEntry@3c62be3c
[17:44:33] [Server thread/TRACE] [FML]:   Registry: 12 minecraft:fireball net.minecraftforge.fml.common.registry.EntityEntry@5b895e76
[17:44:33] [Server thread/TRACE] [FML]:   Registry: 13 minecraft:small_fireball net.minecraftforge.fml.common.registry.EntityEntry@3278d065
[17:44:33] [Server thread/TRACE] [FML]:   Registry: 14 minecraft:ender_pearl net.minecraftforge.fml.common.registry.EntityEntry@51f4439e
[17:44:33] [Server thread/TRACE] [FML]:   Registry: 15 minecraft:eye_of_ender_signal net.minecraftforge.fml.common.registry.EntityEntry@6be422da
[17:44:33] [Server thread/TRACE] [FML]:   Registry: 16 minecraft:potion net.minecraftforge.fml.common.registry.EntityEntry@51468039
[17:44:33] [Server thread/TRACE] [FML]:   Registry: 17 minecraft:xp_bottle net.minecraftforge.fml.common.registry.EntityEntry@575d48db
[17:44:33] [Server thread/TRACE] [FML]:   Registry: 18 minecraft:item_frame net.minecraftforge.fml.common.registry.EntityEntry@7e94de5f
[17:44:33] [Server thread/TRACE] [FML]:   Registry: 19 minecraft:wither_skull net.minecraftforge.fml.common.registry.EntityEntry@2a510e0e
[17:44:33] [Server thread/TRACE] [FML]:   Registry: 20 minecraft:tnt net.minecraftforge.fml.common.registry.EntityEntry@4efe014f
[17:44:33] [Server thread/TRACE] [FML]:   Registry: 21 minecraft:falling_block net.minecraftforge.fml.common.registry.EntityEntry@7c5ac0
[17:44:33] [Server thread/TRACE] [FML]:   Registry: 22 minecraft:fireworks_rocket net.minecraftforge.fml.common.registry.EntityEntry@3cf70afa
[17:44:33] [Server thread/TRACE] [FML]:   Registry: 23 minecraft:husk net.minecraftforge.fml.common.registry.EntityEntry@614cbec4
[17:44:33] [Server thread/TRACE] [FML]:   Registry: 24 minecraft:spectral_arrow net.minecraftforge.fml.common.registry.EntityEntry@2759749
[17:44:33] [Server thread/TRACE] [FML]:   Registry: 25 minecraft:shulker_bullet net.minecraftforge.fml.common.registry.EntityEntry@4adcc981
[17:44:33] [Server thread/TRACE] [FML]:   Registry: 26 minecraft:dragon_fireball net.minecraftforge.fml.common.registry.EntityEntry@5f82209e
[17:44:33] [Server thread/TRACE] [FML]:   Registry: 27 minecraft:zombie_villager net.minecraftforge.fml.common.registry.EntityEntry@5ae87de0
[17:44:33] [Server thread/TRACE] [FML]:   Registry: 28 minecraft:skeleton_horse net.minecraftforge.fml.common.registry.EntityEntry@45f8415b
[17:44:33] [Server thread/TRACE] [FML]:   Registry: 29 minecraft:zombie_horse net.minecraftforge.fml.common.registry.EntityEntry@18887028
[17:44:33] [Server thread/TRACE] [FML]:   Registry: 30 minecraft:armor_stand net.minecraftforge.fml.common.registry.EntityEntry@2c0a3826
[17:44:33] [Server thread/TRACE] [FML]:   Registry: 31 minecraft:donkey net.minecraftforge.fml.common.registry.EntityEntry@465d1345
[17:44:33] [Server thread/TRACE] [FML]:   Registry: 32 minecraft:mule net.minecraftforge.fml.common.registry.EntityEntry@2a6c751f
[17:44:33] [Server thread/TRACE] [FML]:   Registry: 33 minecraft:evocation_fangs net.minecraftforge.fml.common.registry.EntityEntry@6edb1e9c
[17:44:33] [Server thread/TRACE] [FML]:   Registry: 34 minecraft:evocation_illager net.minecraftforge.fml.common.registry.EntityEntry@611587f7
[17:44:33] [Server thread/TRACE] [FML]:   Registry: 35 minecraft:vex net.minecraftforge.fml.common.registry.EntityEntry@264576e4
[17:44:33] [Server thread/TRACE] [FML]:   Registry: 36 minecraft:vindication_illager net.minecraftforge.fml.common.registry.EntityEntry@217b0952
[17:44:33] [Server thread/TRACE] [FML]:   Registry: 37 minecraft:illusion_illager net.minecraftforge.fml.common.registry.EntityEntry@43090195
[17:44:33] [Server thread/TRACE] [FML]:   Registry: 38 appliedenergistics2:appeng.entity.entitygrowingcrystal net.minecraftforge.fml.common.registry.EntityEntryBuilder$BuiltEntityEntry@7958703d
[17:44:33] [Server thread/TRACE] [FML]:   Registry: 39 appliedenergistics2:appeng.entity.entitysingularity net.minecraftforge.fml.common.registry.EntityEntryBuilder$BuiltEntityEntry@31962524
[17:44:33] [Server thread/TRACE] [FML]:   Registry: 40 minecraft:commandblock_minecart net.minecraftforge.fml.common.registry.EntityEntry@7ec5aad
[17:44:33] [Server thread/TRACE] [FML]:   Registry: 41 minecraft:boat net.minecraftforge.fml.common.registry.EntityEntry@5e62ca19
[17:44:33] [Server thread/TRACE] [FML]:   Registry: 42 minecraft:minecart net.minecraftforge.fml.common.registry.EntityEntry@7dd7ec56
[17:44:33] [Server thread/TRACE] [FML]:   Registry: 43 minecraft:chest_minecart net.minecraftforge.fml.common.registry.EntityEntry@4ce18cec
[17:44:33] [Server thread/TRACE] [FML]:   Registry: 44 minecraft:furnace_minecart net.minecraftforge.fml.common.registry.EntityEntry@51297528
[17:44:33] [Server thread/TRACE] [FML]:   Registry: 45 minecraft:tnt_minecart net.minecraftforge.fml.common.registry.EntityEntry@1df9f7c6
[17:44:33] [Server thread/TRACE] [FML]:   Registry: 46 minecraft:hopper_minecart net.minecraftforge.fml.common.registry.EntityEntry@3c98981e
[17:44:33] [Server thread/TRACE] [FML]:   Registry: 47 minecraft:spawner_minecart net.minecraftforge.fml.common.registry.EntityEntry@b5ff70b
[17:44:33] [Server thread/TRACE] [FML]:   Registry: 48 appliedenergistics2:appeng.entity.entitychargedquartz net.minecraftforge.fml.common.registry.EntityEntryBuilder$BuiltEntityEntry@9f5022c
[17:44:33] [Server thread/TRACE] [FML]:   Registry: 50 minecraft:creeper net.minecraftforge.fml.common.registry.EntityEntry@572b4072
[17:44:33] [Server thread/TRACE] [FML]:   Registry: 51 minecraft:skeleton net.minecraftforge.fml.common.registry.EntityEntry@24954e82
[17:44:33] [Server thread/TRACE] [FML]:   Registry: 52 minecraft:spider net.minecraftforge.fml.common.registry.EntityEntry@6ffdbeef
[17:44:33] [Server thread/TRACE] [FML]:   Registry: 53 minecraft:giant net.minecraftforge.fml.common.registry.EntityEntry@6d7556a8
[17:44:33] [Server thread/TRACE] [FML]:   Registry: 54 minecraft:zombie net.minecraftforge.fml.common.registry.EntityEntry@7e0883f3
[17:44:33] [Server thread/TRACE] [FML]:   Registry: 55 minecraft:slime net.minecraftforge.fml.common.registry.EntityEntry@1013871e
[17:44:33] [Server thread/TRACE] [FML]:   Registry: 56 minecraft:ghast net.minecraftforge.fml.common.registry.EntityEntry@5f8df69
[17:44:33] [Server thread/TRACE] [FML]:   Registry: 57 minecraft:zombie_pigman net.minecraftforge.fml.common.registry.EntityEntry@1c0680b0
[17:44:33] [Server thread/TRACE] [FML]:   Registry: 58 minecraft:enderman net.minecraftforge.fml.common.registry.EntityEntry@7381d6f0
[17:44:33] [Server thread/TRACE] [FML]:   Registry: 59 minecraft:cave_spider net.minecraftforge.fml.common.registry.EntityEntry@983050b
[17:44:33] [Server thread/TRACE] [FML]:   Registry: 60 minecraft:silverfish net.minecraftforge.fml.common.registry.EntityEntry@2006fdaa
[17:44:33] [Server thread/TRACE] [FML]:   Registry: 61 minecraft:blaze net.minecraftforge.fml.common.registry.EntityEntry@3e595da3
[17:44:33] [Server thread/TRACE] [FML]:   Registry: 62 minecraft:magma_cube net.minecraftforge.fml.common.registry.EntityEntry@4cd90c36
[17:44:33] [Server thread/TRACE] [FML]:   Registry: 63 minecraft:ender_dragon net.minecraftforge.fml.common.registry.EntityEntry@4db568e1
[17:44:33] [Server thread/TRACE] [FML]:   Registry: 64 minecraft:wither net.minecraftforge.fml.common.registry.EntityEntry@780546f8
[17:44:33] [Server thread/TRACE] [FML]:   Registry: 65 minecraft:bat net.minecraftforge.fml.common.registry.EntityEntry@3b8b4846
[17:44:33] [Server thread/TRACE] [FML]:   Registry: 66 minecraft:witch net.minecraftforge.fml.common.registry.EntityEntry@4a2653a0
[17:44:33] [Server thread/TRACE] [FML]:   Registry: 67 minecraft:endermite net.minecraftforge.fml.common.registry.EntityEntry@5ac646b3
[17:44:33] [Server thread/TRACE] [FML]:   Registry: 68 minecraft:guardian net.minecraftforge.fml.common.registry.EntityEntry@5cf072ea
[17:44:33] [Server thread/TRACE] [FML]:   Registry: 69 minecraft:shulker net.minecraftforge.fml.common.registry.EntityEntry@4ab90d01
[17:44:33] [Server thread/TRACE] [FML]:   Registry: 90 minecraft:pig net.minecraftforge.fml.common.registry.EntityEntry@4a0c512b
[17:44:33] [Server thread/TRACE] [FML]:   Registry: 91 minecraft:sheep net.minecraftforge.fml.common.registry.EntityEntry@1397b141
[17:44:33] [Server thread/TRACE] [FML]:   Registry: 92 minecraft:cow net.minecraftforge.fml.common.registry.EntityEntry@7cec3975
[17:44:33] [Server thread/TRACE] [FML]:   Registry: 93 minecraft:chicken net.minecraftforge.fml.common.registry.EntityEntry@205f52ea
[17:44:33] [Server thread/TRACE] [FML]:   Registry: 94 minecraft:squid net.minecraftforge.fml.common.registry.EntityEntry@17e6b7e4
[17:44:33] [Server thread/TRACE] [FML]:   Registry: 95 minecraft:wolf net.minecraftforge.fml.common.registry.EntityEntry@44d84313
[17:44:33] [Server thread/TRACE] [FML]:   Registry: 96 minecraft:mooshroom net.minecraftforge.fml.common.registry.EntityEntry@369fb99a
[17:44:33] [Server thread/TRACE] [FML]:   Registry: 97 minecraft:snowman net.minecraftforge.fml.common.registry.EntityEntry@d08f85a
[17:44:33] [Server thread/TRACE] [FML]:   Registry: 98 minecraft:ocelot net.minecraftforge.fml.common.registry.EntityEntry@4f563f96
[17:44:33] [Server thread/TRACE] [FML]:   Registry: 99 minecraft:villager_golem net.minecraftforge.fml.common.registry.EntityEntry@2ba9f743
[17:44:33] [Server thread/TRACE] [FML]:   Registry: 100 minecraft:horse net.minecraftforge.fml.common.registry.EntityEntry@75f65d54
[17:44:33] [Server thread/TRACE] [FML]:   Registry: 101 minecraft:rabbit net.minecraftforge.fml.common.registry.EntityEntry@5f803481
[17:44:33] [Server thread/TRACE] [FML]:   Registry: 102 minecraft:polar_bear net.minecraftforge.fml.common.registry.EntityEntry@5ebf776c
[17:44:33] [Server thread/TRACE] [FML]:   Registry: 103 minecraft:llama net.minecraftforge.fml.common.registry.EntityEntry@84a9f65
[17:44:33] [Server thread/TRACE] [FML]:   Registry: 104 minecraft:llama_spit net.minecraftforge.fml.common.registry.EntityEntry@5fafa76d
[17:44:33] [Server thread/TRACE] [FML]:   Registry: 105 minecraft:parrot net.minecraftforge.fml.common.registry.EntityEntry@142918a0
[17:44:33] [Server thread/TRACE] [FML]:   Registry: 120 minecraft:villager net.minecraftforge.fml.common.registry.EntityEntry@175bf9c9
[17:44:33] [Server thread/TRACE] [FML]:   Registry: 200 minecraft:ender_crystal net.minecraftforge.fml.common.registry.EntityEntry@306c9b2c
[17:44:33] [Server thread/TRACE] [FML]: Sending event FMLModIdMappingEvent to mod minecraft
[17:44:33] [Server thread/TRACE] [FML]: Sent event FMLModIdMappingEvent to mod minecraft
[17:44:33] [Server thread/DEBUG] [FML]: Bar Step: ModIdMapping - Minecraft took 0.000s
[17:44:33] [Server thread/TRACE] [FML]: Sending event FMLModIdMappingEvent to mod mcp
[17:44:33] [Server thread/TRACE] [FML]: Sent event FMLModIdMappingEvent to mod mcp
[17:44:33] [Server thread/DEBUG] [FML]: Bar Step: ModIdMapping - Minecraft Coder Pack took 0.000s
[17:44:33] [Server thread/TRACE] [FML]: Sending event FMLModIdMappingEvent to mod mixinbooter
[17:44:33] [Server thread/TRACE] [FML]: Sent event FMLModIdMappingEvent to mod mixinbooter
[17:44:33] [Server thread/DEBUG] [FML]: Bar Step: ModIdMapping - MixinBooter took 0.000s
[17:44:33] [Server thread/TRACE] [FML]: Sending event FMLModIdMappingEvent to mod FML
[17:44:33] [Server thread/TRACE] [FML]: Sent event FMLModIdMappingEvent to mod FML
[17:44:33] [Server thread/DEBUG] [FML]: Bar Step: ModIdMapping - Forge Mod Loader took 0.000s
[17:44:33] [Server thread/TRACE] [FML]: Sending event FMLModIdMappingEvent to mod forge
[17:44:33] [Server thread/TRACE] [FML]: Sent event FMLModIdMappingEvent to mod forge
[17:44:33] [Server thread/DEBUG] [FML]: Bar Step: ModIdMapping - Minecraft Forge took 0.056s
[17:44:33] [Server thread/TRACE] [FML]: Sending event FMLModIdMappingEvent to mod appliedenergistics2
[17:44:33] [Server thread/TRACE] [FML]: Sent event FMLModIdMappingEvent to mod appliedenergistics2
[17:44:33] [Server thread/DEBUG] [FML]: Bar Step: ModIdMapping - AE2 Unofficial Extended Life took 0.000s
[17:44:33] [Server thread/TRACE] [FML]: Sending event FMLModIdMappingEvent to mod open_file
[17:44:33] [Server thread/TRACE] [FML]: Sent event FMLModIdMappingEvent to mod open_file
[17:44:33] [Server thread/DEBUG] [FML]: Bar Step: ModIdMapping - OpenFile took 0.000s
[17:44:33] [Server thread/TRACE] [FML]: Sending event FMLModIdMappingEvent to mod jei
[17:44:33] [Server thread/TRACE] [FML]: Sent event FMLModIdMappingEvent to mod jei
[17:44:33] [Server thread/DEBUG] [FML]: Bar Step: ModIdMapping - Had Enough Items took 0.000s
[17:44:33] [Server thread/DEBUG] [FML]: Bar Finished: ModIdMapping took 0.057s
[17:44:33] [Server thread/INFO] [FML]: Applying holder lookups
[17:44:33] [Server thread/INFO] [FML]: Holder lookups applied
[17:44:33] [Server thread/DEBUG] [FML]: Loading persistent fluid defaults from world
[17:44:33] [Server thread/DEBUG] [FML]: The fluid minecraft:lava has been selected as the default fluid for lava
[17:44:33] [Server thread/DEBUG] [FML]: The fluid minecraft:water has been selected as the default fluid for water
[17:44:33] [Server thread/INFO] [FML]: Loading dimension 0 (新的世界) (net.minecraft.server.integrated.IntegratedServer@45c841c3)
[17:44:33] [Server thread/INFO] [net.minecraft.advancements.AdvancementList]: Loaded 514 advancements
[17:44:33] [Server thread/INFO] [FML]: Loading dimension -1 (新的世界) (net.minecraft.server.integrated.IntegratedServer@45c841c3)
[17:44:33] [Server thread/INFO] [FML]: Loading dimension 1 (新的世界) (net.minecraft.server.integrated.IntegratedServer@45c841c3)
[17:44:33] [Server thread/INFO] [FML]: Loading dimension 2 (新的世界) (net.minecraft.server.integrated.IntegratedServer@45c841c3)
[17:44:33] [Server thread/INFO] [net.minecraft.server.MinecraftServer]: Preparing start region for level 0
[17:44:34] [Server thread/TRACE] [FML]: Sending event FMLServerStartingEvent to mod minecraft
[17:44:34] [Server thread/TRACE] [FML]: Sent event FMLServerStartingEvent to mod minecraft
[17:44:34] [Server thread/DEBUG] [FML]: Bar Step: ServerStarting - Minecraft took 0.000s
[17:44:34] [Server thread/TRACE] [FML]: Sending event FMLServerStartingEvent to mod mcp
[17:44:34] [Server thread/TRACE] [FML]: Sent event FMLServerStartingEvent to mod mcp
[17:44:34] [Server thread/DEBUG] [FML]: Bar Step: ServerStarting - Minecraft Coder Pack took 0.000s
[17:44:34] [Server thread/TRACE] [FML]: Sending event FMLServerStartingEvent to mod mixinbooter
[17:44:34] [Server thread/TRACE] [FML]: Sent event FMLServerStartingEvent to mod mixinbooter
[17:44:34] [Server thread/DEBUG] [FML]: Bar Step: ServerStarting - MixinBooter took 0.000s
[17:44:34] [Server thread/TRACE] [FML]: Sending event FMLServerStartingEvent to mod FML
[17:44:34] [Server thread/TRACE] [FML]: Sent event FMLServerStartingEvent to mod FML
[17:44:34] [Server thread/DEBUG] [FML]: Bar Step: ServerStarting - Forge Mod Loader took 0.000s
[17:44:34] [Server thread/TRACE] [FML]: Sending event FMLServerStartingEvent to mod forge
[17:44:34] [Server thread/TRACE] [FML]: Sent event FMLServerStartingEvent to mod forge
[17:44:34] [Server thread/DEBUG] [FML]: Bar Step: ServerStarting - Minecraft Forge took 0.007s
[17:44:34] [Server thread/TRACE] [FML]: Sending event FMLServerStartingEvent to mod appliedenergistics2
[17:44:34] [Server thread/TRACE] [FML]: Sent event FMLServerStartingEvent to mod appliedenergistics2
[17:44:34] [Server thread/DEBUG] [FML]: Bar Step: ServerStarting - AE2 Unofficial Extended Life took 0.001s
[17:44:34] [Server thread/TRACE] [FML]: Sending event FMLServerStartingEvent to mod open_file
[17:44:34] [Server thread/TRACE] [FML]: Sent event FMLServerStartingEvent to mod open_file
[17:44:34] [Server thread/DEBUG] [FML]: Bar Step: ServerStarting - OpenFile took 0.000s
[17:44:34] [Server thread/TRACE] [FML]: Sending event FMLServerStartingEvent to mod jei
[17:44:34] [Server thread/TRACE] [FML]: Sent event FMLServerStartingEvent to mod jei
[17:44:34] [Server thread/DEBUG] [FML]: Bar Step: ServerStarting - Had Enough Items took 0.001s
[17:44:34] [Server thread/DEBUG] [FML]: Bar Finished: ServerStarting took 0.010s
[17:44:34] [Server thread/TRACE] [FML]: Sending event FMLServerStartedEvent to mod minecraft
[17:44:34] [Server thread/TRACE] [FML]: Sent event FMLServerStartedEvent to mod minecraft
[17:44:34] [Server thread/DEBUG] [FML]: Bar Step: ServerStarted - Minecraft took 0.000s
[17:44:34] [Server thread/TRACE] [FML]: Sending event FMLServerStartedEvent to mod mcp
[17:44:34] [Server thread/TRACE] [FML]: Sent event FMLServerStartedEvent to mod mcp
[17:44:34] [Server thread/DEBUG] [FML]: Bar Step: ServerStarted - Minecraft Coder Pack took 0.000s
[17:44:34] [Server thread/TRACE] [FML]: Sending event FMLServerStartedEvent to mod mixinbooter
[17:44:34] [Server thread/TRACE] [FML]: Sent event FMLServerStartedEvent to mod mixinbooter
[17:44:34] [Server thread/DEBUG] [FML]: Bar Step: ServerStarted - MixinBooter took 0.000s
[17:44:34] [Server thread/TRACE] [FML]: Sending event FMLServerStartedEvent to mod FML
[17:44:34] [Server thread/TRACE] [FML]: Sent event FMLServerStartedEvent to mod FML
[17:44:34] [Server thread/DEBUG] [FML]: Bar Step: ServerStarted - Forge Mod Loader took 0.000s
[17:44:34] [Server thread/TRACE] [FML]: Sending event FMLServerStartedEvent to mod forge
[17:44:34] [Server thread/TRACE] [FML]: Sent event FMLServerStartedEvent to mod forge
[17:44:34] [Server thread/DEBUG] [FML]: Bar Step: ServerStarted - Minecraft Forge took 0.000s
[17:44:34] [Server thread/TRACE] [FML]: Sending event FMLServerStartedEvent to mod appliedenergistics2
[17:44:34] [Server thread/TRACE] [FML]: Sent event FMLServerStartedEvent to mod appliedenergistics2
[17:44:34] [Server thread/DEBUG] [FML]: Bar Step: ServerStarted - AE2 Unofficial Extended Life took 0.000s
[17:44:34] [Server thread/TRACE] [FML]: Sending event FMLServerStartedEvent to mod open_file
[17:44:34] [Server thread/TRACE] [FML]: Sent event FMLServerStartedEvent to mod open_file
[17:44:34] [Server thread/DEBUG] [FML]: Bar Step: ServerStarted - OpenFile took 0.000s
[17:44:34] [Server thread/TRACE] [FML]: Sending event FMLServerStartedEvent to mod jei
[17:44:34] [Server thread/TRACE] [FML]: Sent event FMLServerStartedEvent to mod jei
[17:44:34] [Server thread/DEBUG] [FML]: Bar Step: ServerStarted - Had Enough Items took 0.000s
[17:44:34] [Server thread/DEBUG] [FML]: Bar Finished: ServerStarted took 0.001s
[17:44:34] [Server thread/DEBUG] [FML]: Queueing dimension -1 to unload
[17:44:34] [Server thread/DEBUG] [FML]: Queueing dimension 1 to unload
[17:44:34] [Server thread/INFO] [FML]: Unloading dimension -1
[17:44:34] [Server thread/INFO] [FML]: Unloading dimension 1
[17:44:34] [Server thread/INFO] [net.minecraft.server.integrated.IntegratedServer]: Changing view distance to 12, from 10
[17:44:35] [Netty Local Client IO #0/TRACE] [FML]: Handshake channel activating
[17:44:35] [Netty Local Client IO #0/DEBUG] [FML]: FMLHandshakeClientState: null->FMLHandshakeClientState$1:START
[17:44:35] [Netty Local Client IO #0/DEBUG] [FML]:   Next: HELLO
[17:44:35] [Server thread/TRACE] [FML]: Handshake channel activating
[17:44:35] [Server thread/DEBUG] [FML]: FMLHandshakeServerState: null->FMLHandshakeServerState$1:START
[17:44:35] [Server thread/DEBUG] [FML]:   Next: HELLO
[17:44:35] [Netty Local Client IO #0/DEBUG] [FML]: Server FML protocol version 2, 4 byte dimension received 0
[17:44:35] [Netty Local Client IO #0/DEBUG] [FML]: FMLHandshakeClientState: $ServerHello->FMLHandshakeClientState$2:HELLO
[17:44:35] [Netty Local Client IO #0/DEBUG] [FML]:   Next: WAITINGSERVERDATA
[17:44:35] [Netty Local Client IO #0/INFO] [FML]: Server protocol version 2
[17:44:35] [Netty Local Client IO #0/DEBUG] [FML]: Received override dimension 0
[17:44:35] [Netty Server IO #1/DEBUG] [FML]: FMLHandshakeServerState: $ClientHello->FMLHandshakeServerState$2:HELLO
[17:44:35] [Netty Server IO #1/INFO] [FML]: Client protocol version 2
[17:44:35] [Netty Server IO #1/DEBUG] [FML]: FMLHandshakeServerState: $ModList:8 mods->FMLHandshakeServerState$2:HELLO
[17:44:35] [Netty Server IO #1/INFO] [FML]: Client attempting to join with 8 mods : minecraft@1.12.2,FML@8.0.99.99,open_file@1.0.0,forge@14.23.5.2847,mixinbooter@10.6,mcp@9.42,appliedenergistics2@v0.56.7,jei@4.31.2
[17:44:35] [Netty Server IO #1/DEBUG] [FML]:   Next: WAITINGCACK
[17:44:35] [Netty Local Client IO #0/DEBUG] [FML]: FMLHandshakeClientState: $ModList:8 mods->FMLHandshakeClientState$3:WAITINGSERVERDATA
[17:44:35] [Netty Local Client IO #0/DEBUG] [FML]:   Next: PENDINGCOMPLETE
[17:44:35] [Netty Server IO #1/DEBUG] [FML]: FMLHandshakeServerState: $HandshakeAck:{2}->FMLHandshakeServerState$3:WAITINGCACK
[17:44:35] [Netty Server IO #1/DEBUG] [FML]:   Next: COMPLETE
[17:44:35] [Netty Local Client IO #0/DEBUG] [FML]: FMLHandshakeClientState: $HandshakeAck:{2}->FMLHandshakeClientState$5:PENDINGCOMPLETE
[17:44:35] [Netty Local Client IO #0/DEBUG] [FML]:   Next: COMPLETE
[17:44:35] [Netty Server IO #1/DEBUG] [FML]: FMLHandshakeServerState: $HandshakeAck:{4}->FMLHandshakeServerState$4:COMPLETE
[17:44:35] [Netty Server IO #1/DEBUG] [FML]:   Next: DONE
[17:44:35] [Netty Local Client IO #0/DEBUG] [FML]: The fluid minecraft:lava has been selected as the default fluid for lava
[17:44:35] [Netty Local Client IO #0/DEBUG] [FML]: The fluid minecraft:water has been selected as the default fluid for water
[17:44:35] [Netty Local Client IO #0/DEBUG] [FML]: FMLHandshakeClientState: $HandshakeAck:{3}->FMLHandshakeClientState$6:COMPLETE
[17:44:35] [Netty Local Client IO #0/DEBUG] [FML]:   Next: DONE
[17:44:35] [Netty Server IO #1/DEBUG] [FML]: FMLHandshakeServerState: $HandshakeAck:{5}->FMLHandshakeServerState$5:DONE
[17:44:35] [Netty Local Client IO #0/INFO] [FML]: [Netty Local Client IO #0] Client side modded connection established
[17:44:35] [Netty Local Client IO #0/INFO] [Had Enough Items]: ElementSearch PrefixInfo{default} Storage Stats: GeneralizedSuffixTree:
Node size stats: 
IntSummaryStatistics{count=5620, sum=9670, min=0, average=1.720641, max=117}
Node edge stats: 
Edge counts: IntSummaryStatistics{count=5620, sum=5619, min=0, average=0.999822, max=665}
Edge lengths: IntSummaryStatistics{count=5619, sum=11920, min=1, average=2.121374, max=9}
[17:44:35] [Server thread/INFO] [FML]: [Server thread] Server side modded connection established
[17:44:35] [Server thread/INFO] [net.minecraft.server.management.PlayerList]: Developer[local:E:1a526aa6] logged in with entity id 405 at (-172.09631738289087, 64.0, 97.64792470128359)
[17:44:35] [Server thread/INFO] [net.minecraft.server.MinecraftServer]: Developer加入了游戏
[17:44:35] [Netty Local Client IO #0/INFO] [Had Enough Items]: ElementSearch PrefixInfo{tooltip} Storage Stats: GeneralizedSuffixTree:
Node size stats: 
IntSummaryStatistics{count=1705, sum=5094, min=0, average=2.987683, max=139}
Node edge stats: 
Edge counts: IntSummaryStatistics{count=1705, sum=1704, min=0, average=0.999413, max=237}
Edge lengths: IntSummaryStatistics{count=1704, sum=5883, min=1, average=3.452465, max=26}
[17:44:35] [Netty Local Client IO #0/INFO] [Had Enough Items]: ElementSearch PrefixInfo{mod_name} Storage Stats: LimitedStringStorage: GeneralizedSuffixTree:
Node size stats: 
IntSummaryStatistics{count=70, sum=53, min=0, average=0.757143, max=1}
Node edge stats: 
Edge counts: IntSummaryStatistics{count=70, sum=69, min=0, average=0.985714, max=18}
Edge lengths: IntSummaryStatistics{count=69, sum=519, min=1, average=7.521739, max=24}
[17:44:35] [Client thread/DEBUG] [FML]: Overriding dimension: using 0
[17:44:36] [Server thread/INFO] [net.minecraft.server.integrated.IntegratedServer]: Saving and pausing game...
[17:44:36] [Server thread/INFO] [net.minecraft.server.MinecraftServer]: Saving chunks for level '新的世界'/overworld
[17:44:36] [Server thread/DEBUG] [FML]: Gathering id map for writing to world save 新的世界
[17:44:36] [Client thread/INFO] [net.minecraft.advancements.AdvancementList]: Loaded 54 advancements
[17:44:36] [Server thread/INFO] [net.minecraft.server.MinecraftServer]: Saving chunks for level '新的世界'/Storage Cell
